Record_ID,Timestamp,Location_ID,Vehicle_Type,Speed_kmh,Traffic_Volume,Weather_Condition,Lane_Number
TRF-100000,2025-01-01 00:00:00,107,car,45.8,567.0,clear,Express Lane
TRF-100001,2025-01-01 01:00:00,104,car,65.4,372.0,clear,Lane 1
TRF-100002,2025-01-01 02:00:00,105,truck,64.9,169.0,foggy,Express Lane
TRF-100003,2025-01-01 03:00:00,107,car,50.1,102.0,rainy,Express Lane
TRF-100004,2025-01-01 04:00:00,103,truck,31.7,457.0,foggy,Express Lane
TRF-100005,2025-01-01 05:00:00,108,van,37.8,1012.0,foggy,Express Lane
TRF-100006,2025-01-01 06:00:00,105,car,19.6,629.0,clear,Lane 2
TRF-100007,2025-01-01 07:00:00,105,car,42.0,126.0,snowy,Lane 3
TRF-100008,2025-01-01 08:00:00,107,truck,16.2,507.0,clear,Lane 2
TRF-100009,2025-01-01 09:00:00,102,truck,51.9,1051.0,clear,Lane 1
TRF-100010,2025-01-01 10:00:00,103,van,53.3,520.0,foggy,Lane 1
TRF-100011,2025-01-01 11:00:00,107,car,66.1,435.0,clear,Lane 2
TRF-100012,2025-01-01 12:00:00,103,bus,26.0,744.0,foggy,Lane 1
TRF-100013,2025-01-01 13:00:00,103,truck,27.3,476.0,clear,Express Lane
TRF-100014,2025-01-01 14:00:00,108,bus,75.4,728.0,clear,Lane 3
TRF-100015,2025-01-01 15:00:00,105,car,23.4,1073.0,clear,Lane 1
TRF-100016,2025-01-01 16:00:00,104,truck,84.9,614.0,foggy,Express Lane
TRF-100017,2025-01-01 17:00:00,108,truck,31.4,456.0,foggy,Lane 3
TRF-100018,2025-01-01 18:00:00,108,van,31.5,983.0,clear,Lane 1
TRF-100019,2025-01-01 19:00:00,103,car,63.2,560.0,clear,Lane 3
TRF-100020,2025-01-01 20:00:00,106,bike,57.9,623.0,clear,Lane 2
TRF-100021,2025-01-01 21:00:00,105,car,77.5,385.0,foggy,Lane 2
TRF-100022,2025-01-01 22:00:00,102,motorcycle,14.0,56.0,clear,Lane 1
TRF-100023,2025-01-01 23:00:00,108,motorcycle,57.6,485.0,snowy,Lane 1
TRF-100024,2025-01-02 00:00:00,104,truck,47.2,141.0,clear,Lane 2
TRF-100025,2025-01-02 01:00:00,106,car,28.6,776.0,clear,Lane 3
TRF-100026,2025-01-02 02:00:00,106,motorcycle,81.9,404.0,clear,Express Lane
TRF-100027,2025-01-02 03:00:00,102,motorcycle,52.2,874.0,clear,Lane 2
TRF-100028,2025-01-02 04:00:00,108,bus,46.9,155.0,clear,Lane 1
TRF-100029,2025-01-02 05:00:00,104,bike,56.2,1060.0,cloudy,Lane 2
TRF-100030,2025-01-02 06:00:00,105,van,16.9,591.0,foggy,Lane 2
TRF-100031,2025-01-02 07:00:00,101,bus,25.5,607.0,rainy,Lane 1
TRF-100032,2025-01-02 08:00:00,104,bike,42.0,391.0,clear,Express Lane
TRF-100033,2025-01-02 09:00:00,102,van,53.7,708.0,rainy,Lane 1
TRF-100034,2025-01-02 10:00:00,106,truck,70.9,1012.0,clear,Lane 1
TRF-100035,2025-01-02 11:00:00,105,bus,32.1,793.0,rainy,Lane 2
TRF-100036,2025-01-02 12:00:00,104,car,28.0,804.0,clear,Express Lane
TRF-100037,2025-01-02 13:00:00,101,motorcycle,57.0,829.0,rainy,Lane 3
TRF-100038,2025-01-02 14:00:00,101,van,45.6,304.0,foggy,Lane 2
TRF-100039,2025-01-02 15:00:00,103,car,13.4,425.0,clear,Lane 3
TRF-100040,2025-01-02 16:00:00,103,motorcycle,47.9,560.0,cloudy,Lane 3
TRF-100041,2025-01-02 17:00:00,107,bus,44.7,521.0,clear,Lane 3
TRF-100042,2025-01-02 18:00:00,102,bus,45.2,406.0,cloudy,Lane 1
TRF-100043,2025-01-02 19:00:00,108,bus,49.6,688.0,cloudy,Express Lane
TRF-100044,2025-01-02 20:00:00,104,van,24.6,560.0,foggy,Lane 1
TRF-100045,2025-01-02 21:00:00,104,bike,45.6,868.0,clear,Express Lane
TRF-100046,2025-01-02 22:00:00,108,bus,65.0,349.0,foggy,Lane 1
TRF-100047,2025-01-02 23:00:00,107,bike,5.0,254.0,cloudy,Lane 3
TRF-100048,2025-01-03 00:00:00,106,car,42.9,485.0,clear,Lane 3
TRF-100049,2025-01-03 01:00:00,106,car,18.1,680.0,clear,Lane 3
TRF-100050,2025-01-03 02:00:00,107,truck,47.4,446.0,foggy,Lane 2
TRF-100051,2025-01-03 03:00:00,106,car,20.9,833.0,rainy,Lane 3
TRF-100052,2025-01-03 04:00:00,103,truck,50.4,808.0,rainy,Lane 1
TRF-100053,2025-01-03 05:00:00,104,motorcycle,77.3,827.0,foggy,Lane 2
TRF-100054,2025-01-03 06:00:00,107,bus,30.4,638.0,snowy,Lane 3
TRF-100055,2025-01-03 07:00:00,104,car,33.0,822.0,foggy,Express Lane
TRF-100056,2025-01-03 08:00:00,108,bus,39.5,1044.0,snowy,Lane 1
TRF-100057,2025-01-03 09:00:00,101,bus,53.7,627.0,clear,Lane 3
TRF-100058,2025-01-03 10:00:00,103,bike,29.7,1002.0,foggy,Lane 1
TRF-100059,2025-01-03 11:00:00,105,truck,41.2,35.0,clear,Lane 1
TRF-100060,2025-01-03 12:00:00,103,car,35.9,339.0,foggy,Lane 1
TRF-100061,2025-01-03 13:00:00,107,van,39.6,814.0,foggy,Lane 3
TRF-100062,2025-01-03 14:00:00,105,bus,53.9,885.0,clear,Lane 1
TRF-100063,2025-01-03 15:00:00,101,truck,57.9,934.0,snowy,Lane 3
TRF-100064,2025-01-03 16:00:00,107,truck,21.4,1055.0,clear,Lane 1
TRF-100065,2025-01-03 17:00:00,102,bus,53.9,803.0,snowy,Express Lane
TRF-100066,2025-01-03 18:00:00,104,bus,104.6,783.0,foggy,Lane 3
TRF-100067,2025-01-03 19:00:00,101,car,75.8,852.0,foggy,Express Lane
TRF-100068,2025-01-03 20:00:00,104,car,36.4,87.0,clear,Lane 2
TRF-100069,2025-01-03 21:00:00,106,car,50.4,547.0,foggy,Express Lane
TRF-100070,2025-01-03 22:00:00,102,car,47.4,59.0,rainy,Express Lane
TRF-100071,2025-01-03 23:00:00,102,car,56.3,180.0,rainy,Lane 1
TRF-100072,2025-01-04 00:00:00,101,car,40.4,577.0,clear,Lane 3
TRF-100073,2025-01-04 01:00:00,102,bus,43.2,139.0,clear,Lane 3
TRF-100074,2025-01-04 02:00:00,105,car,34.8,270.0,snowy,Lane 3
TRF-100075,2025-01-04 03:00:00,102,bike,67.7,1083.0,clear,Lane 1
TRF-100076,2025-01-04 04:00:00,104,car,53.6,495.0,clear,Lane 2
TRF-100077,2025-01-04 05:00:00,104,truck,53.7,494.0,cloudy,Express Lane
TRF-100078,2025-01-04 06:00:00,107,bike,69.9,266.0,foggy,Express Lane
TRF-100079,2025-01-04 07:00:00,104,truck,70.2,403.0,cloudy,Lane 1
TRF-100080,2025-01-04 08:00:00,107,car,66.8,629.0,clear,Lane 1
TRF-100081,2025-01-04 09:00:00,104,bus,69.7,545.0,clear,Lane 2
TRF-100082,2025-01-04 10:00:00,105,motorcycle,76.1,281.0,foggy,Express Lane
TRF-100083,2025-01-04 11:00:00,108,bus,30.6,592.0,clear,Lane 2
TRF-100084,2025-01-04 12:00:00,107,bus,42.6,565.0,clear,Lane 2
TRF-100085,2025-01-04 13:00:00,103,car,60.8,1099.0,cloudy,Lane 1
TRF-100086,2025-01-04 14:00:00,106,bus,32.1,657.0,rainy,Lane 2
TRF-100087,2025-01-04 15:00:00,101,motorcycle,41.5,636.0,rainy,Express Lane
TRF-100088,2025-01-04 16:00:00,104,bus,47.9,464.0,clear,Lane 2
TRF-100089,2025-01-04 17:00:00,102,car,43.9,640.0,rainy,Express Lane
TRF-100090,2025-01-04 18:00:00,108,car,49.2,305.0,rainy,Lane 2
TRF-100091,2025-01-04 19:00:00,104,truck,27.4,877.0,rainy,Lane 1
TRF-100092,2025-01-04 20:00:00,102,car,47.3,933.0,cloudy,Express Lane
TRF-100093,2025-01-04 21:00:00,106,truck,50.4,696.0,clear,Express Lane
TRF-100094,2025-01-04 22:00:00,106,bike,77.1,811.0,clear,Lane 2
TRF-100095,2025-01-04 23:00:00,106,truck,43.2,862.0,clear,Express Lane
TRF-100096,2025-01-05 00:00:00,102,truck,36.3,533.0,clear,Lane 1
TRF-100097,2025-01-05 01:00:00,104,motorcycle,60.8,305.0,rainy,Lane 2
TRF-100098,2025-01-05 02:00:00,106,car,5.0,355.0,clear,Lane 2
TRF-100099,2025-01-05 03:00:00,105,bus,42.3,586.0,clear,Lane 3
TRF-100100,2025-01-05 04:00:00,107,bike,38.8,542.0,clear,Lane 3
TRF-100101,2025-01-05 05:00:00,102,car,52.7,324.0,clear,Express Lane
TRF-100102,2025-01-05 06:00:00,102,bike,70.4,404.0,rainy,Lane 1
TRF-100103,2025-01-05 07:00:00,104,truck,75.9,85.0,snowy,Lane 3
TRF-100104,2025-01-05 08:00:00,102,truck,52.4,941.0,clear,Lane 3
TRF-100105,2025-01-05 09:00:00,102,motorcycle,20.1,49.0,clear,Lane 3
TRF-100106,2025-01-05 10:00:00,106,car,38.7,881.0,clear,Lane 1
TRF-100107,2025-01-05 11:00:00,104,bike,40.7,620.0,snowy,Lane 2
TRF-100108,2025-01-05 12:00:00,106,bike,54.6,950.0,clear,Lane 1
TRF-100109,2025-01-05 13:00:00,107,truck,49.0,395.0,cloudy,Lane 3
TRF-100110,2025-01-05 14:00:00,108,car,35.6,30.0,rainy,Lane 1
TRF-100111,2025-01-05 15:00:00,107,bus,25.5,942.0,cloudy,Express Lane
TRF-100112,2025-01-05 16:00:00,108,truck,32.4,877.0,clear,Lane 1
TRF-100113,2025-01-05 17:00:00,106,truck,31.7,754.0,snowy,Express Lane
TRF-100114,2025-01-05 18:00:00,107,motorcycle,77.2,789.0,foggy,Lane 1
TRF-100115,2025-01-05 19:00:00,104,van,34.1,256.0,rainy,Express Lane
TRF-100116,2025-01-05 20:00:00,101,truck,49.1,1077.0,clear,Lane 2
TRF-100117,2025-01-05 21:00:00,106,car,65.4,731.0,foggy,Lane 2
TRF-100118,2025-01-05 22:00:00,108,car,51.5,337.0,clear,Lane 3
TRF-100119,2025-01-05 23:00:00,105,bus,28.5,991.0,rainy,Express Lane
TRF-100120,2025-01-06 00:00:00,108,bike,65.7,598.0,rainy,Lane 2
TRF-100121,2025-01-06 01:00:00,105,bike,54.4,650.0,foggy,Express Lane
TRF-100122,2025-01-06 02:00:00,102,car,8.7,682.0,clear,Lane 3
TRF-100123,2025-01-06 03:00:00,107,car,70.4,826.0,clear,Lane 2
TRF-100124,2025-01-06 04:00:00,105,truck,63.7,509.0,rainy,Lane 3
TRF-100125,2025-01-06 05:00:00,108,motorcycle,54.1,931.0,rainy,Express Lane
TRF-100126,2025-01-06 06:00:00,102,bike,77.4,926.0,foggy,Lane 1
TRF-100127,2025-01-06 07:00:00,101,bike,63.3,949.0,foggy,Lane 3
TRF-100128,2025-01-06 08:00:00,104,car,68.3,615.0,clear,Lane 2
TRF-100129,2025-01-06 09:00:00,104,bus,66.7,291.0,clear,Lane 3
TRF-100130,2025-01-06 10:00:00,104,car,61.6,433.0,clear,Lane 2
TRF-100131,2025-01-06 11:00:00,105,van,15.8,724.0,cloudy,Lane 1
TRF-100132,2025-01-06 12:00:00,101,car,47.9,815.0,foggy,Lane 1
TRF-100133,2025-01-06 13:00:00,105,truck,63.3,306.0,foggy,Lane 2
TRF-100134,2025-01-06 14:00:00,107,truck,70.2,706.0,rainy,Lane 3
TRF-100135,2025-01-06 15:00:00,105,bike,35.3,246.0,rainy,Lane 1
TRF-100136,2025-01-06 16:00:00,101,truck,28.0,219.0,cloudy,Lane 3
TRF-100137,2025-01-06 17:00:00,101,bus,52.7,1071.0,rainy,Lane 1
TRF-100138,2025-01-06 18:00:00,107,car,21.9,773.0,rainy,Lane 1
TRF-100139,2025-01-06 19:00:00,101,bus,45.0,272.0,cloudy,Lane 3
TRF-100140,2025-01-06 20:00:00,108,car,41.6,82.0,snowy,Lane 2
TRF-100141,2025-01-06 21:00:00,101,car,47.9,591.0,cloudy,Lane 2
TRF-100142,2025-01-06 22:00:00,104,truck,81.9,801.0,snowy,Lane 2
TRF-100143,2025-01-06 23:00:00,108,bus,36.6,348.0,cloudy,Lane 2
TRF-100144,2025-01-07 00:00:00,108,truck,49.0,736.0,cloudy,Lane 3
TRF-100145,2025-01-07 01:00:00,107,car,24.4,277.0,clear,Express Lane
TRF-100146,2025-01-07 02:00:00,103,truck,64.9,206.0,clear,Lane 3
TRF-100147,2025-01-07 03:00:00,103,truck,44.8,42.0,foggy,Express Lane
TRF-100148,2025-01-07 04:00:00,101,bus,69.2,318.0,foggy,Lane 1
TRF-100149,2025-01-07 05:00:00,108,truck,5.0,460.0,clear,Lane 1
TRF-100150,2025-01-07 06:00:00,103,motorcycle,47.0,605.0,clear,Express Lane
TRF-100151,2025-01-07 07:00:00,103,bike,50.4,63.0,cloudy,Lane 1
TRF-100152,2025-01-07 08:00:00,101,truck,64.4,670.0,cloudy,Lane 3
TRF-100153,2025-01-07 09:00:00,103,car,36.4,162.0,clear,Express Lane
TRF-100154,2025-01-07 10:00:00,105,motorcycle,62.2,926.0,cloudy,Lane 1
TRF-100155,2025-01-07 11:00:00,102,bike,38.5,1011.0,snowy,Lane 3
TRF-100156,2025-01-07 12:00:00,107,truck,49.7,430.0,foggy,Express Lane
TRF-100157,2025-01-07 13:00:00,102,motorcycle,64.6,635.0,foggy,Lane 3
TRF-100158,2025-01-07 14:00:00,101,truck,31.3,640.0,cloudy,Express Lane
TRF-100159,2025-01-07 15:00:00,104,bike,61.3,670.0,cloudy,Lane 3
TRF-100160,2025-01-07 16:00:00,107,car,54.0,161.0,snowy,Lane 1
TRF-100161,2025-01-07 17:00:00,101,bike,42.0,422.0,clear,Express Lane
TRF-100162,2025-01-07 18:00:00,108,bike,36.0,842.0,clear,Express Lane
TRF-100163,2025-01-07 19:00:00,104,bus,10.2,957.0,cloudy,Lane 2
TRF-100164,2025-01-07 20:00:00,102,bus,46.6,610.0,clear,Lane 3
TRF-100165,2025-01-07 21:00:00,101,car,42.0,43.0,snowy,Lane 1
TRF-100166,2025-01-07 22:00:00,108,truck,59.5,464.0,rainy,Express Lane
TRF-100167,2025-01-07 23:00:00,107,car,57.7,503.0,foggy,Lane 1
TRF-100168,2025-01-08 00:00:00,107,van,67.3,180.0,rainy,Lane 2
TRF-100169,2025-01-08 01:00:00,106,truck,67.9,499.0,snowy,Express Lane
TRF-100170,2025-01-08 02:00:00,108,motorcycle,104.8,440.0,foggy,Express Lane
TRF-100171,2025-01-08 03:00:00,105,bike,57.2,374.0,rainy,Lane 3
TRF-100172,2025-01-08 04:00:00,103,truck,32.5,833.0,clear,Express Lane
TRF-100173,2025-01-08 05:00:00,104,truck,62.9,573.0,foggy,Lane 3
TRF-100174,2025-01-08 06:00:00,108,truck,76.9,223.0,clear,Lane 1
TRF-100175,2025-01-08 07:00:00,106,truck,56.5,967.0,rainy,Lane 3
TRF-100176,2025-01-08 08:00:00,103,car,9.8,658.0,clear,Lane 2
TRF-100177,2025-01-08 09:00:00,103,van,58.0,459.0,clear,Lane 3
TRF-100178,2025-01-08 10:00:00,101,truck,36.7,246.0,snowy,Lane 1
TRF-100179,2025-01-08 11:00:00,103,bike,24.2,1050.0,snowy,Lane 3
TRF-100180,2025-01-08 12:00:00,105,bike,51.4,999.0,foggy,Express Lane
TRF-100181,2025-01-08 13:00:00,107,car,20.5,514.0,cloudy,Lane 3
TRF-100182,2025-01-08 14:00:00,106,bus,66.4,630.0,clear,Express Lane
TRF-100183,2025-01-08 15:00:00,103,bike,61.2,389.0,clear,Express Lane
TRF-100184,2025-01-08 16:00:00,101,bus,46.4,698.0,clear,Express Lane
TRF-100185,2025-01-08 17:00:00,105,truck,38.1,450.0,foggy,Lane 3
TRF-100186,2025-01-08 18:00:00,102,van,44.7,610.0,foggy,Express Lane
TRF-100187,2025-01-08 19:00:00,107,bike,29.8,811.0,foggy,Lane 3
TRF-100188,2025-01-08 20:00:00,107,car,46.6,546.0,clear,Lane 1
TRF-100189,2025-01-08 21:00:00,106,car,5.0,272.0,rainy,Express Lane
TRF-100190,2025-01-08 22:00:00,107,bus,49.6,659.0,snowy,Lane 1
TRF-100191,2025-01-08 23:00:00,103,bike,50.1,1046.0,snowy,Lane 3
TRF-100192,2025-01-09 00:00:00,101,truck,63.2,201.0,clear,Express Lane
TRF-100193,2025-01-09 01:00:00,107,van,53.4,684.0,clear,Lane 1
TRF-100194,2025-01-09 02:00:00,107,bus,65.6,798.0,clear,Lane 1
TRF-100195,2025-01-09 03:00:00,102,bike,57.8,489.0,clear,Express Lane
TRF-100196,2025-01-09 04:00:00,102,bike,66.7,561.0,foggy,Lane 1
TRF-100197,2025-01-09 05:00:00,104,bike,95.2,320.0,clear,Lane 3
TRF-100198,2025-01-09 06:00:00,105,truck,55.6,688.0,foggy,Express Lane
TRF-100199,2025-01-09 07:00:00,103,bus,51.3,881.0,foggy,Express Lane
TRF-100200,2025-01-09 08:00:00,107,truck,69.4,583.0,clear,Express Lane
TRF-100201,2025-01-09 09:00:00,108,bus,39.6,457.0,clear,Express Lane
TRF-100202,2025-01-09 10:00:00,107,bike,45.9,500.0,foggy,Lane 3
TRF-100203,2025-01-09 11:00:00,101,truck,55.6,895.0,foggy,Lane 3
TRF-100204,2025-01-09 12:00:00,104,truck,49.3,542.0,foggy,Lane 3
TRF-100205,2025-01-09 13:00:00,105,bike,49.2,353.0,clear,Express Lane
TRF-100206,2025-01-09 14:00:00,108,van,64.2,284.0,foggy,Lane 2
TRF-100207,2025-01-09 15:00:00,104,motorcycle,17.5,750.0,clear,Lane 3
TRF-100208,2025-01-09 16:00:00,106,bus,84.6,619.0,clear,Express Lane
TRF-100209,2025-01-09 17:00:00,105,bike,56.7,80.0,rainy,Express Lane
TRF-100210,2025-01-09 18:00:00,107,motorcycle,40.8,829.0,foggy,Express Lane
TRF-100211,2025-01-09 19:00:00,107,bike,77.3,129.0,clear,Lane 3
TRF-100212,2025-01-09 20:00:00,105,car,47.9,493.0,snowy,Lane 3
TRF-100213,2025-01-09 21:00:00,107,bus,50.3,528.0,rainy,Lane 2
TRF-100214,2025-01-09 22:00:00,103,bus,44.1,944.0,foggy,Lane 3
TRF-100215,2025-01-09 23:00:00,105,bus,74.4,266.0,clear,Lane 2
TRF-100216,2025-01-10 00:00:00,104,truck,47.8,501.0,rainy,Lane 2
TRF-100217,2025-01-10 01:00:00,105,truck,37.9,186.0,rainy,Lane 3
TRF-100218,2025-01-10 02:00:00,108,truck,66.0,327.0,clear,Express Lane
TRF-100219,2025-01-10 03:00:00,107,car,69.3,1067.0,clear,Lane 3
TRF-100220,2025-01-10 04:00:00,103,truck,76.9,145.0,foggy,Lane 2
TRF-100221,2025-01-10 05:00:00,103,bike,59.4,168.0,clear,Express Lane
TRF-100222,2025-01-10 06:00:00,106,van,68.6,104.0,foggy,Lane 1
TRF-100223,2025-01-10 07:00:00,104,van,43.3,844.0,rainy,Lane 2
TRF-100224,2025-01-10 08:00:00,102,truck,66.5,1077.0,cloudy,Express Lane
TRF-100225,2025-01-10 09:00:00,102,car,61.4,435.0,clear,Lane 2
TRF-100226,2025-01-10 10:00:00,105,bus,57.5,980.0,foggy,Lane 3
TRF-100227,2025-01-10 11:00:00,106,motorcycle,20.0,596.0,snowy,Express Lane
TRF-100228,2025-01-10 12:00:00,101,van,41.0,355.0,clear,Lane 3
TRF-100229,2025-01-10 13:00:00,105,bike,47.2,358.0,clear,Express Lane
TRF-100230,2025-01-10 14:00:00,106,bus,57.6,118.0,snowy,Lane 1
TRF-100231,2025-01-10 15:00:00,104,car,91.2,44.0,foggy,Lane 2
TRF-100232,2025-01-10 16:00:00,104,car,63.5,663.0,clear,Express Lane
TRF-100233,2025-01-10 17:00:00,104,truck,33.4,207.0,rainy,Lane 2
TRF-100234,2025-01-10 18:00:00,104,bike,39.4,298.0,foggy,Lane 1
TRF-100235,2025-01-10 19:00:00,104,truck,73.0,368.0,clear,Express Lane
TRF-100236,2025-01-10 20:00:00,106,truck,38.6,421.0,cloudy,Express Lane
TRF-100237,2025-01-10 21:00:00,106,car,66.3,170.0,rainy,Lane 1
TRF-100238,2025-01-10 22:00:00,103,van,50.1,198.0,foggy,Lane 2
TRF-100239,2025-01-10 23:00:00,108,bike,45.0,1070.0,rainy,Lane 2
TRF-100240,2025-01-11 00:00:00,102,van,38.8,34.0,snowy,Lane 1
TRF-100241,2025-01-11 01:00:00,107,bus,5.0,648.0,clear,Lane 3
TRF-100242,2025-01-11 02:00:00,104,bus,57.7,798.0,clear,Lane 2
TRF-100243,2025-01-11 03:00:00,101,car,29.1,709.0,cloudy,Lane 2
TRF-100244,2025-01-11 04:00:00,107,bike,22.5,492.0,snowy,Lane 2
TRF-100245,2025-01-11 05:00:00,106,van,52.5,411.0,clear,Express Lane
TRF-100246,2025-01-11 06:00:00,101,motorcycle,66.5,511.0,clear,Express Lane
TRF-100247,2025-01-11 07:00:00,101,car,17.5,654.0,foggy,Lane 2
TRF-100248,2025-01-11 08:00:00,101,car,66.1,505.0,clear,Lane 1
TRF-100249,2025-01-11 09:00:00,103,truck,31.7,494.0,clear,Express Lane
TRF-100250,2025-01-11 10:00:00,106,truck,59.7,523.0,snowy,Express Lane
TRF-100251,2025-01-11 11:00:00,101,car,58.4,564.0,snowy,Lane 1
TRF-100252,2025-01-11 12:00:00,104,car,44.3,660.0,foggy,Lane 1
TRF-100253,2025-01-11 13:00:00,105,truck,48.5,311.0,foggy,Express Lane
TRF-100254,2025-01-11 14:00:00,101,bus,40.9,860.0,clear,Lane 1
TRF-100255,2025-01-11 15:00:00,103,car,52.7,459.0,rainy,Lane 1
TRF-100256,2025-01-11 16:00:00,107,motorcycle,52.6,610.0,clear,Lane 3
TRF-100257,2025-01-11 17:00:00,106,truck,31.4,887.0,cloudy,Lane 3
TRF-100258,2025-01-11 18:00:00,108,car,23.6,282.0,clear,Lane 3
TRF-100259,2025-01-11 19:00:00,103,car,66.2,592.0,clear,Lane 3
TRF-100260,2025-01-11 20:00:00,101,bike,51.7,1096.0,clear,Lane 1
TRF-100261,2025-01-11 21:00:00,106,bus,63.7,566.0,clear,Lane 1
TRF-100262,2025-01-11 22:00:00,105,truck,35.9,927.0,rainy,Express Lane
TRF-100263,2025-01-11 23:00:00,101,truck,33.2,299.0,foggy,Lane 3
TRF-100264,2025-01-12 00:00:00,103,truck,29.8,645.0,clear,Lane 1
TRF-100265,2025-01-12 01:00:00,102,van,44.7,965.0,clear,Express Lane
TRF-100266,2025-01-12 02:00:00,104,bike,52.2,324.0,clear,Express Lane
TRF-100267,2025-01-12 03:00:00,108,van,38.2,912.0,clear,Lane 1
TRF-100268,2025-01-12 04:00:00,107,bus,76.2,501.0,foggy,Lane 2
TRF-100269,2025-01-12 05:00:00,103,bus,36.4,846.0,clear,Lane 2
TRF-100270,2025-01-12 06:00:00,106,bus,52.5,74.0,clear,Lane 3
TRF-100271,2025-01-12 07:00:00,108,car,32.1,828.0,clear,Lane 1
TRF-100272,2025-01-12 08:00:00,108,bus,35.9,909.0,clear,Lane 2
TRF-100273,2025-01-12 09:00:00,108,van,46.4,707.0,rainy,Lane 1
TRF-100274,2025-01-12 10:00:00,101,van,33.0,236.0,cloudy,Lane 2
TRF-100275,2025-01-12 11:00:00,104,car,49.6,965.0,rainy,Lane 3
TRF-100276,2025-01-12 12:00:00,101,truck,55.9,471.0,rainy,Lane 1
TRF-100277,2025-01-12 13:00:00,106,truck,67.7,296.0,clear,Lane 1
TRF-100278,2025-01-12 14:00:00,101,motorcycle,28.6,428.0,clear,Lane 2
TRF-100279,2025-01-12 15:00:00,102,truck,51.0,253.0,clear,Lane 3
TRF-100280,2025-01-12 16:00:00,104,bike,46.9,694.0,clear,Express Lane
TRF-100281,2025-01-12 17:00:00,104,bus,14.7,964.0,snowy,Lane 2
TRF-100282,2025-01-12 18:00:00,106,motorcycle,27.7,255.0,rainy,Express Lane
TRF-100283,2025-01-12 19:00:00,107,car,56.5,229.0,clear,Lane 3
TRF-100284,2025-01-12 20:00:00,102,motorcycle,23.7,533.0,cloudy,Express Lane
TRF-100285,2025-01-12 21:00:00,103,motorcycle,46.7,40.0,rainy,Lane 3
TRF-100286,2025-01-12 22:00:00,101,truck,9.8,938.0,snowy,Lane 3
TRF-100287,2025-01-12 23:00:00,105,bus,46.1,866.0,clear,Express Lane
TRF-100288,2025-01-13 00:00:00,101,motorcycle,11.0,1008.0,clear,Express Lane
TRF-100289,2025-01-13 01:00:00,108,bike,37.1,306.0,clear,Lane 1
TRF-100290,2025-01-13 02:00:00,101,truck,40.1,1056.0,clear,Express Lane
TRF-100291,2025-01-13 03:00:00,103,truck,50.2,958.0,rainy,Lane 2
TRF-100292,2025-01-13 04:00:00,101,motorcycle,43.5,819.0,clear,Lane 1
TRF-100293,2025-01-13 05:00:00,102,car,25.8,34.0,clear,Express Lane
TRF-100294,2025-01-13 06:00:00,102,bus,26.1,550.0,clear,Lane 1
TRF-100295,2025-01-13 07:00:00,104,van,18.9,309.0,clear,Lane 1
TRF-100296,2025-01-13 08:00:00,106,van,51.7,1001.0,rainy,Lane 3
TRF-100297,2025-01-13 09:00:00,107,car,50.9,346.0,rainy,Lane 3
TRF-100298,2025-01-13 10:00:00,105,bike,60.0,156.0,foggy,Lane 3
TRF-100299,2025-01-13 11:00:00,108,van,39.0,333.0,clear,Lane 3
TRF-100300,2025-01-13 12:00:00,101,motorcycle,16.8,778.0,snowy,Lane 3
TRF-100301,2025-01-13 13:00:00,101,van,42.3,760.0,cloudy,Lane 3
TRF-100302,2025-01-13 14:00:00,103,bus,48.2,519.0,clear,Lane 1
TRF-100303,2025-01-13 15:00:00,106,bus,27.0,466.0,foggy,Lane 3
TRF-100304,2025-01-13 16:00:00,102,car,28.7,1091.0,cloudy,Lane 2
TRF-100305,2025-01-13 17:00:00,105,bus,56.1,512.0,snowy,Express Lane
TRF-100306,2025-01-13 18:00:00,104,bike,49.8,560.0,clear,Express Lane
TRF-100307,2025-01-13 19:00:00,102,truck,68.4,344.0,clear,Lane 3
TRF-100308,2025-01-13 20:00:00,108,truck,79.0,968.0,clear,Lane 1
TRF-100309,2025-01-13 21:00:00,106,truck,20.9,46.0,clear,Lane 2
TRF-100310,2025-01-13 22:00:00,108,bike,40.5,969.0,snowy,Lane 1
TRF-100311,2025-01-13 23:00:00,107,truck,50.2,1009.0,foggy,Lane 1
TRF-100312,2025-01-14 00:00:00,104,van,54.5,476.0,clear,Lane 2
TRF-100313,2025-01-14 01:00:00,107,bike,66.3,308.0,clear,Lane 3
TRF-100314,2025-01-14 02:00:00,103,bus,61.1,481.0,cloudy,Express Lane
TRF-100315,2025-01-14 03:00:00,108,bus,68.5,695.0,rainy,Express Lane
TRF-100316,2025-01-14 04:00:00,103,van,49.1,635.0,snowy,Express Lane
TRF-100317,2025-01-14 05:00:00,101,motorcycle,36.7,58.0,clear,Lane 1
TRF-100318,2025-01-14 06:00:00,107,motorcycle,83.1,1063.0,clear,Lane 1
TRF-100319,2025-01-14 07:00:00,106,truck,50.8,831.0,foggy,Express Lane
TRF-100320,2025-01-14 08:00:00,108,truck,43.6,130.0,clear,Lane 2
TRF-100321,2025-01-14 09:00:00,105,car,28.7,682.0,clear,Lane 3
TRF-100322,2025-01-14 10:00:00,104,motorcycle,50.9,116.0,clear,Lane 2
TRF-100323,2025-01-14 11:00:00,102,bike,66.1,499.0,rainy,Lane 2
TRF-100324,2025-01-14 12:00:00,106,bike,39.0,669.0,clear,Lane 1
TRF-100325,2025-01-14 13:00:00,106,bike,45.6,148.0,foggy,Lane 3
TRF-100326,2025-01-14 14:00:00,103,car,52.5,817.0,snowy,Express Lane
TRF-100327,2025-01-14 15:00:00,107,car,56.5,406.0,rainy,Lane 1
TRF-100328,2025-01-14 16:00:00,108,car,43.3,457.0,foggy,Lane 3
TRF-100329,2025-01-14 17:00:00,108,bus,40.9,749.0,rainy,Express Lane
TRF-100330,2025-01-14 18:00:00,101,motorcycle,38.8,343.0,foggy,Lane 2
TRF-100331,2025-01-14 19:00:00,101,bus,28.1,272.0,rainy,Lane 3
TRF-100332,2025-01-14 20:00:00,104,truck,34.1,1014.0,clear,Lane 1
TRF-100333,2025-01-14 21:00:00,103,car,33.7,656.0,foggy,Lane 3
TRF-100334,2025-01-14 22:00:00,106,car,20.2,45.0,snowy,Lane 3
TRF-100335,2025-01-14 23:00:00,108,bus,65.9,545.0,clear,Lane 1
TRF-100336,2025-01-15 00:00:00,105,bus,54.5,295.0,foggy,Lane 1
TRF-100337,2025-01-15 01:00:00,103,motorcycle,50.6,589.0,clear,Lane 1
TRF-100338,2025-01-15 02:00:00,104,van,47.9,764.0,clear,Lane 2
TRF-100339,2025-01-15 03:00:00,104,bus,60.9,745.0,rainy,Express Lane
TRF-100340,2025-01-15 04:00:00,103,bus,33.8,49.0,cloudy,Lane 1
TRF-100341,2025-01-15 05:00:00,104,van,69.1,857.0,snowy,Lane 2
TRF-100342,2025-01-15 06:00:00,103,car,65.5,40.0,snowy,Lane 3
TRF-100343,2025-01-15 07:00:00,102,bus,27.9,1073.0,clear,Lane 3
TRF-100344,2025-01-15 08:00:00,103,truck,64.3,560.0,clear,Lane 1
TRF-100345,2025-01-15 09:00:00,107,bike,39.6,924.0,clear,Lane 2
TRF-100346,2025-01-15 10:00:00,103,truck,65.9,362.0,foggy,Lane 2
TRF-100347,2025-01-15 11:00:00,104,bus,41.9,807.0,cloudy,Lane 2
TRF-100348,2025-01-15 12:00:00,108,van,38.4,773.0,clear,Lane 1
TRF-100349,2025-01-15 13:00:00,107,car,40.3,67.0,foggy,Lane 1
TRF-100350,2025-01-15 14:00:00,104,bus,30.5,1003.0,rainy,Lane 2
TRF-100351,2025-01-15 15:00:00,101,truck,21.4,61.0,clear,Lane 3
TRF-100352,2025-01-15 16:00:00,101,van,5.0,766.0,cloudy,Lane 3
TRF-100353,2025-01-15 17:00:00,108,car,29.0,648.0,cloudy,Lane 1
TRF-100354,2025-01-15 18:00:00,108,truck,95.4,1014.0,foggy,Lane 1
TRF-100355,2025-01-15 19:00:00,107,van,56.6,939.0,snowy,Lane 2
TRF-100356,2025-01-15 20:00:00,102,truck,81.6,74.0,cloudy,Lane 2
TRF-100357,2025-01-15 21:00:00,108,truck,42.3,659.0,foggy,Lane 2
TRF-100358,2025-01-15 22:00:00,101,bike,39.6,323.0,clear,Lane 3
TRF-100359,2025-01-15 23:00:00,103,truck,78.9,373.0,foggy,Lane 2
TRF-100360,2025-01-16 00:00:00,104,van,54.8,1030.0,snowy,Express Lane
TRF-100361,2025-01-16 01:00:00,101,bike,30.8,921.0,foggy,Lane 2
TRF-100362,2025-01-16 02:00:00,101,motorcycle,59.4,452.0,clear,Express Lane
TRF-100363,2025-01-16 03:00:00,102,truck,70.5,196.0,foggy,Lane 1
TRF-100364,2025-01-16 04:00:00,107,bus,22.3,298.0,rainy,Lane 1
TRF-100365,2025-01-16 05:00:00,107,bus,56.4,959.0,clear,Lane 2
TRF-100366,2025-01-16 06:00:00,106,bus,23.5,909.0,clear,Express Lane
TRF-100367,2025-01-16 07:00:00,102,bus,69.5,88.0,clear,Lane 1
TRF-100368,2025-01-16 08:00:00,103,bus,52.2,479.0,clear,Lane 2
TRF-100369,2025-01-16 09:00:00,107,truck,59.3,246.0,clear,Lane 2
TRF-100370,2025-01-16 10:00:00,104,truck,44.1,273.0,clear,Lane 2
TRF-100371,2025-01-16 11:00:00,108,truck,15.9,132.0,clear,Express Lane
TRF-100372,2025-01-16 12:00:00,102,car,40.1,546.0,foggy,Lane 1
TRF-100373,2025-01-16 13:00:00,108,truck,64.7,293.0,snowy,Lane 2
TRF-100374,2025-01-16 14:00:00,101,bus,83.9,270.0,clear,Lane 1
TRF-100375,2025-01-16 15:00:00,104,car,53.1,890.0,clear,Lane 3
TRF-100376,2025-01-16 16:00:00,104,truck,35.6,763.0,clear,Lane 3
TRF-100377,2025-01-16 17:00:00,101,car,57.6,960.0,foggy,Lane 1
TRF-100378,2025-01-16 18:00:00,102,bike,63.1,484.0,clear,Lane 3
TRF-100379,2025-01-16 19:00:00,101,van,47.9,1015.0,snowy,Lane 3
TRF-100380,2025-01-16 20:00:00,108,car,49.3,573.0,foggy,Lane 3
TRF-100381,2025-01-16 21:00:00,106,truck,51.8,894.0,foggy,Lane 2
TRF-100382,2025-01-16 22:00:00,104,bus,48.8,560.0,clear,Express Lane
TRF-100383,2025-01-16 23:00:00,105,bus,53.4,1077.0,clear,Lane 3
TRF-100384,2025-01-17 00:00:00,105,bike,80.9,403.0,clear,Lane 2
TRF-100385,2025-01-17 01:00:00,108,motorcycle,11.4,990.0,clear,Lane 1
TRF-100386,2025-01-17 02:00:00,103,truck,43.7,669.0,foggy,Lane 1
TRF-100387,2025-01-17 03:00:00,107,bike,31.2,141.0,rainy,Lane 3
TRF-100388,2025-01-17 04:00:00,101,truck,69.3,522.0,clear,Lane 2
TRF-100389,2025-01-17 05:00:00,101,truck,45.5,323.0,foggy,Express Lane
TRF-100390,2025-01-17 06:00:00,103,van,58.1,451.0,foggy,Express Lane
TRF-100391,2025-01-17 07:00:00,103,car,73.7,178.0,clear,Lane 1
TRF-100392,2025-01-17 08:00:00,108,bike,28.5,180.0,clear,Lane 1
TRF-100393,2025-01-17 09:00:00,108,car,38.5,197.0,foggy,Lane 2
TRF-100394,2025-01-17 10:00:00,103,truck,71.8,99.0,rainy,Lane 3
TRF-100395,2025-01-17 11:00:00,104,truck,27.8,455.0,clear,Lane 1
TRF-100396,2025-01-17 12:00:00,108,truck,39.1,554.0,rainy,Lane 3
TRF-100397,2025-01-17 13:00:00,106,truck,19.2,241.0,clear,Lane 3
TRF-100398,2025-01-17 14:00:00,108,car,72.5,131.0,clear,Lane 2
TRF-100399,2025-01-17 15:00:00,101,car,37.5,362.0,clear,Lane 3
TRF-100400,2025-01-17 16:00:00,108,bus,54.3,234.0,foggy,Lane 1
TRF-100401,2025-01-17 17:00:00,104,bike,60.2,258.0,foggy,Lane 2
TRF-100402,2025-01-17 18:00:00,103,bus,33.5,983.0,clear,Express Lane
TRF-100403,2025-01-17 19:00:00,101,van,13.7,489.0,foggy,Lane 3
TRF-100404,2025-01-17 20:00:00,108,truck,44.0,584.0,clear,Lane 2
TRF-100405,2025-01-17 21:00:00,104,truck,43.8,919.0,cloudy,Lane 2
TRF-100406,2025-01-17 22:00:00,106,bike,46.9,665.0,clear,Express Lane
TRF-100407,2025-01-17 23:00:00,108,bike,47.0,1073.0,clear,Lane 2
TRF-100408,2025-01-18 00:00:00,104,motorcycle,39.0,960.0,cloudy,Express Lane
TRF-100409,2025-01-18 01:00:00,106,van,38.3,340.0,clear,Lane 3
TRF-100410,2025-01-18 02:00:00,103,bike,53.4,871.0,cloudy,Lane 2
TRF-100411,2025-01-18 03:00:00,108,bus,33.2,709.0,rainy,Express Lane
TRF-100412,2025-01-18 04:00:00,106,car,46.3,1025.0,clear,Express Lane
TRF-100413,2025-01-18 05:00:00,101,bus,37.9,108.0,snowy,Lane 3
TRF-100414,2025-01-18 06:00:00,103,car,53.3,275.0,foggy,Lane 2
TRF-100415,2025-01-18 07:00:00,101,truck,68.0,812.0,clear,Lane 3
TRF-100416,2025-01-18 08:00:00,105,bus,68.7,501.0,cloudy,Express Lane
TRF-100417,2025-01-18 09:00:00,102,van,71.2,351.0,rainy,Lane 2
TRF-100418,2025-01-18 10:00:00,108,bus,42.0,170.0,clear,Lane 3
TRF-100419,2025-01-18 11:00:00,106,motorcycle,43.5,342.0,snowy,Lane 1
TRF-100420,2025-01-18 12:00:00,102,car,25.2,128.0,rainy,Lane 1
TRF-100421,2025-01-18 13:00:00,102,truck,41.8,523.0,clear,Lane 2
TRF-100422,2025-01-18 14:00:00,106,van,42.5,139.0,clear,Lane 1
TRF-100423,2025-01-18 15:00:00,103,car,36.9,513.0,snowy,Lane 3
TRF-100424,2025-01-18 16:00:00,108,truck,36.8,159.0,foggy,Lane 1
TRF-100425,2025-01-18 17:00:00,105,van,17.4,869.0,rainy,Lane 3
TRF-100426,2025-01-18 18:00:00,101,motorcycle,23.8,535.0,cloudy,Lane 3
TRF-100427,2025-01-18 19:00:00,104,truck,48.8,798.0,rainy,Lane 1
TRF-100428,2025-01-18 20:00:00,101,bike,49.5,239.0,clear,Express Lane
TRF-100429,2025-01-18 21:00:00,104,car,56.7,390.0,rainy,Lane 1
TRF-100430,2025-01-18 22:00:00,101,bike,43.3,183.0,foggy,Lane 3
TRF-100431,2025-01-18 23:00:00,106,bike,48.2,562.0,foggy,Lane 1
TRF-100432,2025-01-19 00:00:00,105,car,70.5,339.0,clear,Lane 1
TRF-100433,2025-01-19 01:00:00,108,motorcycle,47.0,503.0,snowy,Lane 2
TRF-100434,2025-01-19 02:00:00,104,car,36.6,765.0,foggy,Lane 3
TRF-100435,2025-01-19 03:00:00,108,car,26.6,665.0,clear,Express Lane
TRF-100436,2025-01-19 04:00:00,108,motorcycle,62.4,905.0,clear,Lane 2
TRF-100437,2025-01-19 05:00:00,108,car,17.3,329.0,snowy,Lane 3
TRF-100438,2025-01-19 06:00:00,107,truck,32.9,370.0,clear,Lane 1
TRF-100439,2025-01-19 07:00:00,103,bus,55.5,1057.0,rainy,Express Lane
TRF-100440,2025-01-19 08:00:00,101,car,13.7,664.0,foggy,Lane 3
TRF-100441,2025-01-19 09:00:00,108,motorcycle,36.9,583.0,clear,Lane 1
TRF-100442,2025-01-19 10:00:00,101,bus,50.3,449.0,clear,Lane 2
TRF-100443,2025-01-19 11:00:00,108,truck,41.1,766.0,cloudy,Lane 3
TRF-100444,2025-01-19 12:00:00,104,bus,30.3,418.0,rainy,Lane 2
TRF-100445,2025-01-19 13:00:00,103,bus,37.3,40.0,foggy,Lane 3
TRF-100446,2025-01-19 14:00:00,103,car,62.7,637.0,clear,Lane 2
TRF-100447,2025-01-19 15:00:00,106,truck,81.0,307.0,snowy,Lane 1
TRF-100448,2025-01-19 16:00:00,107,bike,50.5,1047.0,clear,Lane 3
TRF-100449,2025-01-19 17:00:00,106,bus,12.2,260.0,clear,Lane 2
TRF-100450,2025-01-19 18:00:00,106,car,58.2,167.0,clear,Lane 1
TRF-100451,2025-01-19 19:00:00,106,truck,40.9,1026.0,foggy,Lane 1
TRF-100452,2025-01-19 20:00:00,106,van,28.3,560.0,foggy,Lane 3
TRF-100453,2025-01-19 21:00:00,106,bus,33.6,636.0,clear,Lane 3
TRF-100454,2025-01-19 22:00:00,105,motorcycle,34.4,1070.0,foggy,Lane 3
TRF-100455,2025-01-19 23:00:00,103,bus,22.6,821.0,clear,Lane 2
TRF-100456,2025-01-20 00:00:00,106,truck,46.9,110.0,cloudy,Lane 1
TRF-100457,2025-01-20 01:00:00,108,bike,80.9,726.0,clear,Lane 1
TRF-100458,2025-01-20 02:00:00,103,motorcycle,28.2,242.0,foggy,Lane 3
TRF-100459,2025-01-20 03:00:00,103,bus,80.4,235.0,snowy,Lane 1
TRF-100460,2025-01-20 04:00:00,102,bike,51.7,929.0,clear,Lane 1
TRF-100461,2025-01-20 05:00:00,105,truck,46.3,777.0,snowy,Lane 3
TRF-100462,2025-01-20 06:00:00,106,car,47.9,906.0,clear,Express Lane
TRF-100463,2025-01-20 07:00:00,101,truck,33.5,611.0,clear,Lane 1
TRF-100464,2025-01-20 08:00:00,104,motorcycle,53.3,424.0,clear,Lane 1
TRF-100465,2025-01-20 09:00:00,107,truck,57.4,366.0,foggy,Express Lane
TRF-100466,2025-01-20 10:00:00,108,car,5.0,828.0,cloudy,Express Lane
TRF-100467,2025-01-20 11:00:00,101,bike,93.8,810.0,foggy,Lane 3
TRF-100468,2025-01-20 12:00:00,105,van,15.4,308.0,clear,Lane 2
TRF-100469,2025-01-20 13:00:00,104,motorcycle,38.6,278.0,clear,Lane 3
TRF-100470,2025-01-20 14:00:00,105,bus,5.0,862.0,clear,Lane 1
TRF-100471,2025-01-20 15:00:00,108,van,43.2,1083.0,clear,Lane 3
TRF-100472,2025-01-20 16:00:00,103,car,39.7,941.0,clear,Lane 3
TRF-100473,2025-01-20 17:00:00,104,car,38.8,968.0,clear,Express Lane
TRF-100474,2025-01-20 18:00:00,103,bike,53.5,553.0,snowy,Lane 1
TRF-100475,2025-01-20 19:00:00,108,truck,43.6,489.0,cloudy,Lane 1
TRF-100476,2025-01-20 20:00:00,101,car,47.9,424.0,rainy,Lane 2
TRF-100477,2025-01-20 21:00:00,108,car,25.7,442.0,foggy,Lane 2
TRF-100478,2025-01-20 22:00:00,101,van,49.4,146.0,cloudy,Express Lane
TRF-100479,2025-01-20 23:00:00,104,car,36.6,138.0,clear,Lane 1
TRF-100480,2025-01-21 00:00:00,104,car,41.3,265.0,snowy,Lane 2
TRF-100481,2025-01-21 01:00:00,106,truck,52.9,855.0,snowy,Lane 2
TRF-100482,2025-01-21 02:00:00,105,car,38.9,560.0,foggy,Lane 3
TRF-100483,2025-01-21 03:00:00,106,car,46.1,938.0,snowy,Lane 3
TRF-100484,2025-01-21 04:00:00,105,truck,27.2,425.0,foggy,Lane 2
TRF-100485,2025-01-21 05:00:00,106,truck,67.7,1006.0,rainy,Lane 3
TRF-100486,2025-01-21 06:00:00,103,motorcycle,61.1,30.0,clear,Lane 3
TRF-100487,2025-01-21 07:00:00,104,truck,49.8,37.0,snowy,Lane 1
TRF-100488,2025-01-21 08:00:00,101,car,43.6,173.0,rainy,Lane 2
TRF-100489,2025-01-21 09:00:00,105,car,46.1,304.0,clear,Lane 2
TRF-100490,2025-01-21 10:00:00,108,bike,67.3,316.0,snowy,Express Lane
TRF-100491,2025-01-21 11:00:00,105,car,59.8,519.0,clear,Express Lane
TRF-100492,2025-01-21 12:00:00,101,motorcycle,67.6,662.0,clear,Lane 1
TRF-100493,2025-01-21 13:00:00,106,truck,41.8,758.0,rainy,Lane 1
TRF-100494,2025-01-21 14:00:00,105,car,56.7,60.0,foggy,Lane 1
TRF-100495,2025-01-21 15:00:00,107,car,69.4,993.0,snowy,Lane 3
TRF-100496,2025-01-21 16:00:00,103,car,31.3,273.0,cloudy,Lane 1
TRF-100497,2025-01-21 17:00:00,104,truck,30.2,169.0,clear,Express Lane
TRF-100498,2025-01-21 18:00:00,101,bike,53.0,430.0,clear,Lane 1
TRF-100499,2025-01-21 19:00:00,104,van,25.8,754.0,clear,Express Lane
TRF-100500,2025-01-21 20:00:00,107,truck,15.3,1011.0,clear,Express Lane
TRF-100501,2025-01-21 21:00:00,105,car,69.1,193.0,foggy,Lane 1
TRF-100502,2025-01-21 22:00:00,105,car,72.3,133.0,cloudy,Lane 1
TRF-100503,2025-01-21 23:00:00,108,car,26.8,92.0,foggy,Lane 3
TRF-100504,2025-01-22 00:00:00,107,car,22.2,44.0,foggy,Lane 2
TRF-100505,2025-01-22 01:00:00,101,bike,36.2,208.0,clear,Lane 1
TRF-100506,2025-01-22 02:00:00,108,truck,70.6,470.0,clear,Express Lane
TRF-100507,2025-01-22 03:00:00,103,bike,40.6,554.0,snowy,Express Lane
TRF-100508,2025-01-22 04:00:00,108,bus,49.7,756.0,foggy,Lane 1
TRF-100509,2025-01-22 05:00:00,102,car,53.8,340.0,foggy,Lane 2
TRF-100510,2025-01-22 06:00:00,101,truck,51.1,767.0,clear,Lane 2
TRF-100511,2025-01-22 07:00:00,102,bus,74.9,159.0,clear,Lane 1
TRF-100512,2025-01-22 08:00:00,107,motorcycle,35.0,997.0,rainy,Lane 1
TRF-100513,2025-01-22 09:00:00,106,motorcycle,46.2,956.0,foggy,Lane 2
TRF-100514,2025-01-22 10:00:00,102,car,52.2,1078.0,clear,Express Lane
TRF-100515,2025-01-22 11:00:00,103,motorcycle,47.1,1041.0,rainy,Lane 1
TRF-100516,2025-01-22 12:00:00,108,truck,26.1,478.0,foggy,Lane 3
TRF-100517,2025-01-22 13:00:00,106,bike,21.5,189.0,rainy,Lane 1
TRF-100518,2025-01-22 14:00:00,108,van,21.1,717.0,foggy,Lane 1
TRF-100519,2025-01-22 15:00:00,102,motorcycle,61.1,877.0,foggy,Lane 3
TRF-100520,2025-01-22 16:00:00,108,truck,33.2,519.0,clear,Lane 2
TRF-100521,2025-01-22 17:00:00,107,bike,56.4,309.0,rainy,Lane 2
TRF-100522,2025-01-22 18:00:00,106,truck,49.6,110.0,clear,Lane 2
TRF-100523,2025-01-22 19:00:00,107,bike,30.5,199.0,rainy,Lane 1
TRF-100524,2025-01-22 20:00:00,102,bus,30.9,409.0,clear,Lane 2
TRF-100525,2025-01-22 21:00:00,107,bike,50.4,889.0,snowy,Lane 3
TRF-100526,2025-01-22 22:00:00,103,bike,49.4,140.0,foggy,Lane 3
TRF-100527,2025-01-22 23:00:00,102,bus,56.9,193.0,clear,Lane 1
TRF-100528,2025-01-23 00:00:00,102,truck,39.8,444.0,rainy,Lane 2
TRF-100529,2025-01-23 01:00:00,102,bike,32.8,669.0,clear,Lane 2
TRF-100530,2025-01-23 02:00:00,101,motorcycle,47.9,184.0,rainy,Lane 3
TRF-100531,2025-01-23 03:00:00,108,car,73.6,223.0,clear,Lane 2
TRF-100532,2025-01-23 04:00:00,101,truck,14.2,714.0,clear,Lane 3
TRF-100533,2025-01-23 05:00:00,101,bike,33.6,854.0,cloudy,Lane 1
TRF-100534,2025-01-23 06:00:00,103,bus,58.6,50.0,rainy,Lane 3
TRF-100535,2025-01-23 07:00:00,106,van,51.9,852.0,rainy,Lane 2
TRF-100536,2025-01-23 08:00:00,108,bus,58.9,1052.0,clear,Lane 3
TRF-100537,2025-01-23 09:00:00,107,bike,40.3,138.0,snowy,Lane 2
TRF-100538,2025-01-23 10:00:00,105,bus,19.0,428.0,foggy,Express Lane
TRF-100539,2025-01-23 11:00:00,102,bus,78.1,959.0,clear,Lane 1
TRF-100540,2025-01-23 12:00:00,107,truck,67.5,901.0,rainy,Express Lane
TRF-100541,2025-01-23 13:00:00,102,truck,47.6,158.0,foggy,Lane 3
TRF-100542,2025-01-23 14:00:00,103,motorcycle,32.9,309.0,snowy,Express Lane
TRF-100543,2025-01-23 15:00:00,102,car,47.9,456.0,clear,Lane 1
TRF-100544,2025-01-23 16:00:00,101,car,52.1,1080.0,cloudy,Lane 1
TRF-100545,2025-01-23 17:00:00,108,bus,43.5,934.0,clear,Lane 3
TRF-100546,2025-01-23 18:00:00,105,bus,47.7,373.0,clear,Express Lane
TRF-100547,2025-01-23 19:00:00,104,bus,77.0,633.0,foggy,Lane 3
TRF-100548,2025-01-23 20:00:00,102,bike,64.6,225.0,cloudy,Lane 3
TRF-100549,2025-01-23 21:00:00,107,car,26.9,922.0,clear,Lane 1
TRF-100550,2025-01-23 22:00:00,101,motorcycle,49.4,762.0,clear,Lane 3
TRF-100551,2025-01-23 23:00:00,104,van,38.6,185.0,cloudy,Lane 2
TRF-100552,2025-01-24 00:00:00,105,car,53.4,469.0,foggy,Lane 2
TRF-100553,2025-01-24 01:00:00,104,bus,46.9,130.0,foggy,Lane 2
TRF-100554,2025-01-24 02:00:00,101,bus,101.4,777.0,snowy,Lane 2
TRF-100555,2025-01-24 03:00:00,108,van,55.7,529.0,rainy,Lane 1
TRF-100556,2025-01-24 04:00:00,108,van,45.6,415.0,clear,Lane 1
TRF-100557,2025-01-24 05:00:00,106,bike,81.2,167.0,cloudy,Express Lane
TRF-100558,2025-01-24 06:00:00,108,motorcycle,51.7,277.0,clear,Lane 1
TRF-100559,2025-01-24 07:00:00,106,car,20.7,132.0,cloudy,Lane 2
TRF-100560,2025-01-24 08:00:00,104,bike,45.8,560.0,clear,Lane 1
TRF-100561,2025-01-24 09:00:00,103,truck,59.0,756.0,clear,Lane 1
TRF-100562,2025-01-24 10:00:00,107,van,56.7,116.0,clear,Lane 2
TRF-100563,2025-01-24 11:00:00,107,car,66.1,909.0,rainy,Lane 3
TRF-100564,2025-01-24 12:00:00,104,car,50.8,960.0,foggy,Lane 1
TRF-100565,2025-01-24 13:00:00,102,bus,49.5,1036.0,foggy,Lane 1
TRF-100566,2025-01-24 14:00:00,102,motorcycle,22.8,1043.0,foggy,Express Lane
TRF-100567,2025-01-24 15:00:00,108,bike,75.5,287.0,clear,Lane 3
TRF-100568,2025-01-24 16:00:00,107,car,42.5,302.0,foggy,Lane 1
TRF-100569,2025-01-24 17:00:00,107,bus,30.4,892.0,clear,Lane 2
TRF-100570,2025-01-24 18:00:00,106,car,95.3,877.0,rainy,Lane 3
TRF-100571,2025-01-24 19:00:00,103,car,78.2,1077.0,snowy,Lane 1
TRF-100572,2025-01-24 20:00:00,101,truck,39.9,854.0,clear,Lane 1
TRF-100573,2025-01-24 21:00:00,102,bike,14.1,624.0,clear,Express Lane
TRF-100574,2025-01-24 22:00:00,107,truck,35.1,429.0,foggy,Express Lane
TRF-100575,2025-01-24 23:00:00,106,car,76.4,382.0,clear,Lane 1
TRF-100576,2025-01-25 00:00:00,105,van,51.2,833.0,foggy,Express Lane
TRF-100577,2025-01-25 01:00:00,106,bike,23.7,39.0,rainy,Express Lane
TRF-100578,2025-01-25 02:00:00,102,car,62.1,1096.0,clear,Lane 1
TRF-100579,2025-01-25 03:00:00,102,truck,44.2,748.0,foggy,Lane 2
TRF-100580,2025-01-25 04:00:00,106,truck,36.3,136.0,foggy,Express Lane
TRF-100581,2025-01-25 05:00:00,101,bus,37.7,800.0,clear,Lane 3
TRF-100582,2025-01-25 06:00:00,104,bus,71.5,519.0,clear,Express Lane
TRF-100583,2025-01-25 07:00:00,102,truck,57.8,704.0,clear,Lane 2
TRF-100584,2025-01-25 08:00:00,106,truck,21.3,504.0,rainy,Lane 2
TRF-100585,2025-01-25 09:00:00,107,bus,54.6,610.0,cloudy,Lane 1
TRF-100586,2025-01-25 10:00:00,106,car,49.9,876.0,clear,Lane 1
TRF-100587,2025-01-25 11:00:00,103,bus,40.4,489.0,foggy,Lane 1
TRF-100588,2025-01-25 12:00:00,104,bus,41.4,454.0,rainy,Lane 3
TRF-100589,2025-01-25 13:00:00,105,truck,32.4,358.0,clear,Lane 2
TRF-100590,2025-01-25 14:00:00,101,motorcycle,36.1,796.0,foggy,Lane 2
TRF-100591,2025-01-25 15:00:00,108,car,53.2,535.0,snowy,Lane 2
TRF-100592,2025-01-25 16:00:00,105,bike,43.0,657.0,clear,Lane 3
TRF-100593,2025-01-25 17:00:00,104,bike,57.8,507.0,cloudy,Express Lane
TRF-100594,2025-01-25 18:00:00,104,car,33.9,43.0,cloudy,Express Lane
TRF-100595,2025-01-25 19:00:00,104,car,60.7,919.0,rainy,Lane 1
TRF-100596,2025-01-25 20:00:00,105,truck,71.7,756.0,foggy,Express Lane
TRF-100597,2025-01-25 21:00:00,107,van,47.9,1040.0,foggy,Lane 1
TRF-100598,2025-01-25 22:00:00,104,bike,57.4,775.0,rainy,Lane 3
TRF-100599,2025-01-25 23:00:00,106,motorcycle,58.1,209.0,clear,Lane 3
TRF-100600,2025-01-26 00:00:00,105,bus,39.0,595.0,rainy,Express Lane
TRF-100601,2025-01-26 01:00:00,108,van,58.1,334.0,foggy,Lane 1
TRF-100602,2025-01-26 02:00:00,104,truck,7.2,504.0,rainy,Express Lane
TRF-100603,2025-01-26 03:00:00,106,car,5.0,928.0,clear,Express Lane
TRF-100604,2025-01-26 04:00:00,107,bike,42.1,553.0,clear,Express Lane
TRF-100605,2025-01-26 05:00:00,103,bus,59.4,450.0,rainy,Lane 2
TRF-100606,2025-01-26 06:00:00,107,bike,46.5,440.0,clear,Lane 1
TRF-100607,2025-01-26 07:00:00,108,car,61.4,710.0,clear,Lane 3
TRF-100608,2025-01-26 08:00:00,104,truck,26.4,645.0,clear,Lane 3
TRF-100609,2025-01-26 09:00:00,108,motorcycle,63.9,552.0,snowy,Express Lane
TRF-100610,2025-01-26 10:00:00,105,motorcycle,77.3,358.0,rainy,Lane 1
TRF-100611,2025-01-26 11:00:00,102,motorcycle,35.5,301.0,clear,Express Lane
TRF-100612,2025-01-26 12:00:00,104,truck,61.9,43.0,clear,Express Lane
TRF-100613,2025-01-26 13:00:00,102,truck,48.4,204.0,rainy,Express Lane
TRF-100614,2025-01-26 14:00:00,106,car,56.0,187.0,foggy,Lane 2
TRF-100615,2025-01-26 15:00:00,103,car,77.3,651.0,clear,Lane 3
TRF-100616,2025-01-26 16:00:00,101,bike,53.9,263.0,clear,Lane 3
TRF-100617,2025-01-26 17:00:00,108,truck,61.8,170.0,cloudy,Express Lane
TRF-100618,2025-01-26 18:00:00,107,van,25.3,148.0,cloudy,Lane 3
TRF-100619,2025-01-26 19:00:00,103,van,61.2,411.0,foggy,Lane 1
TRF-100620,2025-01-26 20:00:00,104,van,77.0,718.0,snowy,Lane 1
TRF-100621,2025-01-26 21:00:00,102,bus,31.4,78.0,cloudy,Lane 3
TRF-100622,2025-01-26 22:00:00,107,car,42.2,178.0,snowy,Express Lane
TRF-100623,2025-01-26 23:00:00,102,car,60.4,186.0,rainy,Express Lane
TRF-100624,2025-01-27 00:00:00,105,bus,56.1,633.0,foggy,Lane 1
TRF-100625,2025-01-27 01:00:00,102,truck,23.5,181.0,snowy,Lane 2
TRF-100626,2025-01-27 02:00:00,105,van,51.0,405.0,clear,Lane 1
TRF-100627,2025-01-27 03:00:00,106,car,42.0,711.0,clear,Lane 3
TRF-100628,2025-01-27 04:00:00,107,bus,30.6,625.0,rainy,Express Lane
TRF-100629,2025-01-27 05:00:00,107,bus,72.4,618.0,rainy,Lane 2
TRF-100630,2025-01-27 06:00:00,101,truck,48.1,1052.0,clear,Lane 1
TRF-100631,2025-01-27 07:00:00,104,truck,65.7,805.0,cloudy,Lane 3
TRF-100632,2025-01-27 08:00:00,105,van,26.9,661.0,rainy,Lane 3
TRF-100633,2025-01-27 09:00:00,101,bike,58.6,291.0,clear,Express Lane
TRF-100634,2025-01-27 10:00:00,102,bike,67.1,871.0,clear,Express Lane
TRF-100635,2025-01-27 11:00:00,102,truck,43.6,518.0,foggy,Lane 2
TRF-100636,2025-01-27 12:00:00,101,bus,39.1,280.0,rainy,Express Lane
TRF-100637,2025-01-27 13:00:00,107,truck,24.5,343.0,rainy,Lane 1
TRF-100638,2025-01-27 14:00:00,102,motorcycle,32.4,782.0,snowy,Lane 1
TRF-100639,2025-01-27 15:00:00,108,truck,39.9,1036.0,rainy,Express Lane
TRF-100640,2025-01-27 16:00:00,106,car,30.4,193.0,clear,Express Lane
TRF-100641,2025-01-27 17:00:00,106,car,34.2,1004.0,clear,Lane 1
TRF-100642,2025-01-27 18:00:00,108,bus,50.8,162.0,snowy,Lane 1
TRF-100643,2025-01-27 19:00:00,101,motorcycle,53.0,110.0,clear,Lane 2
TRF-100644,2025-01-27 20:00:00,108,car,67.6,379.0,rainy,Lane 3
TRF-100645,2025-01-27 21:00:00,105,truck,34.3,163.0,snowy,Lane 3
TRF-100646,2025-01-27 22:00:00,105,bike,48.4,1004.0,clear,Lane 3
TRF-100647,2025-01-27 23:00:00,101,truck,40.5,523.0,snowy,Lane 1
TRF-100648,2025-01-28 00:00:00,108,bike,39.2,231.0,clear,Lane 1
TRF-100649,2025-01-28 01:00:00,105,truck,42.3,560.0,clear,Lane 1
TRF-100650,2025-01-28 02:00:00,107,motorcycle,44.5,647.0,rainy,Lane 1
TRF-100651,2025-01-28 03:00:00,108,car,52.5,785.0,clear,Lane 3
TRF-100652,2025-01-28 04:00:00,107,van,42.1,1002.0,clear,Lane 3
TRF-100653,2025-01-28 05:00:00,105,car,70.1,1067.0,foggy,Lane 2
TRF-100654,2025-01-28 06:00:00,106,van,17.3,194.0,cloudy,Lane 2
TRF-100655,2025-01-28 07:00:00,105,truck,67.0,590.0,clear,Lane 1
TRF-100656,2025-01-28 08:00:00,107,bike,41.4,611.0,clear,Lane 2
TRF-100657,2025-01-28 09:00:00,103,bike,44.6,148.0,rainy,Lane 3
TRF-100658,2025-01-28 10:00:00,104,car,47.8,722.0,foggy,Lane 3
TRF-100659,2025-01-28 11:00:00,102,bus,60.7,364.0,clear,Lane 3
TRF-100660,2025-01-28 12:00:00,108,car,32.2,666.0,rainy,Lane 3
TRF-100661,2025-01-28 13:00:00,103,truck,36.2,560.0,cloudy,Express Lane
TRF-100662,2025-01-28 14:00:00,105,bike,57.0,340.0,clear,Lane 1
TRF-100663,2025-01-28 15:00:00,106,truck,17.4,32.0,foggy,Lane 1
TRF-100664,2025-01-28 16:00:00,101,truck,47.4,714.0,foggy,Express Lane
TRF-100665,2025-01-28 17:00:00,105,motorcycle,33.6,110.0,foggy,Lane 2
TRF-100666,2025-01-28 18:00:00,106,bike,29.9,417.0,clear,Lane 1
TRF-100667,2025-01-28 19:00:00,104,bike,18.5,856.0,clear,Lane 2
TRF-100668,2025-01-28 20:00:00,105,truck,61.9,248.0,cloudy,Lane 3
TRF-100669,2025-01-28 21:00:00,107,bus,50.9,681.0,clear,Lane 2
TRF-100670,2025-01-28 22:00:00,101,car,35.9,92.0,clear,Lane 1
TRF-100671,2025-01-28 23:00:00,106,bus,45.0,469.0,cloudy,Lane 1
TRF-100672,2025-01-29 00:00:00,106,bus,28.3,1080.0,clear,Lane 3
TRF-100673,2025-01-29 01:00:00,106,bike,38.3,737.0,clear,Lane 1
TRF-100674,2025-01-29 02:00:00,104,truck,44.4,560.0,rainy,Lane 3
TRF-100675,2025-01-29 03:00:00,105,motorcycle,49.2,1075.0,rainy,Lane 1
TRF-100676,2025-01-29 04:00:00,104,car,55.1,1072.0,cloudy,Lane 3
TRF-100677,2025-01-29 05:00:00,108,bike,15.5,538.0,clear,Lane 2
TRF-100678,2025-01-29 06:00:00,102,truck,55.1,703.0,foggy,Lane 2
TRF-100679,2025-01-29 07:00:00,102,van,16.9,680.0,clear,Express Lane
TRF-100680,2025-01-29 08:00:00,108,bus,55.8,917.0,rainy,Lane 3
TRF-100681,2025-01-29 09:00:00,105,bus,44.2,66.0,clear,Lane 2
TRF-100682,2025-01-29 10:00:00,107,bus,67.6,436.0,rainy,Express Lane
TRF-100683,2025-01-29 11:00:00,104,truck,35.9,453.0,foggy,Lane 1
TRF-100684,2025-01-29 12:00:00,101,car,62.1,712.0,clear,Lane 3
TRF-100685,2025-01-29 13:00:00,106,truck,27.0,367.0,clear,Lane 2
TRF-100686,2025-01-29 14:00:00,106,bus,49.9,948.0,clear,Lane 2
TRF-100687,2025-01-29 15:00:00,105,motorcycle,11.3,796.0,clear,Express Lane
TRF-100688,2025-01-29 16:00:00,107,bus,63.9,681.0,clear,Express Lane
TRF-100689,2025-01-29 17:00:00,102,truck,79.1,977.0,clear,Express Lane
TRF-100690,2025-01-29 18:00:00,102,car,35.4,405.0,clear,Lane 1
TRF-100691,2025-01-29 19:00:00,106,truck,50.2,436.0,snowy,Lane 2
TRF-100692,2025-01-29 20:00:00,105,bike,56.0,85.0,clear,Express Lane
TRF-100693,2025-01-29 21:00:00,104,truck,20.1,504.0,foggy,Lane 2
TRF-100694,2025-01-29 22:00:00,102,bike,34.5,46.0,clear,Lane 3
TRF-100695,2025-01-29 23:00:00,104,bus,33.4,462.0,clear,Lane 1
TRF-100696,2025-01-30 00:00:00,107,car,91.3,266.0,foggy,Lane 2
TRF-100697,2025-01-30 01:00:00,102,van,66.8,336.0,foggy,Lane 3
TRF-100698,2025-01-30 02:00:00,102,van,44.1,462.0,snowy,Lane 2
TRF-100699,2025-01-30 03:00:00,103,car,62.0,53.0,clear,Lane 3
TRF-100700,2025-01-30 04:00:00,102,bike,51.8,1043.0,rainy,Lane 1
TRF-100701,2025-01-30 05:00:00,108,truck,58.7,710.0,clear,Lane 1
TRF-100702,2025-01-30 06:00:00,101,truck,29.0,981.0,clear,Lane 1
TRF-100703,2025-01-30 07:00:00,108,bike,72.7,444.0,cloudy,Lane 2
TRF-100704,2025-01-30 08:00:00,105,bus,34.2,782.0,clear,Lane 2
TRF-100705,2025-01-30 09:00:00,105,van,35.1,445.0,snowy,Lane 3
TRF-100706,2025-01-30 10:00:00,104,bike,58.6,905.0,snowy,Lane 1
TRF-100707,2025-01-30 11:00:00,108,bike,54.2,839.0,rainy,Lane 1
TRF-100708,2025-01-30 12:00:00,108,bike,47.9,919.0,foggy,Lane 3
TRF-100709,2025-01-30 13:00:00,108,car,63.1,706.0,rainy,Lane 3
TRF-100710,2025-01-30 14:00:00,107,bike,27.1,429.0,foggy,Express Lane
TRF-100711,2025-01-30 15:00:00,102,bus,81.2,882.0,clear,Lane 2
TRF-100712,2025-01-30 16:00:00,101,truck,39.0,170.0,clear,Lane 1
TRF-100713,2025-01-30 17:00:00,104,bike,46.4,407.0,foggy,Lane 2
TRF-100714,2025-01-30 18:00:00,108,truck,81.5,479.0,foggy,Lane 3
TRF-100715,2025-01-30 19:00:00,108,truck,35.2,917.0,cloudy,Lane 1
TRF-100716,2025-01-30 20:00:00,103,bike,66.4,879.0,clear,Lane 3
TRF-100717,2025-01-30 21:00:00,104,car,44.1,121.0,cloudy,Lane 3
TRF-100718,2025-01-30 22:00:00,108,bus,32.8,514.0,rainy,Express Lane
TRF-100719,2025-01-30 23:00:00,104,bike,41.1,450.0,cloudy,Express Lane
TRF-100720,2025-01-31 00:00:00,102,car,58.2,745.0,foggy,Lane 1
TRF-100721,2025-01-31 01:00:00,103,car,66.3,581.0,cloudy,Lane 2
TRF-100722,2025-01-31 02:00:00,104,motorcycle,52.1,933.0,snowy,Express Lane
TRF-100723,2025-01-31 03:00:00,101,motorcycle,19.2,630.0,clear,Lane 3
TRF-100724,2025-01-31 04:00:00,101,truck,59.4,214.0,rainy,Lane 3
TRF-100725,2025-01-31 05:00:00,105,van,45.4,994.0,clear,Lane 3
TRF-100726,2025-01-31 06:00:00,103,car,28.2,881.0,clear,Lane 2
TRF-100727,2025-01-31 07:00:00,103,motorcycle,54.2,220.0,rainy,Lane 2
TRF-100728,2025-01-31 08:00:00,105,truck,68.4,228.0,snowy,Lane 2
TRF-100729,2025-01-31 09:00:00,104,truck,48.1,373.0,rainy,Lane 1
TRF-100730,2025-01-31 10:00:00,103,bus,64.6,203.0,clear,Lane 2
TRF-100731,2025-01-31 11:00:00,101,car,56.3,246.0,foggy,Lane 3
TRF-100732,2025-01-31 12:00:00,101,truck,56.6,203.0,rainy,Lane 3
TRF-100733,2025-01-31 13:00:00,108,truck,42.5,107.0,foggy,Lane 1
TRF-100734,2025-01-31 14:00:00,102,truck,62.7,605.0,clear,Lane 2
TRF-100735,2025-01-31 15:00:00,103,motorcycle,64.5,870.0,snowy,Express Lane
TRF-100736,2025-01-31 16:00:00,104,bus,62.3,466.0,clear,Lane 1
TRF-100737,2025-01-31 17:00:00,105,bike,42.4,228.0,clear,Express Lane
TRF-100738,2025-01-31 18:00:00,105,bike,65.7,560.0,rainy,Lane 3
TRF-100739,2025-01-31 19:00:00,104,bus,55.0,1060.0,rainy,Lane 2
TRF-100740,2025-01-31 20:00:00,107,car,30.5,1033.0,rainy,Lane 1
TRF-100741,2025-01-31 21:00:00,106,car,41.1,663.0,clear,Lane 2
TRF-100742,2025-01-31 22:00:00,102,van,38.5,657.0,foggy,Lane 2
TRF-100743,2025-01-31 23:00:00,105,truck,12.2,554.0,clear,Express Lane
TRF-100744,2025-02-01 00:00:00,103,bus,66.1,992.0,foggy,Express Lane
TRF-100745,2025-02-01 01:00:00,102,bus,103.8,1073.0,foggy,Lane 3
TRF-100746,2025-02-01 02:00:00,103,car,69.8,283.0,rainy,Express Lane
TRF-100747,2025-02-01 03:00:00,107,car,50.9,627.0,clear,Express Lane
TRF-100748,2025-02-01 04:00:00,101,bike,38.7,602.0,rainy,Express Lane
TRF-100749,2025-02-01 05:00:00,102,car,31.3,922.0,snowy,Lane 3
TRF-100750,2025-02-01 06:00:00,108,car,50.7,244.0,foggy,Lane 3
TRF-100751,2025-02-01 07:00:00,105,bike,65.4,913.0,cloudy,Express Lane
TRF-100752,2025-02-01 08:00:00,102,motorcycle,35.9,631.0,foggy,Lane 1
TRF-100753,2025-02-01 09:00:00,102,bus,94.2,597.0,clear,Express Lane
TRF-100754,2025-02-01 10:00:00,102,car,23.1,635.0,cloudy,Lane 1
TRF-100755,2025-02-01 11:00:00,106,bus,52.0,581.0,snowy,Lane 1
TRF-100756,2025-02-01 12:00:00,102,truck,49.3,366.0,clear,Express Lane
TRF-100757,2025-02-01 13:00:00,103,car,48.1,348.0,clear,Lane 2
TRF-100758,2025-02-01 14:00:00,101,bus,37.8,495.0,clear,Lane 2
TRF-100759,2025-02-01 15:00:00,107,car,49.5,758.0,clear,Lane 3
TRF-100760,2025-02-01 16:00:00,104,bus,39.9,929.0,rainy,Lane 2
TRF-100761,2025-02-01 17:00:00,102,truck,71.2,380.0,snowy,Lane 2
TRF-100762,2025-02-01 18:00:00,105,motorcycle,77.2,979.0,rainy,Lane 3
TRF-100763,2025-02-01 19:00:00,102,bike,41.0,219.0,clear,Lane 1
TRF-100764,2025-02-01 20:00:00,105,car,18.4,716.0,clear,Lane 3
TRF-100765,2025-02-01 21:00:00,103,van,53.7,102.0,clear,Lane 2
TRF-100766,2025-02-01 22:00:00,105,truck,53.1,445.0,clear,Express Lane
TRF-100767,2025-02-01 23:00:00,108,bike,49.9,208.0,rainy,Lane 3
TRF-100768,2025-02-02 00:00:00,104,bike,57.6,106.0,cloudy,Lane 2
TRF-100769,2025-02-02 01:00:00,101,van,72.9,277.0,snowy,Lane 3
TRF-100770,2025-02-02 02:00:00,105,car,63.0,736.0,rainy,Express Lane
TRF-100771,2025-02-02 03:00:00,105,bus,57.6,1017.0,clear,Express Lane
TRF-100772,2025-02-02 04:00:00,101,truck,61.6,97.0,foggy,Express Lane
TRF-100773,2025-02-02 05:00:00,104,truck,52.5,879.0,rainy,Lane 2
TRF-100774,2025-02-02 06:00:00,102,car,31.0,617.0,clear,Lane 2
TRF-100775,2025-02-02 07:00:00,105,bus,74.1,872.0,rainy,Lane 3
TRF-100776,2025-02-02 08:00:00,101,motorcycle,49.8,810.0,rainy,Lane 2
TRF-100777,2025-02-02 09:00:00,108,car,31.0,911.0,rainy,Express Lane
TRF-100778,2025-02-02 10:00:00,108,van,27.7,751.0,cloudy,Express Lane
TRF-100779,2025-02-02 11:00:00,103,bus,31.5,353.0,clear,Lane 2
TRF-100780,2025-02-02 12:00:00,101,bus,25.8,1086.0,clear,Express Lane
TRF-100781,2025-02-02 13:00:00,103,bike,60.0,684.0,clear,Express Lane
TRF-100782,2025-02-02 14:00:00,108,bus,44.8,174.0,snowy,Lane 2
TRF-100783,2025-02-02 15:00:00,104,bus,62.0,803.0,clear,Express Lane
TRF-100784,2025-02-02 16:00:00,102,car,69.1,339.0,foggy,Express Lane
TRF-100785,2025-02-02 17:00:00,101,bike,64.4,173.0,clear,Express Lane
TRF-100786,2025-02-02 18:00:00,107,bus,59.4,971.0,clear,Lane 3
TRF-100787,2025-02-02 19:00:00,108,bus,53.2,693.0,foggy,Lane 1
TRF-100788,2025-02-02 20:00:00,108,bike,44.6,922.0,clear,Express Lane
TRF-100789,2025-02-02 21:00:00,107,bike,45.8,546.0,clear,Lane 1
TRF-100790,2025-02-02 22:00:00,106,bus,58.5,224.0,snowy,Express Lane
TRF-100791,2025-02-02 23:00:00,108,bus,30.7,847.0,snowy,Lane 3
TRF-100792,2025-02-03 00:00:00,105,car,47.0,758.0,rainy,Express Lane
TRF-100793,2025-02-03 01:00:00,104,car,34.6,505.0,clear,Lane 3
TRF-100794,2025-02-03 02:00:00,101,car,69.1,463.0,foggy,Lane 1
TRF-100795,2025-02-03 03:00:00,107,van,60.9,446.0,clear,Lane 3
TRF-100796,2025-02-03 04:00:00,105,van,86.5,740.0,foggy,Lane 2
TRF-100797,2025-02-03 05:00:00,107,truck,34.4,167.0,cloudy,Lane 3
TRF-100798,2025-02-03 06:00:00,101,bus,36.3,838.0,clear,Lane 1
TRF-100799,2025-02-03 07:00:00,103,truck,49.0,163.0,clear,Lane 2
TRF-100800,2025-02-03 08:00:00,101,motorcycle,34.9,813.0,clear,Lane 1
TRF-100801,2025-02-03 09:00:00,106,car,57.7,821.0,rainy,Lane 1
TRF-100802,2025-02-03 10:00:00,101,bus,47.1,763.0,rainy,Lane 2
TRF-100803,2025-02-03 11:00:00,101,car,39.2,406.0,snowy,Express Lane
TRF-100804,2025-02-03 12:00:00,106,bike,67.6,424.0,foggy,Express Lane
TRF-100805,2025-02-03 13:00:00,104,motorcycle,14.7,499.0,foggy,Lane 1
TRF-100806,2025-02-03 14:00:00,108,truck,57.8,800.0,foggy,Lane 1
TRF-100807,2025-02-03 15:00:00,101,truck,38.1,48.0,clear,Lane 1
TRF-100808,2025-02-03 16:00:00,106,bus,62.7,837.0,foggy,Lane 1
TRF-100809,2025-02-03 17:00:00,105,car,67.0,276.0,snowy,Lane 3
TRF-100810,2025-02-03 18:00:00,103,bus,7.0,371.0,rainy,Express Lane
TRF-100811,2025-02-03 19:00:00,103,truck,44.2,374.0,rainy,Lane 1
TRF-100812,2025-02-03 20:00:00,101,truck,49.0,953.0,clear,Express Lane
TRF-100813,2025-02-03 21:00:00,104,bike,5.6,416.0,rainy,Lane 3
TRF-100814,2025-02-03 22:00:00,104,bike,52.1,371.0,clear,Express Lane
TRF-100815,2025-02-03 23:00:00,105,bus,38.5,137.0,clear,Lane 1
TRF-100816,2025-02-04 00:00:00,101,bus,26.3,706.0,foggy,Lane 1
TRF-100817,2025-02-04 01:00:00,103,truck,36.3,662.0,rainy,Lane 3
TRF-100818,2025-02-04 02:00:00,104,bike,33.2,1027.0,foggy,Express Lane
TRF-100819,2025-02-04 03:00:00,101,truck,37.7,625.0,cloudy,Lane 2
TRF-100820,2025-02-04 04:00:00,107,truck,51.3,614.0,clear,Express Lane
TRF-100821,2025-02-04 05:00:00,104,car,65.7,506.0,cloudy,Lane 2
TRF-100822,2025-02-04 06:00:00,106,car,46.6,366.0,clear,Lane 2
TRF-100823,2025-02-04 07:00:00,107,car,67.8,342.0,cloudy,Lane 1
TRF-100824,2025-02-04 08:00:00,108,van,29.2,638.0,rainy,Lane 2
TRF-100825,2025-02-04 09:00:00,104,bus,50.8,819.0,clear,Lane 1
TRF-100826,2025-02-04 10:00:00,103,car,85.9,623.0,rainy,Express Lane
TRF-100827,2025-02-04 11:00:00,102,car,19.4,329.0,rainy,Express Lane
TRF-100828,2025-02-04 12:00:00,107,car,18.7,721.0,cloudy,Express Lane
TRF-100829,2025-02-04 13:00:00,108,car,71.0,757.0,clear,Lane 1
TRF-100830,2025-02-04 14:00:00,105,truck,52.0,265.0,foggy,Lane 2
TRF-100831,2025-02-04 15:00:00,105,truck,37.2,994.0,clear,Lane 3
TRF-100832,2025-02-04 16:00:00,103,bus,27.7,926.0,foggy,Lane 3
TRF-100833,2025-02-04 17:00:00,104,truck,47.4,240.0,foggy,Lane 3
TRF-100834,2025-02-04 18:00:00,101,van,50.4,315.0,cloudy,Express Lane
TRF-100835,2025-02-04 19:00:00,104,bike,50.5,452.0,clear,Express Lane
TRF-100836,2025-02-04 20:00:00,103,car,27.5,523.0,clear,Express Lane
TRF-100837,2025-02-04 21:00:00,105,car,41.9,1047.0,clear,Lane 3
TRF-100838,2025-02-04 22:00:00,104,car,37.8,866.0,foggy,Express Lane
TRF-100839,2025-02-04 23:00:00,105,bike,59.6,796.0,foggy,Lane 2
TRF-100840,2025-02-05 00:00:00,107,car,28.6,374.0,clear,Lane 2
TRF-100841,2025-02-05 01:00:00,108,bike,49.4,552.0,snowy,Express Lane
TRF-100842,2025-02-05 02:00:00,101,truck,95.4,848.0,snowy,Lane 2
TRF-100843,2025-02-05 03:00:00,107,bus,27.3,348.0,rainy,Lane 2
TRF-100844,2025-02-05 04:00:00,105,car,34.5,1046.0,foggy,Lane 3
TRF-100845,2025-02-05 05:00:00,105,bike,46.3,724.0,rainy,Express Lane
TRF-100846,2025-02-05 06:00:00,102,car,47.9,619.0,foggy,Lane 1
TRF-100847,2025-02-05 07:00:00,102,bus,22.3,664.0,cloudy,Lane 2
TRF-100848,2025-02-05 08:00:00,107,bike,53.6,237.0,rainy,Lane 2
TRF-100849,2025-02-05 09:00:00,106,car,44.8,215.0,clear,Express Lane
TRF-100850,2025-02-05 10:00:00,107,truck,67.0,1006.0,rainy,Lane 3
TRF-100851,2025-02-05 11:00:00,102,car,43.7,46.0,cloudy,Lane 3
TRF-100852,2025-02-05 12:00:00,105,car,42.1,283.0,clear,Lane 2
TRF-100853,2025-02-05 13:00:00,103,truck,35.3,1000.0,rainy,Lane 1
TRF-100854,2025-02-05 14:00:00,107,car,41.8,640.0,rainy,Express Lane
TRF-100855,2025-02-05 15:00:00,105,bus,26.2,475.0,rainy,Express Lane
TRF-100856,2025-02-05 16:00:00,103,bus,45.3,1025.0,clear,Lane 2
TRF-100857,2025-02-05 17:00:00,103,truck,30.5,913.0,foggy,Lane 3
TRF-100858,2025-02-05 18:00:00,102,car,26.2,1012.0,snowy,Lane 3
TRF-100859,2025-02-05 19:00:00,107,bike,36.5,535.0,clear,Lane 3
TRF-100860,2025-02-05 20:00:00,104,bike,56.1,357.0,clear,Lane 3
TRF-100861,2025-02-05 21:00:00,101,truck,50.6,378.0,cloudy,Lane 3
TRF-100862,2025-02-05 22:00:00,102,bike,60.0,336.0,clear,Express Lane
TRF-100863,2025-02-05 23:00:00,102,car,31.4,228.0,clear,Lane 3
TRF-100864,2025-02-06 00:00:00,104,truck,47.8,636.0,cloudy,Lane 2
TRF-100865,2025-02-06 01:00:00,101,car,78.6,640.0,rainy,Lane 1
TRF-100866,2025-02-06 02:00:00,105,bus,73.2,950.0,snowy,Lane 1
TRF-100867,2025-02-06 03:00:00,106,car,25.1,264.0,clear,Lane 3
TRF-100868,2025-02-06 04:00:00,107,truck,29.8,814.0,foggy,Express Lane
TRF-100869,2025-02-06 05:00:00,106,bus,78.6,871.0,snowy,Lane 2
TRF-100870,2025-02-06 06:00:00,105,bus,56.1,1071.0,snowy,Lane 2
TRF-100871,2025-02-06 07:00:00,108,bike,44.6,988.0,rainy,Lane 3
TRF-100872,2025-02-06 08:00:00,102,car,42.6,410.0,foggy,Lane 3
TRF-100873,2025-02-06 09:00:00,101,motorcycle,52.1,797.0,clear,Lane 3
TRF-100874,2025-02-06 10:00:00,102,bike,52.3,125.0,snowy,Lane 2
TRF-100875,2025-02-06 11:00:00,103,car,38.4,60.0,clear,Express Lane
TRF-100876,2025-02-06 12:00:00,102,car,45.1,126.0,snowy,Lane 2
TRF-100877,2025-02-06 13:00:00,102,motorcycle,37.8,734.0,rainy,Lane 1
TRF-100878,2025-02-06 14:00:00,105,bike,51.0,1099.0,clear,Lane 1
TRF-100879,2025-02-06 15:00:00,105,van,34.7,265.0,clear,Lane 1
TRF-100880,2025-02-06 16:00:00,105,motorcycle,25.2,366.0,rainy,Lane 1
TRF-100881,2025-02-06 17:00:00,106,motorcycle,74.6,703.0,clear,Lane 1
TRF-100882,2025-02-06 18:00:00,103,truck,46.7,314.0,snowy,Express Lane
TRF-100883,2025-02-06 19:00:00,108,car,78.5,163.0,rainy,Lane 3
TRF-100884,2025-02-06 20:00:00,108,truck,13.2,798.0,clear,Express Lane
TRF-100885,2025-02-06 21:00:00,105,car,21.9,724.0,foggy,Express Lane
TRF-100886,2025-02-06 22:00:00,101,bus,56.4,568.0,rainy,Lane 2
TRF-100887,2025-02-06 23:00:00,106,truck,46.8,289.0,rainy,Express Lane
TRF-100888,2025-02-07 00:00:00,104,van,47.9,532.0,clear,Lane 1
TRF-100889,2025-02-07 01:00:00,101,truck,68.5,621.0,clear,Lane 3
TRF-100890,2025-02-07 02:00:00,107,bus,32.3,925.0,rainy,Express Lane
TRF-100891,2025-02-07 03:00:00,107,truck,69.6,1051.0,cloudy,Express Lane
TRF-100892,2025-02-07 04:00:00,101,car,46.7,113.0,clear,Express Lane
TRF-100893,2025-02-07 05:00:00,105,bike,28.7,439.0,rainy,Lane 2
TRF-100894,2025-02-07 06:00:00,104,car,36.0,357.0,clear,Lane 1
TRF-100895,2025-02-07 07:00:00,104,car,72.7,375.0,rainy,Lane 3
TRF-100896,2025-02-07 08:00:00,106,truck,42.6,952.0,rainy,Lane 1
TRF-100897,2025-02-07 09:00:00,104,bike,65.5,126.0,foggy,Lane 1
TRF-100898,2025-02-07 10:00:00,107,car,73.2,666.0,clear,Lane 2
TRF-100899,2025-02-07 11:00:00,103,motorcycle,46.6,212.0,clear,Lane 3
TRF-100900,2025-02-07 12:00:00,105,truck,44.0,843.0,clear,Lane 2
TRF-100901,2025-02-07 13:00:00,104,truck,40.7,925.0,clear,Express Lane
TRF-100902,2025-02-07 14:00:00,106,car,54.3,690.0,clear,Lane 1
TRF-100903,2025-02-07 15:00:00,107,truck,75.1,974.0,snowy,Lane 1
TRF-100904,2025-02-07 16:00:00,103,van,25.9,831.0,rainy,Express Lane
TRF-100905,2025-02-07 17:00:00,102,van,51.9,407.0,clear,Lane 1
TRF-100906,2025-02-07 18:00:00,102,van,51.2,709.0,clear,Lane 2
TRF-100907,2025-02-07 19:00:00,103,bike,15.5,119.0,clear,Lane 1
TRF-100908,2025-02-07 20:00:00,107,car,32.0,517.0,rainy,Express Lane
TRF-100909,2025-02-07 21:00:00,106,motorcycle,35.7,849.0,rainy,Lane 3
TRF-100910,2025-02-07 22:00:00,103,car,61.8,892.0,clear,Lane 1
TRF-100911,2025-02-07 23:00:00,105,car,64.9,772.0,rainy,Lane 2
TRF-100912,2025-02-08 00:00:00,105,car,14.2,475.0,cloudy,Lane 1
TRF-100913,2025-02-08 01:00:00,102,bus,59.5,893.0,foggy,Express Lane
TRF-100914,2025-02-08 02:00:00,104,bike,57.2,1070.0,cloudy,Express Lane
TRF-100915,2025-02-08 03:00:00,106,bike,58.4,715.0,clear,Lane 3
TRF-100916,2025-02-08 04:00:00,102,car,50.7,1057.0,foggy,Lane 3
TRF-100917,2025-02-08 05:00:00,104,car,65.1,310.0,clear,Lane 2
TRF-100918,2025-02-08 06:00:00,104,bus,69.1,998.0,foggy,Lane 1
TRF-100919,2025-02-08 07:00:00,108,truck,18.6,562.0,clear,Lane 2
TRF-100920,2025-02-08 08:00:00,105,truck,47.1,634.0,clear,Express Lane
TRF-100921,2025-02-08 09:00:00,107,bike,43.4,507.0,cloudy,Lane 3
TRF-100922,2025-02-08 10:00:00,101,van,37.7,118.0,cloudy,Lane 2
TRF-100923,2025-02-08 11:00:00,107,truck,39.8,639.0,foggy,Lane 1
TRF-100924,2025-02-08 12:00:00,101,bike,51.4,171.0,clear,Express Lane
TRF-100925,2025-02-08 13:00:00,103,motorcycle,24.7,691.0,foggy,Lane 1
TRF-100926,2025-02-08 14:00:00,105,van,60.1,589.0,snowy,Lane 3
TRF-100927,2025-02-08 15:00:00,104,bike,41.4,80.0,clear,Lane 3
TRF-100928,2025-02-08 16:00:00,106,bus,63.7,237.0,snowy,Lane 3
TRF-100929,2025-02-08 17:00:00,101,bus,36.8,552.0,rainy,Lane 3
TRF-100930,2025-02-08 18:00:00,107,bike,35.9,738.0,cloudy,Lane 3
TRF-100931,2025-02-08 19:00:00,104,truck,31.0,837.0,rainy,Express Lane
TRF-100932,2025-02-08 20:00:00,101,car,36.9,110.0,rainy,Lane 1
TRF-100933,2025-02-08 21:00:00,101,car,33.6,438.0,rainy,Lane 1
TRF-100934,2025-02-08 22:00:00,108,truck,55.8,1003.0,clear,Lane 1
TRF-100935,2025-02-08 23:00:00,101,car,66.8,920.0,foggy,Lane 2
TRF-100936,2025-02-09 00:00:00,106,truck,55.0,711.0,clear,Lane 2
TRF-100937,2025-02-09 01:00:00,105,bus,46.6,115.0,foggy,Lane 3
TRF-100938,2025-02-09 02:00:00,106,truck,56.8,133.0,clear,Express Lane
TRF-100939,2025-02-09 03:00:00,102,car,47.3,489.0,cloudy,Express Lane
TRF-100940,2025-02-09 04:00:00,104,motorcycle,48.5,769.0,snowy,Lane 1
TRF-100941,2025-02-09 05:00:00,105,car,42.5,490.0,clear,Lane 3
TRF-100942,2025-02-09 06:00:00,108,truck,63.1,469.0,foggy,Express Lane
TRF-100943,2025-02-09 07:00:00,105,motorcycle,5.0,598.0,clear,Lane 1
TRF-100944,2025-02-09 08:00:00,105,truck,9.6,898.0,clear,Lane 1
TRF-100945,2025-02-09 09:00:00,107,motorcycle,66.5,579.0,snowy,Lane 1
TRF-100946,2025-02-09 10:00:00,105,truck,44.5,258.0,foggy,Lane 1
TRF-100947,2025-02-09 11:00:00,108,truck,64.5,200.0,clear,Lane 1
TRF-100948,2025-02-09 12:00:00,106,truck,37.1,64.0,foggy,Express Lane
TRF-100949,2025-02-09 13:00:00,105,truck,78.1,370.0,clear,Lane 1
TRF-100950,2025-02-09 14:00:00,103,truck,45.5,599.0,clear,Express Lane
TRF-100951,2025-02-09 15:00:00,104,car,56.1,566.0,cloudy,Express Lane
TRF-100952,2025-02-09 16:00:00,105,van,40.0,573.0,foggy,Lane 1
TRF-100953,2025-02-09 17:00:00,104,bike,31.9,385.0,rainy,Lane 2
TRF-100954,2025-02-09 18:00:00,103,truck,16.7,774.0,clear,Lane 2
TRF-100955,2025-02-09 19:00:00,103,van,62.1,1049.0,foggy,Lane 3
TRF-100956,2025-02-09 20:00:00,104,truck,55.1,562.0,clear,Lane 1
TRF-100957,2025-02-09 21:00:00,101,bike,49.7,402.0,rainy,Lane 3
TRF-100958,2025-02-09 22:00:00,102,van,27.5,1045.0,clear,Lane 2
TRF-100959,2025-02-09 23:00:00,107,truck,73.5,43.0,clear,Lane 1
TRF-100960,2025-02-10 00:00:00,101,bus,49.9,244.0,foggy,Lane 2
TRF-100961,2025-02-10 01:00:00,101,bus,60.7,565.0,clear,Express Lane
TRF-100962,2025-02-10 02:00:00,106,bus,47.9,1073.0,clear,Express Lane
TRF-100963,2025-02-10 03:00:00,107,bike,28.4,957.0,snowy,Lane 2
TRF-100964,2025-02-10 04:00:00,107,bike,65.9,465.0,rainy,Lane 3
TRF-100965,2025-02-10 05:00:00,101,bike,56.1,1020.0,rainy,Lane 1
TRF-100966,2025-02-10 06:00:00,105,car,47.9,386.0,snowy,Lane 3
TRF-100967,2025-02-10 07:00:00,106,bus,55.8,748.0,clear,Lane 1
TRF-100968,2025-02-10 08:00:00,106,car,62.7,901.0,cloudy,Lane 1
TRF-100969,2025-02-10 09:00:00,103,truck,59.9,636.0,foggy,Lane 1
TRF-100970,2025-02-10 10:00:00,108,motorcycle,17.2,807.0,foggy,Lane 2
TRF-100971,2025-02-10 11:00:00,107,motorcycle,21.2,355.0,clear,Lane 2
TRF-100972,2025-02-10 12:00:00,101,car,61.2,556.0,clear,Lane 3
TRF-100973,2025-02-10 13:00:00,103,bus,35.5,716.0,cloudy,Lane 3
TRF-100974,2025-02-10 14:00:00,104,car,29.1,248.0,rainy,Lane 3
TRF-100975,2025-02-10 15:00:00,102,truck,54.7,551.0,foggy,Lane 2
TRF-100976,2025-02-10 16:00:00,108,van,28.6,434.0,clear,Lane 2
TRF-100977,2025-02-10 17:00:00,108,bus,39.4,1072.0,clear,Express Lane
TRF-100978,2025-02-10 18:00:00,108,truck,63.3,609.0,rainy,Lane 1
TRF-100979,2025-02-10 19:00:00,106,truck,20.7,819.0,clear,Lane 1
TRF-100980,2025-02-10 20:00:00,104,bike,23.4,323.0,clear,Express Lane
TRF-100981,2025-02-10 21:00:00,108,truck,19.0,44.0,clear,Lane 3
TRF-100982,2025-02-10 22:00:00,104,truck,32.5,355.0,cloudy,Lane 1
TRF-100983,2025-02-10 23:00:00,105,motorcycle,49.5,1000.0,snowy,Express Lane
TRF-100984,2025-02-11 00:00:00,108,bike,36.9,187.0,rainy,Lane 1
TRF-100985,2025-02-11 01:00:00,102,bike,75.1,929.0,clear,Lane 2
TRF-100986,2025-02-11 02:00:00,104,van,56.2,835.0,clear,Lane 2
TRF-100987,2025-02-11 03:00:00,104,truck,47.7,176.0,rainy,Lane 2
TRF-100988,2025-02-11 04:00:00,102,truck,70.8,543.0,rainy,Lane 3
TRF-100989,2025-02-11 05:00:00,108,car,24.0,533.0,rainy,Lane 2
TRF-100990,2025-02-11 06:00:00,102,bus,63.6,442.0,clear,Lane 3
TRF-100991,2025-02-11 07:00:00,104,bus,43.7,621.0,clear,Lane 1
TRF-100992,2025-02-11 08:00:00,102,bus,39.8,795.0,clear,Lane 1
TRF-100993,2025-02-11 09:00:00,104,bus,59.0,266.0,clear,Lane 1
TRF-100994,2025-02-11 10:00:00,104,bus,40.6,425.0,foggy,Lane 1
TRF-100995,2025-02-11 11:00:00,105,bike,51.3,161.0,foggy,Lane 2
TRF-100996,2025-02-11 12:00:00,101,car,46.2,255.0,clear,Lane 1
TRF-100997,2025-02-11 13:00:00,104,motorcycle,53.5,147.0,clear,Lane 2
TRF-100998,2025-02-11 14:00:00,108,bus,38.9,560.0,snowy,Lane 1
TRF-100999,2025-02-11 15:00:00,103,motorcycle,64.7,368.0,cloudy,Lane 1
TRF-101000,2025-02-11 16:00:00,106,bike,11.2,448.0,clear,Lane 2
TRF-101001,2025-02-11 17:00:00,107,bus,59.5,491.0,clear,Lane 3
TRF-101002,2025-02-11 18:00:00,101,bike,14.0,705.0,rainy,Lane 2
TRF-101003,2025-02-11 19:00:00,101,truck,34.4,747.0,foggy,Lane 3
TRF-101004,2025-02-11 20:00:00,101,bus,57.4,143.0,cloudy,Express Lane
TRF-101005,2025-02-11 21:00:00,105,truck,11.8,592.0,snowy,Lane 2
TRF-101006,2025-02-11 22:00:00,104,truck,51.0,335.0,clear,Lane 3
TRF-101007,2025-02-11 23:00:00,105,car,23.3,652.0,snowy,Express Lane
TRF-101008,2025-02-12 00:00:00,104,bike,30.6,84.0,rainy,Lane 3
TRF-101009,2025-02-12 01:00:00,108,car,29.7,553.0,cloudy,Lane 2
TRF-101010,2025-02-12 02:00:00,105,bus,23.8,463.0,clear,Express Lane
TRF-101011,2025-02-12 03:00:00,105,motorcycle,16.9,219.0,snowy,Lane 3
TRF-101012,2025-02-12 04:00:00,106,car,85.3,560.0,foggy,Lane 2
TRF-101013,2025-02-12 05:00:00,103,truck,44.7,696.0,clear,Lane 3
TRF-101014,2025-02-12 06:00:00,105,bus,25.7,375.0,clear,Lane 1
TRF-101015,2025-02-12 07:00:00,106,car,37.9,294.0,clear,Lane 1
TRF-101016,2025-02-12 08:00:00,102,bike,48.7,901.0,rainy,Lane 1
TRF-101017,2025-02-12 09:00:00,103,bus,41.2,170.0,rainy,Express Lane
TRF-101018,2025-02-12 10:00:00,108,car,25.2,778.0,rainy,Express Lane
TRF-101019,2025-02-12 11:00:00,105,motorcycle,47.9,585.0,clear,Lane 2
TRF-101020,2025-02-12 12:00:00,107,bike,69.3,268.0,clear,Express Lane
TRF-101021,2025-02-12 13:00:00,101,van,22.8,865.0,clear,Lane 3
TRF-101022,2025-02-12 14:00:00,102,truck,12.1,999.0,snowy,Express Lane
TRF-101023,2025-02-12 15:00:00,102,bike,41.0,594.0,cloudy,Express Lane
TRF-101024,2025-02-12 16:00:00,108,bus,13.2,650.0,rainy,Express Lane
TRF-101025,2025-02-12 17:00:00,106,car,31.6,286.0,cloudy,Lane 1
TRF-101026,2025-02-12 18:00:00,102,car,25.5,1064.0,rainy,Lane 2
TRF-101027,2025-02-12 19:00:00,103,motorcycle,25.6,207.0,rainy,Express Lane
TRF-101028,2025-02-12 20:00:00,105,bike,49.3,1012.0,foggy,Lane 2
TRF-101029,2025-02-12 21:00:00,105,car,52.6,426.0,cloudy,Lane 3
TRF-101030,2025-02-12 22:00:00,107,bike,47.9,566.0,clear,Lane 2
TRF-101031,2025-02-12 23:00:00,108,motorcycle,46.3,667.0,clear,Lane 2
TRF-101032,2025-02-13 00:00:00,101,van,32.6,295.0,clear,Express Lane
TRF-101033,2025-02-13 01:00:00,106,bus,55.2,1014.0,clear,Lane 3
TRF-101034,2025-02-13 02:00:00,101,motorcycle,21.4,433.0,clear,Lane 1
TRF-101035,2025-02-13 03:00:00,102,motorcycle,51.0,168.0,snowy,Lane 3
TRF-101036,2025-02-13 04:00:00,108,truck,52.3,98.0,foggy,Lane 1
TRF-101037,2025-02-13 05:00:00,107,truck,90.0,834.0,rainy,Lane 1
TRF-101038,2025-02-13 06:00:00,101,bus,16.4,206.0,rainy,Lane 1
TRF-101039,2025-02-13 07:00:00,103,truck,95.8,574.0,cloudy,Lane 1
TRF-101040,2025-02-13 08:00:00,105,car,61.6,330.0,clear,Lane 2
TRF-101041,2025-02-13 09:00:00,102,car,80.9,1044.0,foggy,Lane 1
TRF-101042,2025-02-13 10:00:00,107,bike,64.3,675.0,clear,Lane 2
TRF-101043,2025-02-13 11:00:00,101,truck,31.0,428.0,foggy,Lane 3
TRF-101044,2025-02-13 12:00:00,106,truck,59.8,786.0,rainy,Lane 1
TRF-101045,2025-02-13 13:00:00,103,bike,36.0,602.0,clear,Express Lane
TRF-101046,2025-02-13 14:00:00,103,car,46.4,85.0,cloudy,Lane 1
TRF-101047,2025-02-13 15:00:00,101,car,26.9,411.0,rainy,Lane 1
TRF-101048,2025-02-13 16:00:00,105,truck,35.8,500.0,clear,Lane 1
TRF-101049,2025-02-13 17:00:00,101,truck,64.1,664.0,clear,Lane 1
TRF-101050,2025-02-13 18:00:00,102,bus,55.9,772.0,snowy,Express Lane
TRF-101051,2025-02-13 19:00:00,101,truck,66.4,64.0,snowy,Lane 3
TRF-101052,2025-02-13 20:00:00,103,van,22.8,1005.0,foggy,Lane 1
TRF-101053,2025-02-13 21:00:00,107,bike,14.3,50.0,rainy,Express Lane
TRF-101054,2025-02-13 22:00:00,101,truck,67.8,294.0,rainy,Express Lane
TRF-101055,2025-02-13 23:00:00,105,bike,66.5,486.0,cloudy,Lane 3
TRF-101056,2025-02-14 00:00:00,108,truck,51.8,979.0,cloudy,Lane 3
TRF-101057,2025-02-14 01:00:00,107,bike,55.5,412.0,clear,Lane 3
TRF-101058,2025-02-14 02:00:00,106,truck,63.6,564.0,foggy,Express Lane
TRF-101059,2025-02-14 03:00:00,104,van,51.3,1092.0,clear,Lane 2
TRF-101060,2025-02-14 04:00:00,101,truck,57.7,1013.0,cloudy,Lane 2
TRF-101061,2025-02-14 05:00:00,105,truck,62.7,1075.0,clear,Express Lane
TRF-101062,2025-02-14 06:00:00,107,truck,46.3,76.0,clear,Lane 1
TRF-101063,2025-02-14 07:00:00,105,truck,41.8,775.0,clear,Express Lane
TRF-101064,2025-02-14 08:00:00,106,car,54.9,568.0,rainy,Express Lane
TRF-101065,2025-02-14 09:00:00,103,motorcycle,88.8,708.0,clear,Lane 3
TRF-101066,2025-02-14 10:00:00,105,truck,32.7,1013.0,clear,Lane 3
TRF-101067,2025-02-14 11:00:00,107,truck,40.2,74.0,clear,Lane 1
TRF-101068,2025-02-14 12:00:00,105,bus,16.4,304.0,clear,Express Lane
TRF-101069,2025-02-14 13:00:00,105,car,55.8,1014.0,clear,Lane 1
TRF-101070,2025-02-14 14:00:00,105,motorcycle,38.5,261.0,snowy,Lane 3
TRF-101071,2025-02-14 15:00:00,102,bus,22.8,115.0,rainy,Express Lane
TRF-101072,2025-02-14 16:00:00,102,bus,46.9,206.0,clear,Express Lane
TRF-101073,2025-02-14 17:00:00,103,bike,47.9,667.0,clear,Lane 2
TRF-101074,2025-02-14 18:00:00,101,bike,41.7,617.0,clear,Lane 3
TRF-101075,2025-02-14 19:00:00,105,car,43.3,632.0,cloudy,Lane 1
TRF-101076,2025-02-14 20:00:00,106,truck,47.9,667.0,clear,Express Lane
TRF-101077,2025-02-14 21:00:00,101,bus,47.9,560.0,snowy,Lane 3
TRF-101078,2025-02-14 22:00:00,106,car,26.3,1028.0,clear,Lane 1
TRF-101079,2025-02-14 23:00:00,101,car,60.4,641.0,foggy,Lane 2
TRF-101080,2025-02-15 00:00:00,103,car,68.2,180.0,clear,Lane 3
TRF-101081,2025-02-15 01:00:00,105,bike,44.4,613.0,clear,Lane 1
TRF-101082,2025-02-15 02:00:00,105,car,50.3,1017.0,cloudy,Express Lane
TRF-101083,2025-02-15 03:00:00,104,truck,24.4,399.0,snowy,Lane 3
TRF-101084,2025-02-15 04:00:00,106,bike,32.3,1004.0,clear,Lane 2
TRF-101085,2025-02-15 05:00:00,101,van,42.0,101.0,rainy,Lane 3
TRF-101086,2025-02-15 06:00:00,101,motorcycle,49.4,889.0,cloudy,Lane 1
TRF-101087,2025-02-15 07:00:00,108,bike,36.8,382.0,clear,Lane 1
TRF-101088,2025-02-15 08:00:00,108,car,41.3,1064.0,clear,Lane 3
TRF-101089,2025-02-15 09:00:00,102,car,45.8,839.0,foggy,Lane 3
TRF-101090,2025-02-15 10:00:00,104,truck,30.0,770.0,foggy,Lane 1
TRF-101091,2025-02-15 11:00:00,107,bus,43.2,667.0,snowy,Express Lane
TRF-101092,2025-02-15 12:00:00,108,van,68.8,182.0,cloudy,Lane 1
TRF-101093,2025-02-15 13:00:00,107,truck,37.3,415.0,clear,Lane 3
TRF-101094,2025-02-15 14:00:00,102,bike,31.8,720.0,snowy,Express Lane
TRF-101095,2025-02-15 15:00:00,102,bus,85.5,168.0,foggy,Lane 2
TRF-101096,2025-02-15 16:00:00,102,car,52.1,235.0,clear,Lane 1
TRF-101097,2025-02-15 17:00:00,106,truck,34.1,125.0,clear,Lane 2
TRF-101098,2025-02-15 18:00:00,106,truck,59.6,755.0,foggy,Express Lane
TRF-101099,2025-02-15 19:00:00,103,bus,52.6,347.0,clear,Lane 2
TRF-101100,2025-02-15 20:00:00,103,car,37.7,541.0,rainy,Lane 2
TRF-101101,2025-02-15 21:00:00,102,car,47.1,48.0,snowy,Express Lane
TRF-101102,2025-02-15 22:00:00,104,truck,42.8,436.0,clear,Express Lane
TRF-101103,2025-02-15 23:00:00,101,car,65.8,998.0,rainy,Lane 1
TRF-101104,2025-02-16 00:00:00,106,bus,60.3,892.0,clear,Lane 2
TRF-101105,2025-02-16 01:00:00,104,truck,9.4,130.0,foggy,Lane 3
TRF-101106,2025-02-16 02:00:00,105,truck,82.3,622.0,clear,Lane 3
TRF-101107,2025-02-16 03:00:00,106,car,42.8,724.0,clear,Express Lane
TRF-101108,2025-02-16 04:00:00,106,car,79.0,47.0,clear,Lane 3
TRF-101109,2025-02-16 05:00:00,103,truck,60.9,158.0,rainy,Lane 1
TRF-101110,2025-02-16 06:00:00,101,truck,47.9,1021.0,foggy,Express Lane
TRF-101111,2025-02-16 07:00:00,101,motorcycle,46.3,395.0,cloudy,Express Lane
TRF-101112,2025-02-16 08:00:00,108,car,97.7,491.0,clear,Lane 2
TRF-101113,2025-02-16 09:00:00,107,bus,43.1,964.0,foggy,Express Lane
TRF-101114,2025-02-16 10:00:00,107,bike,35.9,361.0,clear,Lane 3
TRF-101115,2025-02-16 11:00:00,107,van,37.5,714.0,clear,Express Lane
TRF-101116,2025-02-16 12:00:00,107,bus,48.0,940.0,rainy,Lane 2
TRF-101117,2025-02-16 13:00:00,105,bike,48.0,49.0,foggy,Lane 1
TRF-101118,2025-02-16 14:00:00,105,car,66.1,575.0,clear,Lane 3
TRF-101119,2025-02-16 15:00:00,106,truck,61.6,601.0,snowy,Express Lane
TRF-101120,2025-02-16 16:00:00,102,motorcycle,61.7,491.0,foggy,Lane 1
TRF-101121,2025-02-16 17:00:00,103,motorcycle,43.9,938.0,cloudy,Lane 2
TRF-101122,2025-02-16 18:00:00,103,bike,60.2,634.0,snowy,Lane 2
TRF-101123,2025-02-16 19:00:00,107,car,62.1,352.0,rainy,Lane 1
TRF-101124,2025-02-16 20:00:00,106,bike,46.6,118.0,foggy,Lane 2
TRF-101125,2025-02-16 21:00:00,108,car,53.0,202.0,rainy,Lane 2
TRF-101126,2025-02-16 22:00:00,104,bus,62.0,69.0,clear,Lane 2
TRF-101127,2025-02-16 23:00:00,102,bike,51.8,963.0,rainy,Lane 2
TRF-101128,2025-02-17 00:00:00,106,motorcycle,53.5,232.0,cloudy,Express Lane
TRF-101129,2025-02-17 01:00:00,102,bus,73.3,272.0,clear,Lane 1
TRF-101130,2025-02-17 02:00:00,102,car,51.9,117.0,rainy,Lane 1
TRF-101131,2025-02-17 03:00:00,102,truck,37.1,703.0,cloudy,Lane 2
TRF-101132,2025-02-17 04:00:00,106,truck,23.8,561.0,rainy,Lane 2
TRF-101133,2025-02-17 05:00:00,107,car,50.0,689.0,snowy,Lane 1
TRF-101134,2025-02-17 06:00:00,103,van,42.0,742.0,cloudy,Express Lane
TRF-101135,2025-02-17 07:00:00,103,truck,62.5,276.0,clear,Lane 3
TRF-101136,2025-02-17 08:00:00,107,car,76.4,654.0,rainy,Express Lane
TRF-101137,2025-02-17 09:00:00,102,bus,29.5,760.0,clear,Express Lane
TRF-101138,2025-02-17 10:00:00,104,truck,32.1,1014.0,clear,Lane 3
TRF-101139,2025-02-17 11:00:00,101,car,47.6,525.0,rainy,Lane 2
TRF-101140,2025-02-17 12:00:00,106,truck,33.6,444.0,cloudy,Express Lane
TRF-101141,2025-02-17 13:00:00,101,car,44.0,999.0,cloudy,Lane 2
TRF-101142,2025-02-17 14:00:00,108,car,38.3,644.0,foggy,Lane 3
TRF-101143,2025-02-17 15:00:00,107,van,29.9,108.0,snowy,Express Lane
TRF-101144,2025-02-17 16:00:00,104,truck,62.9,557.0,snowy,Lane 3
TRF-101145,2025-02-17 17:00:00,106,car,49.4,735.0,rainy,Lane 1
TRF-101146,2025-02-17 18:00:00,107,car,80.9,666.0,foggy,Lane 2
TRF-101147,2025-02-17 19:00:00,102,car,54.5,928.0,clear,Express Lane
TRF-101148,2025-02-17 20:00:00,103,truck,71.2,940.0,foggy,Lane 1
TRF-101149,2025-02-17 21:00:00,101,truck,34.9,573.0,rainy,Express Lane
TRF-101150,2025-02-17 22:00:00,105,car,34.7,1045.0,rainy,Lane 2
TRF-101151,2025-02-17 23:00:00,105,bus,88.0,719.0,rainy,Lane 2
TRF-101152,2025-02-18 00:00:00,104,bus,37.0,248.0,clear,Lane 1
TRF-101153,2025-02-18 01:00:00,102,motorcycle,30.9,1024.0,rainy,Lane 2
TRF-101154,2025-02-18 02:00:00,108,bus,26.9,132.0,clear,Lane 3
TRF-101155,2025-02-18 03:00:00,101,van,82.5,913.0,rainy,Lane 3
TRF-101156,2025-02-18 04:00:00,102,car,43.1,659.0,clear,Lane 1
TRF-101157,2025-02-18 05:00:00,101,bike,55.3,784.0,rainy,Lane 3
TRF-101158,2025-02-18 06:00:00,104,car,50.7,36.0,clear,Lane 2
TRF-101159,2025-02-18 07:00:00,104,truck,35.0,417.0,rainy,Lane 1
TRF-101160,2025-02-18 08:00:00,108,bus,42.7,857.0,rainy,Express Lane
TRF-101161,2025-02-18 09:00:00,105,bus,63.2,71.0,clear,Lane 3
TRF-101162,2025-02-18 10:00:00,102,car,25.9,125.0,foggy,Lane 1
TRF-101163,2025-02-18 11:00:00,106,van,60.1,275.0,foggy,Lane 1
TRF-101164,2025-02-18 12:00:00,105,car,73.8,143.0,rainy,Lane 2
TRF-101165,2025-02-18 13:00:00,102,car,53.3,573.0,cloudy,Lane 2
TRF-101166,2025-02-18 14:00:00,105,truck,72.0,359.0,clear,Lane 1
TRF-101167,2025-02-18 15:00:00,106,van,23.3,301.0,clear,Lane 3
TRF-101168,2025-02-18 16:00:00,103,truck,15.1,290.0,foggy,Lane 3
TRF-101169,2025-02-18 17:00:00,103,car,52.4,746.0,rainy,Lane 1
TRF-101170,2025-02-18 18:00:00,108,bus,37.4,293.0,rainy,Lane 1
TRF-101171,2025-02-18 19:00:00,103,car,63.8,830.0,rainy,Express Lane
TRF-101172,2025-02-18 20:00:00,103,truck,42.4,347.0,foggy,Express Lane
TRF-101173,2025-02-18 21:00:00,107,bike,50.6,189.0,clear,Lane 3
TRF-101174,2025-02-18 22:00:00,101,bike,49.5,506.0,rainy,Lane 2
TRF-101175,2025-02-18 23:00:00,107,car,50.0,670.0,clear,Express Lane
TRF-101176,2025-02-19 00:00:00,107,motorcycle,38.2,888.0,clear,Lane 1
TRF-101177,2025-02-19 01:00:00,108,truck,23.4,177.0,rainy,Express Lane
TRF-101178,2025-02-19 02:00:00,107,bike,44.1,1004.0,foggy,Lane 2
TRF-101179,2025-02-19 03:00:00,103,car,74.1,81.0,rainy,Lane 2
TRF-101180,2025-02-19 04:00:00,106,van,37.0,287.0,clear,Lane 2
TRF-101181,2025-02-19 05:00:00,108,bike,36.9,1049.0,clear,Lane 1
TRF-101182,2025-02-19 06:00:00,108,truck,50.8,277.0,foggy,Lane 3
TRF-101183,2025-02-19 07:00:00,104,van,26.8,560.0,rainy,Lane 2
TRF-101184,2025-02-19 08:00:00,108,truck,66.1,976.0,foggy,Lane 2
TRF-101185,2025-02-19 09:00:00,104,motorcycle,28.5,243.0,clear,Lane 3
TRF-101186,2025-02-19 10:00:00,108,truck,42.8,573.0,clear,Lane 3
TRF-101187,2025-02-19 11:00:00,101,truck,93.7,261.0,clear,Lane 2
TRF-101188,2025-02-19 12:00:00,103,car,27.4,672.0,clear,Lane 2
TRF-101189,2025-02-19 13:00:00,108,bus,74.5,42.0,cloudy,Lane 1
TRF-101190,2025-02-19 14:00:00,103,truck,50.2,867.0,clear,Lane 1
TRF-101191,2025-02-19 15:00:00,103,truck,52.7,562.0,clear,Lane 3
TRF-101192,2025-02-19 16:00:00,105,bus,33.4,868.0,clear,Lane 2
TRF-101193,2025-02-19 17:00:00,108,bus,62.4,648.0,rainy,Lane 3
TRF-101194,2025-02-19 18:00:00,102,car,41.4,435.0,cloudy,Lane 3
TRF-101195,2025-02-19 19:00:00,105,bus,27.3,317.0,clear,Express Lane
TRF-101196,2025-02-19 20:00:00,102,car,47.9,455.0,rainy,Lane 1
TRF-101197,2025-02-19 21:00:00,103,car,41.1,465.0,rainy,Express Lane
TRF-101198,2025-02-19 22:00:00,103,bike,14.5,1019.0,foggy,Express Lane
TRF-101199,2025-02-19 23:00:00,105,van,43.2,110.0,rainy,Lane 3
TRF-101200,2025-02-20 00:00:00,105,bike,62.5,387.0,cloudy,Lane 1
TRF-101201,2025-02-20 01:00:00,102,truck,59.7,731.0,clear,Express Lane
TRF-101202,2025-02-20 02:00:00,104,bus,36.5,284.0,foggy,Lane 1
TRF-101203,2025-02-20 03:00:00,102,car,30.4,928.0,clear,Express Lane
TRF-101204,2025-02-20 04:00:00,105,bus,23.4,195.0,clear,Express Lane
TRF-101205,2025-02-20 05:00:00,106,van,47.6,494.0,clear,Lane 3
TRF-101206,2025-02-20 06:00:00,105,car,50.7,285.0,snowy,Lane 1
TRF-101207,2025-02-20 07:00:00,106,bus,60.8,452.0,clear,Express Lane
TRF-101208,2025-02-20 08:00:00,101,bus,45.3,227.0,clear,Lane 2
TRF-101209,2025-02-20 09:00:00,105,truck,44.8,586.0,foggy,Lane 2
TRF-101210,2025-02-20 10:00:00,101,truck,43.0,912.0,clear,Lane 1
TRF-101211,2025-02-20 11:00:00,104,bike,50.7,554.0,clear,Lane 2
TRF-101212,2025-02-20 12:00:00,102,car,45.6,584.0,foggy,Lane 3
TRF-101213,2025-02-20 13:00:00,106,car,64.9,36.0,clear,Lane 1
TRF-101214,2025-02-20 14:00:00,102,car,53.6,73.0,cloudy,Lane 2
TRF-101215,2025-02-20 15:00:00,101,car,49.9,764.0,clear,Lane 1
TRF-101216,2025-02-20 16:00:00,106,van,47.2,618.0,snowy,Lane 3
TRF-101217,2025-02-20 17:00:00,102,bus,31.0,560.0,snowy,Lane 1
TRF-101218,2025-02-20 18:00:00,105,bike,48.0,520.0,rainy,Lane 2
TRF-101219,2025-02-20 19:00:00,103,car,36.4,347.0,cloudy,Lane 3
TRF-101220,2025-02-20 20:00:00,101,car,54.2,247.0,clear,Lane 3
TRF-101221,2025-02-20 21:00:00,102,bus,44.2,530.0,clear,Lane 3
TRF-101222,2025-02-20 22:00:00,101,bike,78.0,362.0,clear,Lane 3
TRF-101223,2025-02-20 23:00:00,107,van,25.3,582.0,clear,Express Lane
TRF-101224,2025-02-21 00:00:00,101,truck,5.0,1076.0,rainy,Lane 3
TRF-101225,2025-02-21 01:00:00,106,truck,52.8,245.0,clear,Lane 3
TRF-101226,2025-02-21 02:00:00,107,bike,36.4,1096.0,clear,Express Lane
TRF-101227,2025-02-21 03:00:00,108,car,50.9,772.0,foggy,Lane 3
TRF-101228,2025-02-21 04:00:00,106,car,25.8,965.0,rainy,Lane 2
TRF-101229,2025-02-21 05:00:00,103,truck,82.4,443.0,cloudy,Lane 1
TRF-101230,2025-02-21 06:00:00,107,motorcycle,41.0,651.0,foggy,Lane 1
TRF-101231,2025-02-21 07:00:00,108,car,35.3,646.0,clear,Lane 1
TRF-101232,2025-02-21 08:00:00,105,bike,82.0,345.0,cloudy,Lane 3
TRF-101233,2025-02-21 09:00:00,101,bus,63.1,796.0,clear,Express Lane
TRF-101234,2025-02-21 10:00:00,102,car,73.0,528.0,cloudy,Lane 1
TRF-101235,2025-02-21 11:00:00,104,truck,44.9,378.0,foggy,Express Lane
TRF-101236,2025-02-21 12:00:00,101,car,48.8,104.0,clear,Lane 1
TRF-101237,2025-02-21 13:00:00,108,bike,37.3,262.0,foggy,Lane 1
TRF-101238,2025-02-21 14:00:00,101,bike,35.2,942.0,foggy,Lane 3
TRF-101239,2025-02-21 15:00:00,103,car,55.2,753.0,clear,Lane 3
TRF-101240,2025-02-21 16:00:00,105,bus,47.9,599.0,clear,Express Lane
TRF-101241,2025-02-21 17:00:00,104,car,88.0,67.0,rainy,Lane 1
TRF-101242,2025-02-21 18:00:00,107,car,63.2,291.0,cloudy,Lane 2
TRF-101243,2025-02-21 19:00:00,107,bike,81.9,241.0,clear,Lane 2
TRF-101244,2025-02-21 20:00:00,107,bike,7.9,1020.0,clear,Lane 1
TRF-101245,2025-02-21 21:00:00,108,truck,82.1,814.0,clear,Lane 1
TRF-101246,2025-02-21 22:00:00,106,truck,5.1,235.0,snowy,Lane 2
TRF-101247,2025-02-21 23:00:00,106,car,25.3,34.0,rainy,Lane 1
TRF-101248,2025-02-22 00:00:00,102,truck,16.5,177.0,clear,Express Lane
TRF-101249,2025-02-22 01:00:00,104,car,52.4,1004.0,foggy,Lane 1
TRF-101250,2025-02-22 02:00:00,107,truck,47.7,416.0,clear,Lane 3
TRF-101251,2025-02-22 03:00:00,106,bus,62.3,457.0,rainy,Lane 3
TRF-101252,2025-02-22 04:00:00,108,van,46.4,398.0,clear,Lane 2
TRF-101253,2025-02-22 05:00:00,102,truck,70.1,1030.0,foggy,Lane 1
TRF-101254,2025-02-22 06:00:00,105,bus,31.2,677.0,clear,Lane 3
TRF-101255,2025-02-22 07:00:00,102,bike,70.5,1075.0,clear,Lane 1
TRF-101256,2025-02-22 08:00:00,106,truck,47.4,579.0,rainy,Express Lane
TRF-101257,2025-02-22 09:00:00,103,truck,90.4,568.0,snowy,Lane 3
TRF-101258,2025-02-22 10:00:00,108,truck,63.7,506.0,clear,Lane 2
TRF-101259,2025-02-22 11:00:00,103,bus,42.5,203.0,foggy,Lane 1
TRF-101260,2025-02-22 12:00:00,107,bus,47.4,102.0,foggy,Lane 2
TRF-101261,2025-02-22 13:00:00,103,bus,29.8,560.0,clear,Lane 3
TRF-101262,2025-02-22 14:00:00,107,truck,54.5,774.0,clear,Lane 3
TRF-101263,2025-02-22 15:00:00,107,van,42.5,1056.0,clear,Lane 3
TRF-101264,2025-02-22 16:00:00,106,car,61.0,472.0,cloudy,Express Lane
TRF-101265,2025-02-22 17:00:00,103,car,23.9,108.0,foggy,Express Lane
TRF-101266,2025-02-22 18:00:00,107,motorcycle,42.1,168.0,cloudy,Lane 3
TRF-101267,2025-02-22 19:00:00,104,bus,27.1,844.0,snowy,Lane 1
TRF-101268,2025-02-22 20:00:00,105,car,28.2,560.0,clear,Express Lane
TRF-101269,2025-02-22 21:00:00,102,van,58.9,912.0,rainy,Lane 3
TRF-101270,2025-02-22 22:00:00,102,motorcycle,68.2,754.0,foggy,Lane 1
TRF-101271,2025-02-22 23:00:00,106,truck,6.0,542.0,foggy,Lane 2
TRF-101272,2025-02-23 00:00:00,103,car,81.5,725.0,clear,Express Lane
TRF-101273,2025-02-23 01:00:00,103,bus,73.3,756.0,snowy,Lane 3
TRF-101274,2025-02-23 02:00:00,107,truck,23.8,106.0,rainy,Express Lane
TRF-101275,2025-02-23 03:00:00,108,truck,62.9,1096.0,snowy,Lane 1
TRF-101276,2025-02-23 04:00:00,101,bike,39.7,559.0,snowy,Lane 1
TRF-101277,2025-02-23 05:00:00,107,bike,46.2,1042.0,clear,Lane 1
TRF-101278,2025-02-23 06:00:00,105,car,58.8,219.0,rainy,Express Lane
TRF-101279,2025-02-23 07:00:00,104,bike,56.6,904.0,rainy,Lane 3
TRF-101280,2025-02-23 08:00:00,102,bike,37.7,291.0,clear,Lane 1
TRF-101281,2025-02-23 09:00:00,107,bike,37.6,560.0,rainy,Express Lane
TRF-101282,2025-02-23 10:00:00,101,car,38.7,670.0,clear,Lane 2
TRF-101283,2025-02-23 11:00:00,101,bus,68.6,307.0,clear,Express Lane
TRF-101284,2025-02-23 12:00:00,107,car,14.5,560.0,clear,Express Lane
TRF-101285,2025-02-23 13:00:00,106,bus,45.1,336.0,clear,Lane 2
TRF-101286,2025-02-23 14:00:00,102,truck,76.3,636.0,snowy,Lane 2
TRF-101287,2025-02-23 15:00:00,106,bus,60.7,579.0,snowy,Lane 2
TRF-101288,2025-02-23 16:00:00,104,truck,66.9,329.0,clear,Lane 2
TRF-101289,2025-02-23 17:00:00,101,car,45.3,376.0,rainy,Lane 1
TRF-101290,2025-02-23 18:00:00,101,truck,27.1,455.0,rainy,Lane 3
TRF-101291,2025-02-23 19:00:00,105,truck,49.0,71.0,cloudy,Lane 2
TRF-101292,2025-02-23 20:00:00,104,bus,35.6,345.0,foggy,Lane 3
TRF-101293,2025-02-23 21:00:00,101,bike,88.2,667.0,cloudy,Lane 3
TRF-101294,2025-02-23 22:00:00,104,truck,45.2,106.0,clear,Lane 1
TRF-101295,2025-02-23 23:00:00,102,bike,59.5,125.0,cloudy,Lane 3
TRF-101296,2025-02-24 00:00:00,103,truck,78.6,848.0,foggy,Lane 2
TRF-101297,2025-02-24 01:00:00,101,bus,28.3,766.0,foggy,Express Lane
TRF-101298,2025-02-24 02:00:00,105,car,7.0,779.0,cloudy,Express Lane
TRF-101299,2025-02-24 03:00:00,102,truck,56.8,234.0,rainy,Express Lane
TRF-101300,2025-02-24 04:00:00,107,truck,60.2,965.0,clear,Lane 3
TRF-101301,2025-02-24 05:00:00,104,car,40.5,684.0,cloudy,Express Lane
TRF-101302,2025-02-24 06:00:00,107,truck,27.2,560.0,clear,Lane 1
TRF-101303,2025-02-24 07:00:00,106,bike,53.6,773.0,rainy,Express Lane
TRF-101304,2025-02-24 08:00:00,102,car,47.6,324.0,clear,Express Lane
TRF-101305,2025-02-24 09:00:00,107,motorcycle,53.8,860.0,clear,Lane 3
TRF-101306,2025-02-24 10:00:00,108,bike,27.6,671.0,rainy,Lane 3
TRF-101307,2025-02-24 11:00:00,108,bus,53.8,314.0,clear,Lane 3
TRF-101308,2025-02-24 12:00:00,101,truck,62.8,541.0,clear,Lane 2
TRF-101309,2025-02-24 13:00:00,104,motorcycle,20.9,1037.0,snowy,Lane 2
TRF-101310,2025-02-24 14:00:00,103,truck,74.3,58.0,snowy,Lane 3
TRF-101311,2025-02-24 15:00:00,102,car,52.6,1060.0,rainy,Express Lane
TRF-101312,2025-02-24 16:00:00,101,truck,63.3,571.0,clear,Lane 3
TRF-101313,2025-02-24 17:00:00,105,truck,25.0,244.0,foggy,Lane 1
TRF-101314,2025-02-24 18:00:00,106,truck,60.3,656.0,cloudy,Express Lane
TRF-101315,2025-02-24 19:00:00,104,car,18.4,244.0,clear,Express Lane
TRF-101316,2025-02-24 20:00:00,102,bike,30.9,250.0,foggy,Lane 3
TRF-101317,2025-02-24 21:00:00,108,bus,52.7,1053.0,clear,Express Lane
TRF-101318,2025-02-24 22:00:00,102,car,43.0,290.0,clear,Express Lane
TRF-101319,2025-02-24 23:00:00,103,bus,48.5,1053.0,clear,Lane 1
TRF-101320,2025-02-25 00:00:00,108,bus,82.7,595.0,snowy,Lane 1
TRF-101321,2025-02-25 01:00:00,103,car,48.2,830.0,rainy,Lane 3
TRF-101322,2025-02-25 02:00:00,105,van,60.8,675.0,foggy,Express Lane
TRF-101323,2025-02-25 03:00:00,106,truck,46.8,1077.0,clear,Lane 2
TRF-101324,2025-02-25 04:00:00,105,car,46.3,1018.0,rainy,Lane 1
TRF-101325,2025-02-25 05:00:00,101,car,47.9,1021.0,clear,Lane 2
TRF-101326,2025-02-25 06:00:00,101,truck,54.6,658.0,cloudy,Lane 2
TRF-101327,2025-02-25 07:00:00,105,bus,93.6,507.0,clear,Lane 2
TRF-101328,2025-02-25 08:00:00,106,motorcycle,49.6,411.0,foggy,Lane 1
TRF-101329,2025-02-25 09:00:00,105,bike,43.2,848.0,foggy,Lane 1
TRF-101330,2025-02-25 10:00:00,106,car,68.5,403.0,foggy,Express Lane
TRF-101331,2025-02-25 11:00:00,106,bus,66.4,582.0,clear,Lane 3
TRF-101332,2025-02-25 12:00:00,107,truck,55.9,791.0,clear,Express Lane
TRF-101333,2025-02-25 13:00:00,108,truck,42.4,121.0,clear,Lane 1
TRF-101334,2025-02-25 14:00:00,104,motorcycle,68.6,406.0,rainy,Express Lane
TRF-101335,2025-02-25 15:00:00,106,truck,50.2,632.0,cloudy,Lane 3
TRF-101336,2025-02-25 16:00:00,103,van,64.4,129.0,cloudy,Express Lane
TRF-101337,2025-02-25 17:00:00,106,car,33.3,829.0,clear,Lane 1
TRF-101338,2025-02-25 18:00:00,106,car,37.4,52.0,snowy,Lane 2
TRF-101339,2025-02-25 19:00:00,106,car,49.7,685.0,rainy,Express Lane
TRF-101340,2025-02-25 20:00:00,107,car,25.8,799.0,cloudy,Lane 1
TRF-101341,2025-02-25 21:00:00,108,truck,41.3,548.0,clear,Lane 2
TRF-101342,2025-02-25 22:00:00,107,bus,25.0,948.0,snowy,Lane 1
TRF-101343,2025-02-25 23:00:00,101,bike,20.2,406.0,cloudy,Express Lane
TRF-101344,2025-02-26 00:00:00,107,truck,91.8,1078.0,clear,Lane 2
TRF-101345,2025-02-26 01:00:00,103,truck,37.0,320.0,cloudy,Express Lane
TRF-101346,2025-02-26 02:00:00,103,bike,47.9,892.0,rainy,Lane 3
TRF-101347,2025-02-26 03:00:00,107,truck,49.4,371.0,rainy,Lane 2
TRF-101348,2025-02-26 04:00:00,108,van,28.9,899.0,clear,Lane 2
TRF-101349,2025-02-26 05:00:00,105,car,47.9,346.0,foggy,Lane 1
TRF-101350,2025-02-26 06:00:00,104,truck,81.0,573.0,snowy,Express Lane
TRF-101351,2025-02-26 07:00:00,108,bus,54.4,104.0,rainy,Lane 3
TRF-101352,2025-02-26 08:00:00,107,bike,65.7,805.0,clear,Lane 1
TRF-101353,2025-02-26 09:00:00,106,car,76.3,246.0,rainy,Lane 2
TRF-101354,2025-02-26 10:00:00,102,truck,51.8,662.0,foggy,Lane 2
TRF-101355,2025-02-26 11:00:00,104,bus,44.0,561.0,clear,Lane 2
TRF-101356,2025-02-26 12:00:00,104,bike,22.2,478.0,cloudy,Lane 2
TRF-101357,2025-02-26 13:00:00,103,bus,41.1,1060.0,rainy,Lane 1
TRF-101358,2025-02-26 14:00:00,104,car,45.1,918.0,clear,Express Lane
TRF-101359,2025-02-26 15:00:00,107,truck,33.5,422.0,rainy,Express Lane
TRF-101360,2025-02-26 16:00:00,106,truck,75.8,345.0,snowy,Lane 1
TRF-101361,2025-02-26 17:00:00,106,motorcycle,67.8,483.0,rainy,Lane 1
TRF-101362,2025-02-26 18:00:00,101,truck,65.7,842.0,clear,Lane 3
TRF-101363,2025-02-26 19:00:00,106,truck,45.9,347.0,clear,Express Lane
TRF-101364,2025-02-26 20:00:00,108,bus,29.4,423.0,foggy,Express Lane
TRF-101365,2025-02-26 21:00:00,106,car,71.9,408.0,snowy,Lane 2
TRF-101366,2025-02-26 22:00:00,103,truck,54.0,734.0,rainy,Express Lane
TRF-101367,2025-02-26 23:00:00,106,motorcycle,61.9,823.0,clear,Lane 3
TRF-101368,2025-02-27 00:00:00,101,van,59.1,1071.0,rainy,Lane 2
TRF-101369,2025-02-27 01:00:00,102,motorcycle,53.6,856.0,clear,Lane 1
TRF-101370,2025-02-27 02:00:00,107,truck,84.0,178.0,rainy,Lane 2
TRF-101371,2025-02-27 03:00:00,103,truck,36.2,587.0,clear,Lane 2
TRF-101372,2025-02-27 04:00:00,108,van,42.4,1065.0,cloudy,Express Lane
TRF-101373,2025-02-27 05:00:00,102,truck,77.5,771.0,clear,Lane 3
TRF-101374,2025-02-27 06:00:00,103,car,49.5,491.0,foggy,Lane 1
TRF-101375,2025-02-27 07:00:00,105,bike,45.7,1006.0,snowy,Lane 2
TRF-101376,2025-02-27 08:00:00,104,car,43.4,724.0,rainy,Express Lane
TRF-101377,2025-02-27 09:00:00,105,truck,60.2,596.0,clear,Lane 1
TRF-101378,2025-02-27 10:00:00,106,car,43.9,295.0,clear,Lane 3
TRF-101379,2025-02-27 11:00:00,102,car,41.9,576.0,clear,Lane 2
TRF-101380,2025-02-27 12:00:00,106,van,59.9,109.0,clear,Lane 2
TRF-101381,2025-02-27 13:00:00,104,car,49.7,547.0,clear,Express Lane
TRF-101382,2025-02-27 14:00:00,103,bike,29.8,731.0,foggy,Lane 2
TRF-101383,2025-02-27 15:00:00,104,bike,48.6,273.0,clear,Express Lane
TRF-101384,2025-02-27 16:00:00,101,truck,47.9,38.0,foggy,Express Lane
TRF-101385,2025-02-27 17:00:00,104,car,61.8,493.0,foggy,Express Lane
TRF-101386,2025-02-27 18:00:00,101,bike,75.3,675.0,clear,Lane 2
TRF-101387,2025-02-27 19:00:00,104,bike,34.8,278.0,clear,Express Lane
TRF-101388,2025-02-27 20:00:00,107,motorcycle,67.3,352.0,clear,Lane 1
TRF-101389,2025-02-27 21:00:00,101,bike,36.3,585.0,clear,Lane 3
TRF-101390,2025-02-27 22:00:00,102,bike,25.8,422.0,clear,Lane 3
TRF-101391,2025-02-27 23:00:00,106,van,33.5,948.0,snowy,Lane 2
TRF-101392,2025-02-28 00:00:00,108,motorcycle,50.4,598.0,rainy,Lane 3
TRF-101393,2025-02-28 01:00:00,106,truck,66.5,273.0,clear,Lane 3
TRF-101394,2025-02-28 02:00:00,105,van,53.6,221.0,snowy,Lane 1
TRF-101395,2025-02-28 03:00:00,106,bike,45.2,548.0,snowy,Lane 1
TRF-101396,2025-02-28 04:00:00,103,car,29.4,989.0,clear,Express Lane
TRF-101397,2025-02-28 05:00:00,107,bike,60.7,1092.0,foggy,Lane 1
TRF-101398,2025-02-28 06:00:00,104,bike,65.3,222.0,rainy,Lane 1
TRF-101399,2025-02-28 07:00:00,105,van,53.4,356.0,cloudy,Lane 2
TRF-101400,2025-02-28 08:00:00,103,bike,29.1,512.0,clear,Lane 1
TRF-101401,2025-02-28 09:00:00,103,bike,62.6,54.0,clear,Express Lane
TRF-101402,2025-02-28 10:00:00,101,car,70.1,131.0,clear,Lane 2
TRF-101403,2025-02-28 11:00:00,106,bike,75.6,692.0,foggy,Lane 3
TRF-101404,2025-02-28 12:00:00,102,van,40.1,246.0,clear,Lane 3
TRF-101405,2025-02-28 13:00:00,108,car,55.9,771.0,rainy,Express Lane
TRF-101406,2025-02-28 14:00:00,102,truck,38.4,296.0,clear,Express Lane
TRF-101407,2025-02-28 15:00:00,105,truck,31.4,191.0,clear,Lane 1
TRF-101408,2025-02-28 16:00:00,107,truck,76.5,560.0,rainy,Lane 2
TRF-101409,2025-02-28 17:00:00,102,bus,58.2,707.0,foggy,Lane 2
TRF-101410,2025-02-28 18:00:00,104,van,71.3,915.0,clear,Lane 2
TRF-101411,2025-02-28 19:00:00,102,truck,26.0,276.0,clear,Express Lane
TRF-101412,2025-02-28 20:00:00,105,truck,53.2,203.0,rainy,Lane 3
TRF-101413,2025-02-28 21:00:00,108,motorcycle,57.1,1062.0,clear,Lane 1
TRF-101414,2025-02-28 22:00:00,102,truck,33.0,938.0,clear,Lane 3
TRF-101415,2025-02-28 23:00:00,104,car,74.8,1047.0,cloudy,Lane 2
TRF-101416,2025-03-01 00:00:00,101,truck,43.6,817.0,clear,Lane 3
TRF-101417,2025-03-01 01:00:00,107,van,56.2,560.0,clear,Lane 1
TRF-101418,2025-03-01 02:00:00,105,car,38.1,691.0,foggy,Lane 1
TRF-101419,2025-03-01 03:00:00,101,bus,26.5,70.0,clear,Lane 1
TRF-101420,2025-03-01 04:00:00,101,truck,64.4,366.0,clear,Lane 2
TRF-101421,2025-03-01 05:00:00,101,truck,54.8,355.0,foggy,Lane 3
TRF-101422,2025-03-01 06:00:00,103,truck,52.3,948.0,rainy,Express Lane
TRF-101423,2025-03-01 07:00:00,107,car,43.0,1045.0,cloudy,Lane 2
TRF-101424,2025-03-01 08:00:00,108,car,54.3,762.0,clear,Lane 1
TRF-101425,2025-03-01 09:00:00,106,bike,70.8,549.0,snowy,Express Lane
TRF-101426,2025-03-01 10:00:00,107,car,35.7,114.0,rainy,Lane 2
TRF-101427,2025-03-01 11:00:00,103,car,58.1,236.0,clear,Lane 1
TRF-101428,2025-03-01 12:00:00,106,motorcycle,51.6,190.0,clear,Lane 3
TRF-101429,2025-03-01 13:00:00,107,bike,44.7,479.0,foggy,Express Lane
TRF-101430,2025-03-01 14:00:00,101,bus,18.4,145.0,cloudy,Lane 1
TRF-101431,2025-03-01 15:00:00,105,car,47.8,391.0,cloudy,Express Lane
TRF-101432,2025-03-01 16:00:00,106,bike,60.1,941.0,clear,Lane 3
TRF-101433,2025-03-01 17:00:00,104,motorcycle,53.8,212.0,foggy,Express Lane
TRF-101434,2025-03-01 18:00:00,104,bike,22.1,705.0,rainy,Lane 3
TRF-101435,2025-03-01 19:00:00,102,truck,70.4,621.0,cloudy,Lane 1
TRF-101436,2025-03-01 20:00:00,106,van,77.7,1060.0,foggy,Express Lane
TRF-101437,2025-03-01 21:00:00,105,bike,46.0,960.0,rainy,Lane 3
TRF-101438,2025-03-01 22:00:00,108,bike,89.6,792.0,rainy,Lane 3
TRF-101439,2025-03-01 23:00:00,103,car,33.1,641.0,clear,Lane 1
TRF-101440,2025-03-02 00:00:00,101,car,25.1,108.0,clear,Lane 1
TRF-101441,2025-03-02 01:00:00,102,bike,29.7,711.0,cloudy,Lane 1
TRF-101442,2025-03-02 02:00:00,104,car,52.4,422.0,foggy,Express Lane
TRF-101443,2025-03-02 03:00:00,103,truck,16.0,497.0,rainy,Lane 2
TRF-101444,2025-03-02 04:00:00,103,truck,42.4,899.0,clear,Lane 1
TRF-101445,2025-03-02 05:00:00,101,car,100.8,47.0,clear,Express Lane
TRF-101446,2025-03-02 06:00:00,108,bike,20.9,91.0,clear,Lane 1
TRF-101447,2025-03-02 07:00:00,108,van,38.2,192.0,cloudy,Express Lane
TRF-101448,2025-03-02 08:00:00,106,bus,29.4,581.0,foggy,Lane 3
TRF-101449,2025-03-02 09:00:00,104,van,42.9,208.0,clear,Lane 3
TRF-101450,2025-03-02 10:00:00,108,bus,41.7,268.0,clear,Lane 3
TRF-101451,2025-03-02 11:00:00,105,car,35.9,597.0,clear,Lane 2
TRF-101452,2025-03-02 12:00:00,108,bus,45.2,775.0,clear,Express Lane
TRF-101453,2025-03-02 13:00:00,103,bike,59.4,113.0,clear,Lane 2
TRF-101454,2025-03-02 14:00:00,101,truck,72.9,1094.0,clear,Lane 1
TRF-101455,2025-03-02 15:00:00,105,truck,42.9,467.0,cloudy,Lane 3
TRF-101456,2025-03-02 16:00:00,106,motorcycle,48.1,558.0,clear,Lane 3
TRF-101457,2025-03-02 17:00:00,104,car,56.3,134.0,clear,Lane 3
TRF-101458,2025-03-02 18:00:00,106,truck,25.8,566.0,clear,Lane 2
TRF-101459,2025-03-02 19:00:00,103,van,45.3,411.0,cloudy,Lane 1
TRF-101460,2025-03-02 20:00:00,105,bike,38.9,246.0,cloudy,Lane 2
TRF-101461,2025-03-02 21:00:00,105,car,65.1,518.0,rainy,Lane 3
TRF-101462,2025-03-02 22:00:00,105,bike,79.5,180.0,snowy,Lane 2
TRF-101463,2025-03-02 23:00:00,103,truck,34.0,842.0,clear,Lane 1
TRF-101464,2025-03-03 00:00:00,103,motorcycle,71.0,660.0,cloudy,Lane 1
TRF-101465,2025-03-03 01:00:00,106,car,21.7,451.0,clear,Lane 3
TRF-101466,2025-03-03 02:00:00,102,truck,51.6,675.0,rainy,Lane 2
TRF-101467,2025-03-03 03:00:00,106,bus,52.7,236.0,clear,Lane 3
TRF-101468,2025-03-03 04:00:00,104,truck,21.3,804.0,cloudy,Lane 3
TRF-101469,2025-03-03 05:00:00,101,bike,33.1,863.0,clear,Lane 1
TRF-101470,2025-03-03 06:00:00,105,car,31.3,617.0,rainy,Lane 3
TRF-101471,2025-03-03 07:00:00,102,motorcycle,24.4,593.0,clear,Lane 3
TRF-101472,2025-03-03 08:00:00,101,car,5.0,255.0,foggy,Lane 1
TRF-101473,2025-03-03 09:00:00,102,car,44.3,833.0,clear,Lane 2
TRF-101474,2025-03-03 10:00:00,108,bus,46.4,719.0,foggy,Lane 2
TRF-101475,2025-03-03 11:00:00,108,car,46.3,135.0,clear,Lane 2
TRF-101476,2025-03-03 12:00:00,107,bus,61.8,545.0,clear,Lane 1
TRF-101477,2025-03-03 13:00:00,108,car,13.1,977.0,cloudy,Lane 3
TRF-101478,2025-03-03 14:00:00,106,bus,41.1,216.0,snowy,Lane 2
TRF-101479,2025-03-03 15:00:00,108,car,94.1,561.0,clear,Lane 1
TRF-101480,2025-03-03 16:00:00,103,motorcycle,64.0,304.0,clear,Express Lane
TRF-101481,2025-03-03 17:00:00,105,truck,64.1,568.0,clear,Lane 2
TRF-101482,2025-03-03 18:00:00,106,bike,29.7,677.0,foggy,Lane 2
TRF-101483,2025-03-03 19:00:00,101,car,44.5,47.0,clear,Lane 2
TRF-101484,2025-03-03 20:00:00,107,truck,6.6,314.0,clear,Lane 3
TRF-101485,2025-03-03 21:00:00,107,truck,58.5,961.0,rainy,Express Lane
TRF-101486,2025-03-03 22:00:00,107,truck,73.2,1043.0,foggy,Lane 1
TRF-101487,2025-03-03 23:00:00,101,truck,21.9,934.0,cloudy,Lane 2
TRF-101488,2025-03-04 00:00:00,101,bike,27.1,679.0,rainy,Lane 2
TRF-101489,2025-03-04 01:00:00,101,bus,47.4,881.0,foggy,Lane 1
TRF-101490,2025-03-04 02:00:00,101,car,50.8,286.0,rainy,Lane 1
TRF-101491,2025-03-04 03:00:00,107,bus,38.2,673.0,foggy,Lane 1
TRF-101492,2025-03-04 04:00:00,107,truck,33.3,386.0,clear,Lane 1
TRF-101493,2025-03-04 05:00:00,102,truck,33.5,285.0,rainy,Express Lane
TRF-101494,2025-03-04 06:00:00,106,car,47.1,637.0,clear,Lane 1
TRF-101495,2025-03-04 07:00:00,105,bus,58.6,363.0,rainy,Lane 3
TRF-101496,2025-03-04 08:00:00,108,car,47.1,44.0,clear,Lane 1
TRF-101497,2025-03-04 09:00:00,108,bike,45.4,208.0,clear,Lane 2
TRF-101498,2025-03-04 10:00:00,103,car,16.3,117.0,rainy,Lane 3
TRF-101499,2025-03-04 11:00:00,107,bike,63.6,123.0,clear,Lane 2
TRF-101500,2025-03-04 12:00:00,103,bike,47.1,874.0,clear,Lane 3
TRF-101501,2025-03-04 13:00:00,106,car,40.1,57.0,rainy,Lane 1
TRF-101502,2025-03-04 14:00:00,106,car,52.6,726.0,rainy,Lane 3
TRF-101503,2025-03-04 15:00:00,103,bus,32.8,104.0,clear,Lane 2
TRF-101504,2025-03-04 16:00:00,107,truck,40.5,83.0,clear,Express Lane
TRF-101505,2025-03-04 17:00:00,103,car,49.9,350.0,foggy,Lane 3
TRF-101506,2025-03-04 18:00:00,108,motorcycle,35.8,789.0,cloudy,Lane 3
TRF-101507,2025-03-04 19:00:00,102,truck,18.4,659.0,rainy,Lane 1
TRF-101508,2025-03-04 20:00:00,108,car,15.4,361.0,foggy,Lane 2
TRF-101509,2025-03-04 21:00:00,104,bus,56.0,346.0,rainy,Express Lane
TRF-101510,2025-03-04 22:00:00,107,van,47.4,130.0,foggy,Lane 3
TRF-101511,2025-03-04 23:00:00,107,bike,46.8,277.0,clear,Lane 2
TRF-101512,2025-03-05 00:00:00,105,car,27.1,890.0,rainy,Lane 3
TRF-101513,2025-03-05 01:00:00,101,truck,47.6,899.0,snowy,Express Lane
TRF-101514,2025-03-05 02:00:00,104,car,40.8,250.0,rainy,Lane 2
TRF-101515,2025-03-05 03:00:00,106,truck,37.2,177.0,clear,Express Lane
TRF-101516,2025-03-05 04:00:00,107,car,46.6,1042.0,cloudy,Lane 2
TRF-101517,2025-03-05 05:00:00,103,bus,53.3,610.0,foggy,Lane 2
TRF-101518,2025-03-05 06:00:00,104,truck,79.5,507.0,foggy,Lane 1
TRF-101519,2025-03-05 07:00:00,105,bus,58.2,1077.0,rainy,Lane 1
TRF-101520,2025-03-05 08:00:00,106,bus,47.9,912.0,snowy,Lane 2
TRF-101521,2025-03-05 09:00:00,101,bus,67.9,199.0,clear,Lane 2
TRF-101522,2025-03-05 10:00:00,101,bike,34.2,467.0,clear,Lane 1
TRF-101523,2025-03-05 11:00:00,105,car,42.2,1046.0,clear,Lane 3
TRF-101524,2025-03-05 12:00:00,105,car,47.9,330.0,foggy,Lane 2
TRF-101525,2025-03-05 13:00:00,103,van,35.7,717.0,foggy,Express Lane
TRF-101526,2025-03-05 14:00:00,107,bike,40.3,1017.0,clear,Lane 2
TRF-101527,2025-03-05 15:00:00,101,truck,35.3,173.0,cloudy,Lane 1
TRF-101528,2025-03-05 16:00:00,106,bike,52.0,552.0,clear,Lane 3
TRF-101529,2025-03-05 17:00:00,104,car,55.8,688.0,cloudy,Lane 2
TRF-101530,2025-03-05 18:00:00,106,truck,24.5,514.0,foggy,Lane 2
TRF-101531,2025-03-05 19:00:00,102,bike,42.4,851.0,clear,Lane 2
TRF-101532,2025-03-05 20:00:00,102,car,42.6,224.0,snowy,Lane 2
TRF-101533,2025-03-05 21:00:00,105,bus,21.5,495.0,cloudy,Express Lane
TRF-101534,2025-03-05 22:00:00,103,truck,34.2,1007.0,clear,Express Lane
TRF-101535,2025-03-05 23:00:00,102,car,63.7,519.0,rainy,Express Lane
TRF-101536,2025-03-06 00:00:00,101,motorcycle,63.5,129.0,clear,Lane 1
TRF-101537,2025-03-06 01:00:00,106,bus,18.7,145.0,rainy,Lane 3
TRF-101538,2025-03-06 02:00:00,106,bike,56.5,409.0,foggy,Express Lane
TRF-101539,2025-03-06 03:00:00,105,van,21.5,853.0,rainy,Express Lane
TRF-101540,2025-03-06 04:00:00,107,bike,40.8,92.0,rainy,Express Lane
TRF-101541,2025-03-06 05:00:00,107,car,46.2,161.0,rainy,Lane 3
TRF-101542,2025-03-06 06:00:00,104,motorcycle,61.5,424.0,rainy,Lane 2
TRF-101543,2025-03-06 07:00:00,105,bike,44.9,672.0,foggy,Lane 3
TRF-101544,2025-03-06 08:00:00,108,truck,29.8,1005.0,rainy,Express Lane
TRF-101545,2025-03-06 09:00:00,104,car,26.7,943.0,foggy,Lane 3
TRF-101546,2025-03-06 10:00:00,108,truck,51.0,699.0,foggy,Express Lane
TRF-101547,2025-03-06 11:00:00,107,bike,36.6,757.0,rainy,Lane 3
TRF-101548,2025-03-06 12:00:00,105,bike,40.6,575.0,clear,Lane 2
TRF-101549,2025-03-06 13:00:00,108,car,65.5,404.0,foggy,Lane 3
TRF-101550,2025-03-06 14:00:00,105,van,55.8,873.0,clear,Lane 3
TRF-101551,2025-03-06 15:00:00,105,bike,76.6,327.0,clear,Express Lane
TRF-101552,2025-03-06 16:00:00,107,van,29.7,1025.0,rainy,Lane 2
TRF-101553,2025-03-06 17:00:00,104,bus,35.2,325.0,rainy,Express Lane
TRF-101554,2025-03-06 18:00:00,104,van,51.3,144.0,rainy,Lane 1
TRF-101555,2025-03-06 19:00:00,105,car,80.7,522.0,rainy,Lane 1
TRF-101556,2025-03-06 20:00:00,102,bike,33.7,908.0,rainy,Lane 1
TRF-101557,2025-03-06 21:00:00,103,car,48.7,748.0,clear,Express Lane
TRF-101558,2025-03-06 22:00:00,107,van,71.8,681.0,cloudy,Express Lane
TRF-101559,2025-03-06 23:00:00,103,car,48.9,648.0,snowy,Lane 1
TRF-101560,2025-03-07 00:00:00,103,car,66.4,438.0,cloudy,Lane 3
TRF-101561,2025-03-07 01:00:00,104,bike,83.2,1055.0,foggy,Lane 2
TRF-101562,2025-03-07 02:00:00,104,car,53.3,815.0,clear,Lane 1
TRF-101563,2025-03-07 03:00:00,102,bus,56.3,64.0,cloudy,Lane 2
TRF-101564,2025-03-07 04:00:00,103,car,61.4,424.0,foggy,Lane 1
TRF-101565,2025-03-07 05:00:00,103,truck,31.7,390.0,clear,Lane 3
TRF-101566,2025-03-07 06:00:00,105,bike,21.3,487.0,clear,Lane 2
TRF-101567,2025-03-07 07:00:00,104,car,50.9,323.0,clear,Express Lane
TRF-101568,2025-03-07 08:00:00,103,car,47.9,622.0,foggy,Lane 1
TRF-101569,2025-03-07 09:00:00,106,car,66.9,984.0,foggy,Lane 3
TRF-101570,2025-03-07 10:00:00,102,car,53.7,326.0,rainy,Lane 3
TRF-101571,2025-03-07 11:00:00,108,bike,66.6,975.0,snowy,Lane 3
TRF-101572,2025-03-07 12:00:00,106,motorcycle,26.4,290.0,cloudy,Lane 1
TRF-101573,2025-03-07 13:00:00,106,car,66.0,818.0,clear,Lane 2
TRF-101574,2025-03-07 14:00:00,108,car,6.6,431.0,foggy,Lane 1
TRF-101575,2025-03-07 15:00:00,107,car,27.8,856.0,clear,Lane 3
TRF-101576,2025-03-07 16:00:00,107,truck,59.4,365.0,clear,Lane 3
TRF-101577,2025-03-07 17:00:00,102,truck,39.0,991.0,clear,Express Lane
TRF-101578,2025-03-07 18:00:00,106,bus,40.7,58.0,clear,Lane 1
TRF-101579,2025-03-07 19:00:00,103,car,49.9,833.0,clear,Lane 2
TRF-101580,2025-03-07 20:00:00,104,truck,73.6,873.0,clear,Lane 1
TRF-101581,2025-03-07 21:00:00,102,bus,13.4,74.0,rainy,Lane 2
TRF-101582,2025-03-07 22:00:00,105,car,70.5,448.0,rainy,Lane 2
TRF-101583,2025-03-07 23:00:00,108,bus,71.5,645.0,clear,Express Lane
TRF-101584,2025-03-08 00:00:00,106,car,38.9,291.0,snowy,Lane 1
TRF-101585,2025-03-08 01:00:00,102,truck,35.5,794.0,clear,Lane 2
TRF-101586,2025-03-08 02:00:00,101,truck,45.9,321.0,clear,Lane 2
TRF-101587,2025-03-08 03:00:00,101,car,35.1,563.0,rainy,Express Lane
TRF-101588,2025-03-08 04:00:00,107,truck,54.2,604.0,clear,Lane 3
TRF-101589,2025-03-08 05:00:00,108,van,56.6,266.0,clear,Express Lane
TRF-101590,2025-03-08 06:00:00,104,motorcycle,20.0,392.0,cloudy,Lane 3
TRF-101591,2025-03-08 07:00:00,103,bus,31.4,560.0,rainy,Lane 3
TRF-101592,2025-03-08 08:00:00,104,truck,26.7,772.0,clear,Express Lane
TRF-101593,2025-03-08 09:00:00,104,motorcycle,51.9,494.0,rainy,Lane 3
TRF-101594,2025-03-08 10:00:00,104,bus,63.7,411.0,clear,Lane 2
TRF-101595,2025-03-08 11:00:00,108,bus,28.7,156.0,foggy,Lane 2
TRF-101596,2025-03-08 12:00:00,104,bike,63.6,687.0,snowy,Lane 3
TRF-101597,2025-03-08 13:00:00,105,truck,31.4,272.0,clear,Lane 1
TRF-101598,2025-03-08 14:00:00,108,truck,60.9,582.0,clear,Lane 3
TRF-101599,2025-03-08 15:00:00,105,bus,42.9,468.0,foggy,Lane 1
TRF-101600,2025-03-08 16:00:00,108,car,40.0,437.0,foggy,Lane 1
TRF-101601,2025-03-08 17:00:00,107,motorcycle,68.6,618.0,rainy,Lane 3
TRF-101602,2025-03-08 18:00:00,102,van,80.2,825.0,foggy,Express Lane
TRF-101603,2025-03-08 19:00:00,101,bus,13.0,671.0,clear,Lane 1
TRF-101604,2025-03-08 20:00:00,104,bike,58.8,593.0,foggy,Lane 1
TRF-101605,2025-03-08 21:00:00,107,car,51.2,840.0,clear,Lane 3
TRF-101606,2025-03-08 22:00:00,102,truck,59.8,399.0,cloudy,Lane 2
TRF-101607,2025-03-08 23:00:00,101,car,22.1,936.0,foggy,Express Lane
TRF-101608,2025-03-09 00:00:00,106,bike,28.5,799.0,clear,Lane 1
TRF-101609,2025-03-09 01:00:00,103,car,35.9,687.0,rainy,Lane 3
TRF-101610,2025-03-09 02:00:00,105,car,51.8,1022.0,foggy,Lane 2
TRF-101611,2025-03-09 03:00:00,106,truck,34.8,1018.0,foggy,Express Lane
TRF-101612,2025-03-09 04:00:00,108,car,42.2,151.0,clear,Express Lane
TRF-101613,2025-03-09 05:00:00,101,bus,62.9,196.0,clear,Express Lane
TRF-101614,2025-03-09 06:00:00,106,bus,84.9,973.0,foggy,Express Lane
TRF-101615,2025-03-09 07:00:00,103,bike,61.7,863.0,clear,Lane 2
TRF-101616,2025-03-09 08:00:00,107,van,63.5,51.0,foggy,Lane 2
TRF-101617,2025-03-09 09:00:00,101,bus,44.7,437.0,clear,Express Lane
TRF-101618,2025-03-09 10:00:00,106,van,32.0,511.0,clear,Lane 2
TRF-101619,2025-03-09 11:00:00,105,truck,42.1,328.0,snowy,Lane 2
TRF-101620,2025-03-09 12:00:00,105,motorcycle,47.0,306.0,foggy,Lane 1
TRF-101621,2025-03-09 13:00:00,102,motorcycle,27.1,845.0,cloudy,Express Lane
TRF-101622,2025-03-09 14:00:00,106,bike,62.7,351.0,clear,Lane 2
TRF-101623,2025-03-09 15:00:00,104,bike,75.4,144.0,foggy,Lane 1
TRF-101624,2025-03-09 16:00:00,106,truck,50.2,301.0,clear,Lane 3
TRF-101625,2025-03-09 17:00:00,107,truck,67.5,293.0,clear,Lane 3
TRF-101626,2025-03-09 18:00:00,101,car,69.8,279.0,clear,Lane 3
TRF-101627,2025-03-09 19:00:00,101,bike,29.4,907.0,foggy,Express Lane
TRF-101628,2025-03-09 20:00:00,107,van,16.7,468.0,cloudy,Lane 2
TRF-101629,2025-03-09 21:00:00,106,car,39.0,34.0,snowy,Lane 3
TRF-101630,2025-03-09 22:00:00,107,bike,49.7,892.0,cloudy,Express Lane
TRF-101631,2025-03-09 23:00:00,103,van,26.5,294.0,clear,Lane 1
TRF-101632,2025-03-10 00:00:00,108,car,73.6,124.0,clear,Lane 1
TRF-101633,2025-03-10 01:00:00,107,car,83.1,848.0,cloudy,Lane 2
TRF-101634,2025-03-10 02:00:00,105,van,51.2,726.0,rainy,Lane 2
TRF-101635,2025-03-10 03:00:00,107,truck,30.3,770.0,clear,Lane 3
TRF-101636,2025-03-10 04:00:00,101,car,56.8,346.0,snowy,Lane 2
TRF-101637,2025-03-10 05:00:00,105,bus,30.3,803.0,cloudy,Express Lane
TRF-101638,2025-03-10 06:00:00,101,truck,68.6,148.0,clear,Lane 2
TRF-101639,2025-03-10 07:00:00,102,bus,43.8,823.0,clear,Lane 3
TRF-101640,2025-03-10 08:00:00,104,car,61.1,231.0,rainy,Lane 2
TRF-101641,2025-03-10 09:00:00,101,truck,64.2,346.0,foggy,Lane 1
TRF-101642,2025-03-10 10:00:00,105,motorcycle,57.7,842.0,clear,Express Lane
TRF-101643,2025-03-10 11:00:00,102,van,80.1,67.0,rainy,Lane 2
TRF-101644,2025-03-10 12:00:00,101,car,51.2,442.0,rainy,Lane 3
TRF-101645,2025-03-10 13:00:00,103,van,38.9,272.0,cloudy,Lane 1
TRF-101646,2025-03-10 14:00:00,107,bus,10.2,884.0,rainy,Lane 3
TRF-101647,2025-03-10 15:00:00,104,truck,6.9,230.0,snowy,Lane 3
TRF-101648,2025-03-10 16:00:00,101,truck,59.7,336.0,rainy,Lane 2
TRF-101649,2025-03-10 17:00:00,102,bike,44.7,204.0,foggy,Express Lane
TRF-101650,2025-03-10 18:00:00,103,bus,33.3,1001.0,rainy,Express Lane
TRF-101651,2025-03-10 19:00:00,106,truck,27.9,1045.0,foggy,Lane 3
TRF-101652,2025-03-10 20:00:00,102,car,61.3,1023.0,clear,Express Lane
TRF-101653,2025-03-10 21:00:00,107,truck,30.3,626.0,foggy,Express Lane
TRF-101654,2025-03-10 22:00:00,102,truck,77.4,701.0,foggy,Express Lane
TRF-101655,2025-03-10 23:00:00,103,bus,90.3,723.0,foggy,Lane 1
TRF-101656,2025-03-11 00:00:00,102,van,31.8,577.0,rainy,Lane 1
TRF-101657,2025-03-11 01:00:00,103,car,60.1,578.0,rainy,Lane 1
TRF-101658,2025-03-11 02:00:00,101,bus,55.9,302.0,clear,Lane 1
TRF-101659,2025-03-11 03:00:00,108,truck,30.2,1005.0,cloudy,Lane 2
TRF-101660,2025-03-11 04:00:00,103,bus,30.3,813.0,cloudy,Lane 3
TRF-101661,2025-03-11 05:00:00,103,bike,45.8,969.0,clear,Lane 2
TRF-101662,2025-03-11 06:00:00,104,car,27.5,481.0,clear,Lane 1
TRF-101663,2025-03-11 07:00:00,103,bike,67.6,590.0,clear,Lane 2
TRF-101664,2025-03-11 08:00:00,103,car,43.6,123.0,foggy,Lane 3
TRF-101665,2025-03-11 09:00:00,106,motorcycle,27.8,546.0,clear,Lane 3
TRF-101666,2025-03-11 10:00:00,108,van,46.4,983.0,foggy,Lane 2
TRF-101667,2025-03-11 11:00:00,101,bike,56.4,203.0,foggy,Lane 3
TRF-101668,2025-03-11 12:00:00,107,car,35.0,724.0,clear,Lane 1
TRF-101669,2025-03-11 13:00:00,104,bus,12.1,937.0,clear,Lane 2
TRF-101670,2025-03-11 14:00:00,106,truck,50.3,85.0,cloudy,Lane 3
TRF-101671,2025-03-11 15:00:00,105,van,26.1,724.0,foggy,Lane 1
TRF-101672,2025-03-11 16:00:00,108,bus,33.7,663.0,rainy,Lane 2
TRF-101673,2025-03-11 17:00:00,101,motorcycle,56.4,273.0,snowy,Lane 3
TRF-101674,2025-03-11 18:00:00,101,van,47.9,923.0,rainy,Express Lane
TRF-101675,2025-03-11 19:00:00,105,truck,45.5,233.0,foggy,Lane 3
TRF-101676,2025-03-11 20:00:00,107,motorcycle,74.2,45.0,clear,Lane 1
TRF-101677,2025-03-11 21:00:00,103,truck,41.7,155.0,cloudy,Lane 3
TRF-101678,2025-03-11 22:00:00,106,truck,84.4,628.0,clear,Lane 2
TRF-101679,2025-03-11 23:00:00,102,truck,61.3,495.0,clear,Lane 1
TRF-101680,2025-03-12 00:00:00,104,car,31.2,819.0,clear,Express Lane
TRF-101681,2025-03-12 01:00:00,102,truck,39.4,108.0,snowy,Lane 2
TRF-101682,2025-03-12 02:00:00,105,car,25.3,818.0,foggy,Express Lane
TRF-101683,2025-03-12 03:00:00,101,car,59.5,293.0,foggy,Lane 1
TRF-101684,2025-03-12 04:00:00,107,bus,71.8,560.0,cloudy,Lane 3
TRF-101685,2025-03-12 05:00:00,101,bike,41.5,769.0,clear,Lane 1
TRF-101686,2025-03-12 06:00:00,104,bus,14.5,154.0,rainy,Lane 1
TRF-101687,2025-03-12 07:00:00,101,bus,54.5,647.0,snowy,Express Lane
TRF-101688,2025-03-12 08:00:00,101,bus,32.5,771.0,clear,Lane 2
TRF-101689,2025-03-12 09:00:00,104,truck,35.2,110.0,clear,Lane 3
TRF-101690,2025-03-12 10:00:00,106,motorcycle,53.6,901.0,cloudy,Lane 2
TRF-101691,2025-03-12 11:00:00,106,truck,70.2,204.0,rainy,Lane 2
TRF-101692,2025-03-12 12:00:00,104,bus,61.3,705.0,clear,Lane 3
TRF-101693,2025-03-12 13:00:00,107,bus,55.7,377.0,cloudy,Lane 1
TRF-101694,2025-03-12 14:00:00,105,truck,45.2,907.0,rainy,Lane 2
TRF-101695,2025-03-12 15:00:00,108,truck,24.2,872.0,cloudy,Lane 1
TRF-101696,2025-03-12 16:00:00,101,bike,54.3,603.0,clear,Lane 3
TRF-101697,2025-03-12 17:00:00,107,car,60.9,753.0,clear,Express Lane
TRF-101698,2025-03-12 18:00:00,101,car,37.3,637.0,foggy,Express Lane
TRF-101699,2025-03-12 19:00:00,108,bus,41.4,598.0,foggy,Express Lane
TRF-101700,2025-03-12 20:00:00,105,car,68.0,263.0,clear,Lane 1
TRF-101701,2025-03-12 21:00:00,106,truck,40.9,387.0,foggy,Express Lane
TRF-101702,2025-03-12 22:00:00,107,truck,43.1,322.0,clear,Express Lane
TRF-101703,2025-03-12 23:00:00,103,truck,46.4,1020.0,rainy,Lane 3
TRF-101704,2025-03-13 00:00:00,103,car,60.0,558.0,rainy,Lane 3
TRF-101705,2025-03-13 01:00:00,108,car,53.3,164.0,snowy,Express Lane
TRF-101706,2025-03-13 02:00:00,103,bike,51.9,849.0,cloudy,Express Lane
TRF-101707,2025-03-13 03:00:00,106,bus,75.3,159.0,clear,Lane 1
TRF-101708,2025-03-13 04:00:00,108,car,40.6,598.0,foggy,Lane 3
TRF-101709,2025-03-13 05:00:00,106,truck,30.9,551.0,cloudy,Lane 2
TRF-101710,2025-03-13 06:00:00,105,motorcycle,66.4,489.0,rainy,Lane 2
TRF-101711,2025-03-13 07:00:00,101,truck,52.2,622.0,clear,Lane 1
TRF-101712,2025-03-13 08:00:00,105,car,37.4,971.0,snowy,Lane 2
TRF-101713,2025-03-13 09:00:00,105,car,41.5,930.0,foggy,Lane 3
TRF-101714,2025-03-13 10:00:00,106,bike,25.1,643.0,clear,Lane 2
TRF-101715,2025-03-13 11:00:00,108,truck,52.2,568.0,clear,Express Lane
TRF-101716,2025-03-13 12:00:00,108,car,21.7,290.0,foggy,Lane 2
TRF-101717,2025-03-13 13:00:00,103,van,60.3,638.0,cloudy,Lane 1
TRF-101718,2025-03-13 14:00:00,102,car,38.6,257.0,cloudy,Lane 3
TRF-101719,2025-03-13 15:00:00,101,truck,22.9,790.0,clear,Lane 2
TRF-101720,2025-03-13 16:00:00,106,bus,67.8,287.0,rainy,Lane 3
TRF-101721,2025-03-13 17:00:00,103,truck,88.6,855.0,rainy,Lane 1
TRF-101722,2025-03-13 18:00:00,107,bike,55.9,1073.0,clear,Lane 2
TRF-101723,2025-03-13 19:00:00,102,truck,47.9,453.0,foggy,Express Lane
TRF-101724,2025-03-13 20:00:00,102,bike,30.7,442.0,snowy,Lane 3
TRF-101725,2025-03-13 21:00:00,106,car,52.7,374.0,snowy,Lane 2
TRF-101726,2025-03-13 22:00:00,104,car,47.9,679.0,snowy,Express Lane
TRF-101727,2025-03-13 23:00:00,101,bike,48.1,496.0,foggy,Lane 1
TRF-101728,2025-03-14 00:00:00,102,bus,64.1,218.0,clear,Express Lane
TRF-101729,2025-03-14 01:00:00,106,truck,75.3,982.0,rainy,Lane 1
TRF-101730,2025-03-14 02:00:00,106,truck,25.3,299.0,clear,Lane 3
TRF-101731,2025-03-14 03:00:00,103,bus,53.3,694.0,rainy,Lane 2
TRF-101732,2025-03-14 04:00:00,107,van,13.7,50.0,rainy,Lane 2
TRF-101733,2025-03-14 05:00:00,104,bus,33.3,743.0,clear,Lane 3
TRF-101734,2025-03-14 06:00:00,101,truck,61.0,458.0,clear,Lane 1
TRF-101735,2025-03-14 07:00:00,108,car,47.2,605.0,foggy,Lane 1
TRF-101736,2025-03-14 08:00:00,105,bike,19.0,625.0,snowy,Lane 2
TRF-101737,2025-03-14 09:00:00,107,car,66.9,614.0,snowy,Lane 3
TRF-101738,2025-03-14 10:00:00,107,motorcycle,38.2,1047.0,clear,Lane 2
TRF-101739,2025-03-14 11:00:00,103,bike,47.9,1020.0,rainy,Lane 1
TRF-101740,2025-03-14 12:00:00,108,truck,57.2,688.0,clear,Lane 1
TRF-101741,2025-03-14 13:00:00,102,van,33.0,252.0,clear,Express Lane
TRF-101742,2025-03-14 14:00:00,102,truck,63.6,989.0,foggy,Lane 1
TRF-101743,2025-03-14 15:00:00,103,motorcycle,53.7,187.0,foggy,Lane 2
TRF-101744,2025-03-14 16:00:00,106,bike,51.2,830.0,foggy,Express Lane
TRF-101745,2025-03-14 17:00:00,102,van,39.6,751.0,cloudy,Express Lane
TRF-101746,2025-03-14 18:00:00,104,truck,28.2,348.0,rainy,Lane 3
TRF-101747,2025-03-14 19:00:00,101,truck,40.5,327.0,snowy,Express Lane
TRF-101748,2025-03-14 20:00:00,107,car,40.1,474.0,foggy,Express Lane
TRF-101749,2025-03-14 21:00:00,107,bike,63.3,134.0,clear,Express Lane
TRF-101750,2025-03-14 22:00:00,104,truck,18.3,912.0,clear,Lane 2
TRF-101751,2025-03-14 23:00:00,108,truck,74.5,567.0,foggy,Lane 3
TRF-101752,2025-03-15 00:00:00,102,motorcycle,75.5,702.0,clear,Lane 2
TRF-101753,2025-03-15 01:00:00,107,truck,36.5,830.0,foggy,Lane 3
TRF-101754,2025-03-15 02:00:00,105,van,73.2,846.0,clear,Lane 3
TRF-101755,2025-03-15 03:00:00,108,motorcycle,29.9,1094.0,rainy,Express Lane
TRF-101756,2025-03-15 04:00:00,101,bus,68.3,997.0,cloudy,Lane 1
TRF-101757,2025-03-15 05:00:00,101,van,33.2,892.0,cloudy,Lane 1
TRF-101758,2025-03-15 06:00:00,107,bike,66.6,271.0,clear,Lane 2
TRF-101759,2025-03-15 07:00:00,103,truck,22.1,972.0,rainy,Express Lane
TRF-101760,2025-03-15 08:00:00,108,car,67.5,49.0,clear,Lane 3
TRF-101761,2025-03-15 09:00:00,107,bike,71.2,923.0,clear,Lane 1
TRF-101762,2025-03-15 10:00:00,103,van,21.5,870.0,rainy,Lane 2
TRF-101763,2025-03-15 11:00:00,107,bike,79.6,773.0,cloudy,Lane 1
TRF-101764,2025-03-15 12:00:00,105,bike,66.3,1069.0,rainy,Lane 3
TRF-101765,2025-03-15 13:00:00,108,truck,12.0,330.0,foggy,Lane 1
TRF-101766,2025-03-15 14:00:00,106,car,39.2,194.0,foggy,Lane 2
TRF-101767,2025-03-15 15:00:00,101,truck,66.7,810.0,foggy,Lane 2
TRF-101768,2025-03-15 16:00:00,107,bus,61.0,382.0,cloudy,Lane 2
TRF-101769,2025-03-15 17:00:00,105,car,50.0,1050.0,clear,Express Lane
TRF-101770,2025-03-15 18:00:00,103,car,64.7,560.0,foggy,Express Lane
TRF-101771,2025-03-15 19:00:00,103,car,32.3,788.0,snowy,Express Lane
TRF-101772,2025-03-15 20:00:00,101,truck,48.9,907.0,cloudy,Lane 2
TRF-101773,2025-03-15 21:00:00,104,truck,32.8,782.0,clear,Lane 1
TRF-101774,2025-03-15 22:00:00,107,motorcycle,50.4,895.0,snowy,Lane 2
TRF-101775,2025-03-15 23:00:00,108,truck,66.0,1062.0,rainy,Express Lane
TRF-101776,2025-03-16 00:00:00,102,bike,62.1,257.0,snowy,Lane 2
TRF-101777,2025-03-16 01:00:00,103,car,52.0,1085.0,foggy,Lane 1
TRF-101778,2025-03-16 02:00:00,108,bus,65.8,460.0,clear,Lane 1
TRF-101779,2025-03-16 03:00:00,108,truck,67.6,818.0,rainy,Lane 3
TRF-101780,2025-03-16 04:00:00,106,car,80.4,199.0,foggy,Lane 2
TRF-101781,2025-03-16 05:00:00,108,bus,69.0,99.0,rainy,Lane 1
TRF-101782,2025-03-16 06:00:00,108,truck,59.8,31.0,clear,Lane 2
TRF-101783,2025-03-16 07:00:00,106,bus,64.8,699.0,rainy,Express Lane
TRF-101784,2025-03-16 08:00:00,103,bike,52.4,300.0,rainy,Lane 1
TRF-101785,2025-03-16 09:00:00,108,car,43.0,573.0,clear,Lane 1
TRF-101786,2025-03-16 10:00:00,104,car,63.6,299.0,clear,Express Lane
TRF-101787,2025-03-16 11:00:00,104,truck,61.6,560.0,clear,Lane 2
TRF-101788,2025-03-16 12:00:00,105,motorcycle,53.3,751.0,snowy,Lane 3
TRF-101789,2025-03-16 13:00:00,106,truck,44.5,51.0,foggy,Lane 2
TRF-101790,2025-03-16 14:00:00,105,bus,43.5,43.0,foggy,Lane 3
TRF-101791,2025-03-16 15:00:00,106,truck,40.6,597.0,snowy,Lane 3
TRF-101792,2025-03-16 16:00:00,107,motorcycle,47.9,604.0,foggy,Lane 2
TRF-101793,2025-03-16 17:00:00,107,truck,69.2,621.0,rainy,Express Lane
TRF-101794,2025-03-16 18:00:00,108,bus,68.4,581.0,rainy,Lane 3
TRF-101795,2025-03-16 19:00:00,102,truck,29.1,835.0,rainy,Lane 2
TRF-101796,2025-03-16 20:00:00,107,truck,41.5,943.0,clear,Lane 1
TRF-101797,2025-03-16 21:00:00,102,car,43.4,308.0,foggy,Lane 3
TRF-101798,2025-03-16 22:00:00,107,car,47.9,797.0,foggy,Lane 2
TRF-101799,2025-03-16 23:00:00,101,truck,81.5,77.0,clear,Lane 3
TRF-101800,2025-03-17 00:00:00,107,car,55.2,773.0,clear,Lane 2
TRF-101801,2025-03-17 01:00:00,105,bus,53.9,715.0,clear,Lane 2
TRF-101802,2025-03-17 02:00:00,103,bus,39.6,654.0,foggy,Lane 3
TRF-101803,2025-03-17 03:00:00,108,truck,63.5,410.0,clear,Lane 1
TRF-101804,2025-03-17 04:00:00,105,bike,87.4,339.0,clear,Lane 1
TRF-101805,2025-03-17 05:00:00,103,truck,49.5,581.0,clear,Lane 3
TRF-101806,2025-03-17 06:00:00,104,bus,43.8,571.0,clear,Lane 2
TRF-101807,2025-03-17 07:00:00,105,motorcycle,46.4,796.0,foggy,Lane 1
TRF-101808,2025-03-17 08:00:00,104,bus,42.2,213.0,foggy,Lane 2
TRF-101809,2025-03-17 09:00:00,102,car,47.9,495.0,foggy,Lane 3
TRF-101810,2025-03-17 10:00:00,102,bus,37.0,668.0,clear,Lane 2
TRF-101811,2025-03-17 11:00:00,101,motorcycle,32.0,623.0,foggy,Lane 1
TRF-101812,2025-03-17 12:00:00,107,truck,47.6,733.0,clear,Lane 1
TRF-101813,2025-03-17 13:00:00,105,truck,49.5,30.0,clear,Lane 3
TRF-101814,2025-03-17 14:00:00,104,car,43.1,1037.0,clear,Lane 3
TRF-101815,2025-03-17 15:00:00,103,bike,74.2,391.0,snowy,Lane 3
TRF-101816,2025-03-17 16:00:00,102,bike,55.5,748.0,foggy,Lane 2
TRF-101817,2025-03-17 17:00:00,107,bike,61.4,312.0,cloudy,Lane 1
TRF-101818,2025-03-17 18:00:00,102,car,61.8,860.0,rainy,Lane 3
TRF-101819,2025-03-17 19:00:00,103,car,49.9,198.0,clear,Lane 1
TRF-101820,2025-03-17 20:00:00,107,car,51.9,918.0,rainy,Lane 1
TRF-101821,2025-03-17 21:00:00,107,bike,32.5,151.0,cloudy,Express Lane
TRF-101822,2025-03-17 22:00:00,104,bus,47.9,470.0,foggy,Lane 1
TRF-101823,2025-03-17 23:00:00,104,bike,42.0,668.0,clear,Lane 1
TRF-101824,2025-03-18 00:00:00,105,car,36.5,503.0,clear,Lane 3
TRF-101825,2025-03-18 01:00:00,105,bike,71.4,761.0,rainy,Lane 3
TRF-101826,2025-03-18 02:00:00,106,van,24.0,970.0,snowy,Lane 2
TRF-101827,2025-03-18 03:00:00,108,truck,78.9,689.0,cloudy,Lane 3
TRF-101828,2025-03-18 04:00:00,106,truck,77.5,321.0,foggy,Lane 1
TRF-101829,2025-03-18 05:00:00,101,van,44.0,967.0,clear,Lane 2
TRF-101830,2025-03-18 06:00:00,102,motorcycle,80.1,276.0,clear,Lane 2
TRF-101831,2025-03-18 07:00:00,105,car,32.0,217.0,rainy,Lane 3
TRF-101832,2025-03-18 08:00:00,104,truck,65.9,586.0,clear,Express Lane
TRF-101833,2025-03-18 09:00:00,103,bike,48.3,919.0,rainy,Express Lane
TRF-101834,2025-03-18 10:00:00,104,car,15.5,276.0,snowy,Lane 3
TRF-101835,2025-03-18 11:00:00,102,motorcycle,36.6,988.0,cloudy,Express Lane
TRF-101836,2025-03-18 12:00:00,106,bus,44.9,321.0,rainy,Lane 1
TRF-101837,2025-03-18 13:00:00,104,bike,62.0,924.0,foggy,Lane 3
TRF-101838,2025-03-18 14:00:00,108,car,39.4,180.0,rainy,Lane 2
TRF-101839,2025-03-18 15:00:00,101,bus,43.1,180.0,snowy,Express Lane
TRF-101840,2025-03-18 16:00:00,102,van,47.9,153.0,clear,Lane 1
TRF-101841,2025-03-18 17:00:00,106,truck,56.8,301.0,clear,Lane 1
TRF-101842,2025-03-18 18:00:00,108,car,46.3,560.0,snowy,Express Lane
TRF-101843,2025-03-18 19:00:00,103,bike,42.5,637.0,clear,Lane 2
TRF-101844,2025-03-18 20:00:00,106,van,64.9,1010.0,clear,Lane 2
TRF-101845,2025-03-18 21:00:00,107,van,42.4,584.0,snowy,Lane 2
TRF-101846,2025-03-18 22:00:00,108,car,26.6,560.0,snowy,Lane 2
TRF-101847,2025-03-18 23:00:00,108,truck,40.9,754.0,clear,Lane 3
TRF-101848,2025-03-19 00:00:00,101,truck,57.8,560.0,snowy,Lane 2
TRF-101849,2025-03-19 01:00:00,102,bus,45.3,93.0,foggy,Lane 3
TRF-101850,2025-03-19 02:00:00,103,truck,39.0,547.0,rainy,Lane 2
TRF-101851,2025-03-19 03:00:00,101,car,25.4,358.0,rainy,Lane 2
TRF-101852,2025-03-19 04:00:00,106,bus,45.4,719.0,clear,Lane 2
TRF-101853,2025-03-19 05:00:00,101,motorcycle,52.1,508.0,snowy,Lane 3
TRF-101854,2025-03-19 06:00:00,108,bus,29.9,420.0,clear,Lane 2
TRF-101855,2025-03-19 07:00:00,102,bike,44.6,604.0,rainy,Lane 3
TRF-101856,2025-03-19 08:00:00,105,bus,28.3,441.0,clear,Lane 1
TRF-101857,2025-03-19 09:00:00,101,motorcycle,47.9,898.0,clear,Lane 1
TRF-101858,2025-03-19 10:00:00,107,bike,79.1,536.0,clear,Lane 2
TRF-101859,2025-03-19 11:00:00,101,car,51.1,987.0,foggy,Express Lane
TRF-101860,2025-03-19 12:00:00,106,truck,19.5,323.0,snowy,Express Lane
TRF-101861,2025-03-19 13:00:00,106,bike,54.0,792.0,clear,Express Lane
TRF-101862,2025-03-19 14:00:00,103,bus,71.6,537.0,clear,Lane 2
TRF-101863,2025-03-19 15:00:00,106,truck,23.1,148.0,clear,Lane 2
TRF-101864,2025-03-19 16:00:00,104,car,29.2,507.0,clear,Lane 2
TRF-101865,2025-03-19 17:00:00,102,motorcycle,52.7,593.0,foggy,Lane 1
TRF-101866,2025-03-19 18:00:00,102,bike,46.4,871.0,rainy,Lane 3
TRF-101867,2025-03-19 19:00:00,105,car,69.8,504.0,foggy,Lane 2
TRF-101868,2025-03-19 20:00:00,105,car,44.7,975.0,foggy,Express Lane
TRF-101869,2025-03-19 21:00:00,102,bike,62.9,781.0,clear,Lane 1
TRF-101870,2025-03-19 22:00:00,107,bus,75.5,579.0,clear,Lane 3
TRF-101871,2025-03-19 23:00:00,105,truck,32.4,757.0,clear,Lane 2
TRF-101872,2025-03-20 00:00:00,103,bike,61.5,165.0,foggy,Express Lane
TRF-101873,2025-03-20 01:00:00,106,truck,40.8,547.0,snowy,Lane 1
TRF-101874,2025-03-20 02:00:00,102,bike,8.1,788.0,rainy,Lane 2
TRF-101875,2025-03-20 03:00:00,108,car,56.6,353.0,clear,Express Lane
TRF-101876,2025-03-20 04:00:00,105,bike,58.8,140.0,cloudy,Lane 2
TRF-101877,2025-03-20 05:00:00,102,motorcycle,20.1,753.0,foggy,Lane 1
TRF-101878,2025-03-20 06:00:00,104,truck,39.8,517.0,rainy,Lane 2
TRF-101879,2025-03-20 07:00:00,101,car,36.8,394.0,snowy,Lane 2
TRF-101880,2025-03-20 08:00:00,106,car,62.6,796.0,clear,Lane 1
TRF-101881,2025-03-20 09:00:00,102,bike,20.1,861.0,clear,Lane 2
TRF-101882,2025-03-20 10:00:00,101,bike,49.9,142.0,clear,Lane 3
TRF-101883,2025-03-20 11:00:00,105,truck,5.9,349.0,clear,Express Lane
TRF-101884,2025-03-20 12:00:00,101,car,54.8,204.0,rainy,Lane 2
TRF-101885,2025-03-20 13:00:00,106,truck,50.3,1072.0,rainy,Lane 1
TRF-101886,2025-03-20 14:00:00,102,truck,38.8,155.0,clear,Lane 2
TRF-101887,2025-03-20 15:00:00,104,truck,73.7,1024.0,clear,Express Lane
TRF-101888,2025-03-20 16:00:00,107,motorcycle,5.0,283.0,foggy,Lane 2
TRF-101889,2025-03-20 17:00:00,105,truck,47.7,958.0,foggy,Lane 2
TRF-101890,2025-03-20 18:00:00,102,car,69.6,796.0,clear,Express Lane
TRF-101891,2025-03-20 19:00:00,106,bike,50.3,321.0,foggy,Express Lane
TRF-101892,2025-03-20 20:00:00,105,bus,72.6,228.0,clear,Lane 3
TRF-101893,2025-03-20 21:00:00,103,bike,39.9,716.0,foggy,Lane 2
TRF-101894,2025-03-20 22:00:00,101,truck,45.0,811.0,foggy,Lane 1
TRF-101895,2025-03-20 23:00:00,107,car,70.2,970.0,rainy,Lane 1
TRF-101896,2025-03-21 00:00:00,106,truck,64.1,247.0,clear,Lane 1
TRF-101897,2025-03-21 01:00:00,103,bike,91.2,659.0,foggy,Lane 1
TRF-101898,2025-03-21 02:00:00,108,bus,49.9,847.0,clear,Express Lane
TRF-101899,2025-03-21 03:00:00,102,bus,47.9,862.0,cloudy,Lane 2
TRF-101900,2025-03-21 04:00:00,104,truck,39.7,52.0,clear,Lane 3
TRF-101901,2025-03-21 05:00:00,105,truck,47.9,666.0,clear,Lane 1
TRF-101902,2025-03-21 06:00:00,101,bus,67.4,740.0,clear,Express Lane
TRF-101903,2025-03-21 07:00:00,105,car,48.0,728.0,clear,Lane 2
TRF-101904,2025-03-21 08:00:00,107,car,33.5,560.0,rainy,Express Lane
TRF-101905,2025-03-21 09:00:00,102,van,41.2,740.0,rainy,Lane 3
TRF-101906,2025-03-21 10:00:00,105,car,46.4,502.0,clear,Lane 3
TRF-101907,2025-03-21 11:00:00,101,car,34.6,507.0,rainy,Lane 1
TRF-101908,2025-03-21 12:00:00,102,car,39.8,951.0,snowy,Lane 2
TRF-101909,2025-03-21 13:00:00,105,truck,30.0,585.0,foggy,Lane 2
TRF-101910,2025-03-21 14:00:00,104,car,47.9,617.0,rainy,Express Lane
TRF-101911,2025-03-21 15:00:00,106,truck,69.0,723.0,clear,Express Lane
TRF-101912,2025-03-21 16:00:00,102,bike,48.9,148.0,foggy,Express Lane
TRF-101913,2025-03-21 17:00:00,106,van,92.3,1093.0,snowy,Lane 2
TRF-101914,2025-03-21 18:00:00,108,car,34.3,289.0,rainy,Lane 2
TRF-101915,2025-03-21 19:00:00,102,car,56.7,978.0,foggy,Lane 1
TRF-101916,2025-03-21 20:00:00,104,car,52.0,785.0,clear,Lane 3
TRF-101917,2025-03-21 21:00:00,106,car,59.7,35.0,clear,Lane 3
TRF-101918,2025-03-21 22:00:00,103,car,37.1,340.0,cloudy,Lane 1
TRF-101919,2025-03-21 23:00:00,101,motorcycle,41.4,95.0,foggy,Lane 3
TRF-101920,2025-03-22 00:00:00,103,car,55.3,760.0,rainy,Lane 3
TRF-101921,2025-03-22 01:00:00,105,motorcycle,38.9,58.0,foggy,Express Lane
TRF-101922,2025-03-22 02:00:00,104,car,16.1,689.0,snowy,Lane 1
TRF-101923,2025-03-22 03:00:00,103,van,71.6,929.0,foggy,Lane 1
TRF-101924,2025-03-22 04:00:00,102,car,64.0,933.0,foggy,Lane 3
TRF-101925,2025-03-22 05:00:00,105,motorcycle,40.5,390.0,rainy,Lane 1
TRF-101926,2025-03-22 06:00:00,105,truck,51.9,991.0,clear,Express Lane
TRF-101927,2025-03-22 07:00:00,103,car,66.1,55.0,snowy,Express Lane
TRF-101928,2025-03-22 08:00:00,108,car,72.2,100.0,snowy,Lane 2
TRF-101929,2025-03-22 09:00:00,103,car,49.9,206.0,rainy,Lane 2
TRF-101930,2025-03-22 10:00:00,108,car,37.5,56.0,rainy,Express Lane
TRF-101931,2025-03-22 11:00:00,104,truck,74.4,869.0,cloudy,Express Lane
TRF-101932,2025-03-22 12:00:00,101,truck,49.7,846.0,clear,Lane 3
TRF-101933,2025-03-22 13:00:00,103,truck,45.4,604.0,clear,Lane 1
TRF-101934,2025-03-22 14:00:00,107,car,52.7,1029.0,clear,Lane 2
TRF-101935,2025-03-22 15:00:00,108,truck,68.8,560.0,rainy,Express Lane
TRF-101936,2025-03-22 16:00:00,103,van,47.3,522.0,cloudy,Lane 1
TRF-101937,2025-03-22 17:00:00,106,bike,65.7,307.0,clear,Express Lane
TRF-101938,2025-03-22 18:00:00,102,bus,47.9,1028.0,clear,Express Lane
TRF-101939,2025-03-22 19:00:00,107,bus,59.0,868.0,foggy,Express Lane
TRF-101940,2025-03-22 20:00:00,107,car,30.9,876.0,clear,Lane 3
TRF-101941,2025-03-22 21:00:00,108,motorcycle,67.3,929.0,foggy,Lane 3
TRF-101942,2025-03-22 22:00:00,106,car,35.8,322.0,foggy,Lane 1
TRF-101943,2025-03-22 23:00:00,106,van,56.3,1081.0,foggy,Lane 1
TRF-101944,2025-03-23 00:00:00,105,bike,21.2,285.0,clear,Lane 1
TRF-101945,2025-03-23 01:00:00,108,car,48.4,934.0,clear,Lane 2
TRF-101946,2025-03-23 02:00:00,101,car,51.4,694.0,clear,Lane 3
TRF-101947,2025-03-23 03:00:00,102,van,35.7,294.0,snowy,Lane 3
TRF-101948,2025-03-23 04:00:00,104,van,46.0,430.0,clear,Lane 2
TRF-101949,2025-03-23 05:00:00,107,bike,52.7,489.0,clear,Lane 2
TRF-101950,2025-03-23 06:00:00,104,bus,58.1,806.0,foggy,Lane 2
TRF-101951,2025-03-23 07:00:00,103,truck,49.8,1050.0,rainy,Lane 3
TRF-101952,2025-03-23 08:00:00,103,bike,72.0,432.0,rainy,Lane 1
TRF-101953,2025-03-23 09:00:00,104,car,68.8,1024.0,cloudy,Lane 1
TRF-101954,2025-03-23 10:00:00,103,bus,47.4,330.0,clear,Lane 3
TRF-101955,2025-03-23 11:00:00,101,bike,24.1,243.0,clear,Express Lane
TRF-101956,2025-03-23 12:00:00,106,car,39.2,903.0,rainy,Lane 3
TRF-101957,2025-03-23 13:00:00,103,bus,7.9,403.0,clear,Lane 1
TRF-101958,2025-03-23 14:00:00,105,car,44.7,373.0,cloudy,Lane 2
TRF-101959,2025-03-23 15:00:00,103,truck,73.2,891.0,rainy,Express Lane
TRF-101960,2025-03-23 16:00:00,102,car,62.2,330.0,rainy,Lane 2
TRF-101961,2025-03-23 17:00:00,101,bike,49.5,778.0,clear,Lane 3
TRF-101962,2025-03-23 18:00:00,102,bus,34.9,466.0,rainy,Lane 3
TRF-101963,2025-03-23 19:00:00,102,bike,50.2,131.0,foggy,Lane 3
TRF-101964,2025-03-23 20:00:00,105,truck,86.4,39.0,cloudy,Express Lane
TRF-101965,2025-03-23 21:00:00,101,motorcycle,74.8,560.0,rainy,Lane 3
TRF-101966,2025-03-23 22:00:00,101,truck,45.3,399.0,cloudy,Lane 1
TRF-101967,2025-03-23 23:00:00,108,bus,21.3,155.0,foggy,Express Lane
TRF-101968,2025-03-24 00:00:00,101,car,87.7,814.0,cloudy,Lane 1
TRF-101969,2025-03-24 01:00:00,101,motorcycle,34.9,412.0,clear,Lane 3
TRF-101970,2025-03-24 02:00:00,101,motorcycle,57.5,356.0,foggy,Lane 1
TRF-101971,2025-03-24 03:00:00,105,car,19.9,479.0,clear,Lane 2
TRF-101972,2025-03-24 04:00:00,103,truck,42.2,552.0,rainy,Lane 2
TRF-101973,2025-03-24 05:00:00,108,van,19.9,1039.0,foggy,Lane 3
TRF-101974,2025-03-24 06:00:00,102,car,27.1,971.0,foggy,Lane 2
TRF-101975,2025-03-24 07:00:00,101,car,31.4,1012.0,snowy,Lane 3
TRF-101976,2025-03-24 08:00:00,107,van,56.6,302.0,clear,Lane 1
TRF-101977,2025-03-24 09:00:00,103,truck,46.3,531.0,rainy,Express Lane
TRF-101978,2025-03-24 10:00:00,103,bike,96.8,895.0,cloudy,Lane 3
TRF-101979,2025-03-24 11:00:00,102,truck,68.4,370.0,rainy,Lane 2
TRF-101980,2025-03-24 12:00:00,105,truck,68.8,301.0,foggy,Express Lane
TRF-101981,2025-03-24 13:00:00,104,truck,57.1,424.0,rainy,Lane 3
TRF-101982,2025-03-24 14:00:00,104,bike,53.0,939.0,cloudy,Express Lane
TRF-101983,2025-03-24 15:00:00,103,van,69.4,224.0,clear,Lane 1
TRF-101984,2025-03-24 16:00:00,106,car,5.1,1086.0,clear,Lane 1
TRF-101985,2025-03-24 17:00:00,106,bike,36.8,240.0,clear,Express Lane
TRF-101986,2025-03-24 18:00:00,102,truck,23.5,842.0,rainy,Lane 3
TRF-101987,2025-03-24 19:00:00,104,car,14.1,723.0,foggy,Express Lane
TRF-101988,2025-03-24 20:00:00,103,car,34.2,782.0,clear,Lane 2
TRF-101989,2025-03-24 21:00:00,105,truck,27.3,1030.0,clear,Lane 3
TRF-101990,2025-03-24 22:00:00,104,bus,69.5,921.0,rainy,Express Lane
TRF-101991,2025-03-24 23:00:00,103,bike,49.6,570.0,clear,Lane 3
TRF-101992,2025-03-25 00:00:00,103,bike,11.8,547.0,clear,Lane 2
TRF-101993,2025-03-25 01:00:00,101,bike,53.7,964.0,clear,Lane 3
TRF-101994,2025-03-25 02:00:00,105,bus,29.8,162.0,snowy,Express Lane
TRF-101995,2025-03-25 03:00:00,101,car,49.1,125.0,clear,Express Lane
TRF-101996,2025-03-25 04:00:00,102,bike,55.1,453.0,rainy,Express Lane
TRF-101997,2025-03-25 05:00:00,101,bike,34.5,887.0,snowy,Lane 1
TRF-101998,2025-03-25 06:00:00,107,bike,51.9,1003.0,snowy,Lane 1
TRF-101999,2025-03-25 07:00:00,101,truck,55.2,111.0,rainy,Lane 2
TRF-102000,2025-03-25 08:00:00,107,truck,45.0,818.0,cloudy,Lane 1
TRF-102001,2025-03-25 09:00:00,104,bus,35.0,344.0,rainy,Lane 1
TRF-102002,2025-03-25 10:00:00,106,car,48.1,945.0,clear,Lane 2
TRF-102003,2025-03-25 11:00:00,108,bike,45.5,395.0,clear,Lane 3
TRF-102004,2025-03-25 12:00:00,108,truck,53.7,395.0,snowy,Lane 3
TRF-102005,2025-03-25 13:00:00,103,car,43.3,100.0,clear,Lane 2
TRF-102006,2025-03-25 14:00:00,108,truck,26.5,355.0,snowy,Lane 2
TRF-102007,2025-03-25 15:00:00,107,truck,45.0,873.0,clear,Express Lane
TRF-102008,2025-03-25 16:00:00,105,car,53.9,243.0,clear,Lane 3
TRF-102009,2025-03-25 17:00:00,101,bike,51.3,118.0,foggy,Lane 1
TRF-102010,2025-03-25 18:00:00,107,truck,46.0,1025.0,snowy,Express Lane
TRF-102011,2025-03-25 19:00:00,105,bike,39.2,246.0,snowy,Lane 3
TRF-102012,2025-03-25 20:00:00,106,car,38.3,330.0,rainy,Lane 1
TRF-102013,2025-03-25 21:00:00,108,car,40.2,955.0,rainy,Lane 1
TRF-102014,2025-03-25 22:00:00,106,truck,67.4,882.0,clear,Lane 2
TRF-102015,2025-03-25 23:00:00,108,bike,30.9,923.0,rainy,Lane 1
TRF-102016,2025-03-26 00:00:00,101,car,49.6,199.0,cloudy,Lane 2
TRF-102017,2025-03-26 01:00:00,102,truck,25.4,649.0,foggy,Lane 1
TRF-102018,2025-03-26 02:00:00,101,car,61.8,711.0,clear,Lane 3
TRF-102019,2025-03-26 03:00:00,104,bike,38.3,672.0,foggy,Lane 1
TRF-102020,2025-03-26 04:00:00,107,truck,33.1,66.0,rainy,Lane 3
TRF-102021,2025-03-26 05:00:00,103,truck,51.9,800.0,cloudy,Lane 2
TRF-102022,2025-03-26 06:00:00,102,car,5.0,1040.0,rainy,Express Lane
TRF-102023,2025-03-26 07:00:00,101,truck,24.6,665.0,clear,Lane 2
TRF-102024,2025-03-26 08:00:00,105,truck,54.5,455.0,foggy,Express Lane
TRF-102025,2025-03-26 09:00:00,102,bus,66.3,437.0,rainy,Lane 1
TRF-102026,2025-03-26 10:00:00,107,truck,56.1,804.0,cloudy,Lane 3
TRF-102027,2025-03-26 11:00:00,108,motorcycle,50.5,894.0,rainy,Lane 1
TRF-102028,2025-03-26 12:00:00,102,van,91.4,246.0,foggy,Lane 2
TRF-102029,2025-03-26 13:00:00,108,car,56.8,199.0,foggy,Lane 3
TRF-102030,2025-03-26 14:00:00,107,van,29.2,639.0,clear,Lane 2
TRF-102031,2025-03-26 15:00:00,101,bike,66.4,387.0,clear,Express Lane
TRF-102032,2025-03-26 16:00:00,107,bike,36.5,215.0,snowy,Lane 2
TRF-102033,2025-03-26 17:00:00,102,car,35.3,754.0,clear,Lane 1
TRF-102034,2025-03-26 18:00:00,105,bus,23.1,899.0,clear,Lane 1
TRF-102035,2025-03-26 19:00:00,106,car,40.6,853.0,foggy,Lane 1
TRF-102036,2025-03-26 20:00:00,102,motorcycle,25.9,708.0,clear,Express Lane
TRF-102037,2025-03-26 21:00:00,107,truck,58.0,313.0,clear,Lane 1
TRF-102038,2025-03-26 22:00:00,106,car,45.7,213.0,snowy,Lane 2
TRF-102039,2025-03-26 23:00:00,107,car,23.5,171.0,clear,Express Lane
TRF-102040,2025-03-27 00:00:00,105,bike,46.5,260.0,clear,Lane 2
TRF-102041,2025-03-27 01:00:00,107,bike,65.9,417.0,clear,Lane 3
TRF-102042,2025-03-27 02:00:00,101,bus,77.2,764.0,cloudy,Lane 1
TRF-102043,2025-03-27 03:00:00,103,truck,15.8,560.0,clear,Lane 3
TRF-102044,2025-03-27 04:00:00,108,van,34.0,606.0,rainy,Lane 1
TRF-102045,2025-03-27 05:00:00,108,motorcycle,24.8,1056.0,clear,Express Lane
TRF-102046,2025-03-27 06:00:00,102,bike,54.4,106.0,rainy,Express Lane
TRF-102047,2025-03-27 07:00:00,103,truck,22.6,611.0,clear,Lane 3
TRF-102048,2025-03-27 08:00:00,107,car,67.1,637.0,rainy,Lane 3
TRF-102049,2025-03-27 09:00:00,105,car,69.7,1069.0,clear,Lane 1
TRF-102050,2025-03-27 10:00:00,102,bus,62.7,259.0,clear,Express Lane
TRF-102051,2025-03-27 11:00:00,107,motorcycle,35.1,933.0,clear,Lane 1
TRF-102052,2025-03-27 12:00:00,106,truck,36.2,946.0,clear,Lane 2
TRF-102053,2025-03-27 13:00:00,104,bike,39.8,918.0,rainy,Lane 2
TRF-102054,2025-03-27 14:00:00,107,truck,67.9,1059.0,cloudy,Lane 1
TRF-102055,2025-03-27 15:00:00,103,bus,17.4,172.0,rainy,Lane 1
TRF-102056,2025-03-27 16:00:00,102,car,55.0,236.0,clear,Lane 1
TRF-102057,2025-03-27 17:00:00,103,truck,31.2,458.0,foggy,Lane 1
TRF-102058,2025-03-27 18:00:00,102,truck,40.5,195.0,rainy,Lane 3
TRF-102059,2025-03-27 19:00:00,107,motorcycle,61.3,289.0,cloudy,Lane 3
TRF-102060,2025-03-27 20:00:00,101,truck,20.7,423.0,clear,Lane 3
TRF-102061,2025-03-27 21:00:00,106,bus,43.0,150.0,foggy,Lane 3
TRF-102062,2025-03-27 22:00:00,107,bus,45.7,979.0,cloudy,Lane 2
TRF-102063,2025-03-27 23:00:00,108,bus,47.3,442.0,clear,Lane 1
TRF-102064,2025-03-28 00:00:00,103,bus,46.1,197.0,clear,Lane 3
TRF-102065,2025-03-28 01:00:00,104,bus,58.0,450.0,clear,Lane 3
TRF-102066,2025-03-28 02:00:00,104,bike,39.9,817.0,cloudy,Express Lane
TRF-102067,2025-03-28 03:00:00,105,car,54.6,297.0,rainy,Express Lane
TRF-102068,2025-03-28 04:00:00,102,bike,53.9,67.0,rainy,Lane 1
TRF-102069,2025-03-28 05:00:00,103,car,53.1,955.0,rainy,Lane 3
TRF-102070,2025-03-28 06:00:00,105,bus,57.5,367.0,foggy,Lane 3
TRF-102071,2025-03-28 07:00:00,103,van,53.1,359.0,rainy,Lane 2
TRF-102072,2025-03-28 08:00:00,108,car,46.4,228.0,cloudy,Lane 3
TRF-102073,2025-03-28 09:00:00,102,bike,25.2,839.0,foggy,Lane 1
TRF-102074,2025-03-28 10:00:00,107,truck,72.4,34.0,cloudy,Express Lane
TRF-102075,2025-03-28 11:00:00,107,car,78.5,1018.0,rainy,Express Lane
TRF-102076,2025-03-28 12:00:00,104,bike,47.9,924.0,foggy,Lane 3
TRF-102077,2025-03-28 13:00:00,107,truck,56.2,132.0,clear,Lane 2
TRF-102078,2025-03-28 14:00:00,107,truck,38.1,464.0,rainy,Lane 2
TRF-102079,2025-03-28 15:00:00,108,bike,35.0,679.0,rainy,Lane 1
TRF-102080,2025-03-28 16:00:00,101,car,49.0,410.0,foggy,Lane 2
TRF-102081,2025-03-28 17:00:00,104,car,98.5,95.0,rainy,Lane 3
TRF-102082,2025-03-28 18:00:00,105,bus,76.7,608.0,clear,Lane 1
TRF-102083,2025-03-28 19:00:00,106,car,74.0,299.0,cloudy,Lane 3
TRF-102084,2025-03-28 20:00:00,101,van,57.3,76.0,clear,Lane 1
TRF-102085,2025-03-28 21:00:00,105,bus,31.5,945.0,clear,Lane 2
TRF-102086,2025-03-28 22:00:00,102,truck,66.7,394.0,foggy,Lane 2
TRF-102087,2025-03-28 23:00:00,101,truck,5.0,560.0,foggy,Lane 3
TRF-102088,2025-03-29 00:00:00,108,car,55.0,1079.0,foggy,Express Lane
TRF-102089,2025-03-29 01:00:00,105,bike,67.8,236.0,snowy,Lane 2
TRF-102090,2025-03-29 02:00:00,102,bike,50.7,102.0,clear,Express Lane
TRF-102091,2025-03-29 03:00:00,104,bike,77.9,59.0,cloudy,Lane 3
TRF-102092,2025-03-29 04:00:00,106,bike,22.3,1056.0,clear,Lane 2
TRF-102093,2025-03-29 05:00:00,102,truck,76.8,550.0,foggy,Lane 2
TRF-102094,2025-03-29 06:00:00,107,truck,45.2,917.0,rainy,Express Lane
TRF-102095,2025-03-29 07:00:00,103,motorcycle,74.1,430.0,clear,Lane 3
TRF-102096,2025-03-29 08:00:00,102,bus,66.4,683.0,clear,Express Lane
TRF-102097,2025-03-29 09:00:00,102,car,75.3,979.0,cloudy,Lane 2
TRF-102098,2025-03-29 10:00:00,106,car,65.6,877.0,rainy,Lane 1
TRF-102099,2025-03-29 11:00:00,103,bus,60.5,964.0,clear,Lane 2
TRF-102100,2025-03-29 12:00:00,107,truck,72.6,460.0,clear,Express Lane
TRF-102101,2025-03-29 13:00:00,105,bike,49.0,568.0,snowy,Lane 1
TRF-102102,2025-03-29 14:00:00,105,bus,58.8,100.0,cloudy,Express Lane
TRF-102103,2025-03-29 15:00:00,102,van,47.9,285.0,rainy,Lane 1
TRF-102104,2025-03-29 16:00:00,108,car,35.7,176.0,clear,Lane 1
TRF-102105,2025-03-29 17:00:00,108,car,57.5,931.0,clear,Express Lane
TRF-102106,2025-03-29 18:00:00,103,truck,51.5,699.0,rainy,Express Lane
TRF-102107,2025-03-29 19:00:00,103,car,70.6,169.0,clear,Lane 1
TRF-102108,2025-03-29 20:00:00,107,bike,44.5,684.0,foggy,Lane 1
TRF-102109,2025-03-29 21:00:00,106,bus,34.3,650.0,clear,Lane 2
TRF-102110,2025-03-29 22:00:00,104,bike,70.4,900.0,clear,Express Lane
TRF-102111,2025-03-29 23:00:00,105,bike,49.1,93.0,clear,Lane 2
TRF-102112,2025-03-30 00:00:00,106,truck,33.8,897.0,foggy,Lane 3
TRF-102113,2025-03-30 01:00:00,101,car,73.0,864.0,rainy,Express Lane
TRF-102114,2025-03-30 02:00:00,105,van,64.7,542.0,cloudy,Lane 3
TRF-102115,2025-03-30 03:00:00,106,truck,81.3,1060.0,rainy,Lane 3
TRF-102116,2025-03-30 04:00:00,105,motorcycle,41.9,1054.0,rainy,Express Lane
TRF-102117,2025-03-30 05:00:00,104,car,39.3,76.0,rainy,Lane 3
TRF-102118,2025-03-30 06:00:00,101,bike,28.4,897.0,clear,Lane 1
TRF-102119,2025-03-30 07:00:00,108,truck,37.8,807.0,snowy,Lane 2
TRF-102120,2025-03-30 08:00:00,108,van,41.0,1055.0,clear,Lane 1
TRF-102121,2025-03-30 09:00:00,104,car,60.3,564.0,clear,Lane 3
TRF-102122,2025-03-30 10:00:00,107,bike,31.3,388.0,clear,Lane 1
TRF-102123,2025-03-30 11:00:00,101,truck,36.1,844.0,rainy,Express Lane
TRF-102124,2025-03-30 12:00:00,102,car,78.5,625.0,snowy,Lane 3
TRF-102125,2025-03-30 13:00:00,106,bike,5.0,233.0,clear,Express Lane
TRF-102126,2025-03-30 14:00:00,101,car,56.6,1000.0,snowy,Lane 3
TRF-102127,2025-03-30 15:00:00,107,van,24.8,256.0,clear,Lane 3
TRF-102128,2025-03-30 16:00:00,107,truck,33.5,977.0,snowy,Express Lane
TRF-102129,2025-03-30 17:00:00,104,truck,73.6,846.0,foggy,Lane 3
TRF-102130,2025-03-30 18:00:00,105,truck,49.3,180.0,foggy,Lane 2
TRF-102131,2025-03-30 19:00:00,101,motorcycle,95.8,46.0,foggy,Express Lane
TRF-102132,2025-03-30 20:00:00,106,bus,59.3,333.0,clear,Lane 3
TRF-102133,2025-03-30 21:00:00,101,bus,33.1,810.0,foggy,Lane 2
TRF-102134,2025-03-30 22:00:00,103,car,58.0,296.0,clear,Lane 2
TRF-102135,2025-03-30 23:00:00,105,truck,68.3,64.0,clear,Lane 3
TRF-102136,2025-03-31 00:00:00,106,car,57.4,815.0,foggy,Lane 2
TRF-102137,2025-03-31 01:00:00,108,truck,44.1,97.0,rainy,Lane 3
TRF-102138,2025-03-31 02:00:00,106,bike,17.6,218.0,snowy,Lane 3
TRF-102139,2025-03-31 03:00:00,102,van,42.2,70.0,clear,Lane 3
TRF-102140,2025-03-31 04:00:00,104,car,78.0,637.0,clear,Lane 3
TRF-102141,2025-03-31 05:00:00,102,truck,33.7,712.0,clear,Lane 2
TRF-102142,2025-03-31 06:00:00,106,truck,40.6,974.0,foggy,Lane 1
TRF-102143,2025-03-31 07:00:00,105,car,65.9,936.0,clear,Express Lane
TRF-102144,2025-03-31 08:00:00,101,truck,47.9,976.0,cloudy,Lane 1
TRF-102145,2025-03-31 09:00:00,108,car,24.4,882.0,cloudy,Lane 3
TRF-102146,2025-03-31 10:00:00,101,car,46.0,1003.0,rainy,Lane 3
TRF-102147,2025-03-31 11:00:00,105,bike,73.3,1040.0,rainy,Lane 3
TRF-102148,2025-03-31 12:00:00,106,truck,48.5,786.0,clear,Lane 1
TRF-102149,2025-03-31 13:00:00,107,truck,73.8,1036.0,clear,Express Lane
TRF-102150,2025-03-31 14:00:00,101,bike,74.8,577.0,snowy,Lane 1
TRF-102151,2025-03-31 15:00:00,107,car,31.3,944.0,foggy,Express Lane
TRF-102152,2025-03-31 16:00:00,101,bus,42.7,513.0,clear,Lane 3
TRF-102153,2025-03-31 17:00:00,101,bike,59.8,617.0,rainy,Lane 2
TRF-102154,2025-03-31 18:00:00,108,car,20.3,311.0,clear,Lane 2
TRF-102155,2025-03-31 19:00:00,104,truck,44.0,659.0,rainy,Lane 1
TRF-102156,2025-03-31 20:00:00,104,truck,57.8,448.0,clear,Lane 2
TRF-102157,2025-03-31 21:00:00,103,bus,36.8,252.0,clear,Lane 2
TRF-102158,2025-03-31 22:00:00,102,car,58.6,109.0,foggy,Express Lane
TRF-102159,2025-03-31 23:00:00,105,car,37.2,855.0,clear,Lane 3
TRF-102160,2025-04-01 00:00:00,105,bus,37.0,711.0,foggy,Lane 2
TRF-102161,2025-04-01 01:00:00,105,bike,61.4,442.0,cloudy,Lane 3
TRF-102162,2025-04-01 02:00:00,103,car,72.6,363.0,foggy,Lane 3
TRF-102163,2025-04-01 03:00:00,104,car,35.2,560.0,cloudy,Lane 3
TRF-102164,2025-04-01 04:00:00,106,bike,26.2,1055.0,snowy,Lane 3
TRF-102165,2025-04-01 05:00:00,107,car,47.3,287.0,rainy,Lane 2
TRF-102166,2025-04-01 06:00:00,108,truck,56.4,792.0,foggy,Lane 1
TRF-102167,2025-04-01 07:00:00,107,car,35.0,866.0,clear,Lane 2
TRF-102168,2025-04-01 08:00:00,106,truck,77.9,484.0,clear,Lane 1
TRF-102169,2025-04-01 09:00:00,108,truck,45.4,48.0,clear,Lane 1
TRF-102170,2025-04-01 10:00:00,103,truck,34.9,983.0,foggy,Lane 3
TRF-102171,2025-04-01 11:00:00,106,motorcycle,82.8,1008.0,rainy,Lane 2
TRF-102172,2025-04-01 12:00:00,105,bike,70.8,462.0,snowy,Express Lane
TRF-102173,2025-04-01 13:00:00,102,car,34.9,281.0,rainy,Lane 1
TRF-102174,2025-04-01 14:00:00,101,bus,67.2,825.0,clear,Lane 1
TRF-102175,2025-04-01 15:00:00,107,van,36.2,936.0,clear,Lane 2
TRF-102176,2025-04-01 16:00:00,104,truck,61.8,678.0,rainy,Express Lane
TRF-102177,2025-04-01 17:00:00,104,car,80.0,939.0,clear,Express Lane
TRF-102178,2025-04-01 18:00:00,103,bike,26.2,767.0,cloudy,Lane 1
TRF-102179,2025-04-01 19:00:00,108,truck,38.3,250.0,rainy,Lane 2
TRF-102180,2025-04-01 20:00:00,104,truck,38.7,142.0,cloudy,Express Lane
TRF-102181,2025-04-01 21:00:00,105,car,52.8,589.0,foggy,Lane 3
TRF-102182,2025-04-01 22:00:00,107,truck,56.5,226.0,snowy,Express Lane
TRF-102183,2025-04-01 23:00:00,106,car,46.4,1071.0,rainy,Lane 1
TRF-102184,2025-04-02 00:00:00,105,car,17.7,809.0,snowy,Lane 3
TRF-102185,2025-04-02 01:00:00,103,bike,25.8,244.0,snowy,Express Lane
TRF-102186,2025-04-02 02:00:00,105,van,32.1,665.0,rainy,Express Lane
TRF-102187,2025-04-02 03:00:00,106,car,58.1,1069.0,cloudy,Express Lane
TRF-102188,2025-04-02 04:00:00,102,truck,22.9,560.0,clear,Lane 1
TRF-102189,2025-04-02 05:00:00,103,car,31.6,689.0,cloudy,Lane 3
TRF-102190,2025-04-02 06:00:00,102,van,27.6,262.0,foggy,Lane 1
TRF-102191,2025-04-02 07:00:00,101,bus,54.1,54.0,snowy,Express Lane
TRF-102192,2025-04-02 08:00:00,102,truck,68.4,967.0,foggy,Lane 2
TRF-102193,2025-04-02 09:00:00,101,truck,50.8,1048.0,clear,Lane 3
TRF-102194,2025-04-02 10:00:00,101,bus,83.9,100.0,clear,Lane 2
TRF-102195,2025-04-02 11:00:00,102,car,50.8,54.0,clear,Lane 1
TRF-102196,2025-04-02 12:00:00,103,car,46.3,487.0,foggy,Lane 3
TRF-102197,2025-04-02 13:00:00,108,car,33.9,240.0,foggy,Lane 3
TRF-102198,2025-04-02 14:00:00,106,truck,51.7,570.0,foggy,Express Lane
TRF-102199,2025-04-02 15:00:00,105,car,33.1,800.0,clear,Lane 1
TRF-102200,2025-04-02 16:00:00,105,car,30.4,1092.0,clear,Express Lane
TRF-102201,2025-04-02 17:00:00,106,bike,29.9,706.0,cloudy,Express Lane
TRF-102202,2025-04-02 18:00:00,107,truck,44.0,124.0,cloudy,Lane 1
TRF-102203,2025-04-02 19:00:00,107,motorcycle,39.0,249.0,cloudy,Express Lane
TRF-102204,2025-04-02 20:00:00,101,truck,95.8,935.0,rainy,Lane 1
TRF-102205,2025-04-02 21:00:00,101,car,51.8,222.0,clear,Lane 2
TRF-102206,2025-04-02 22:00:00,103,truck,51.5,204.0,foggy,Express Lane
TRF-102207,2025-04-02 23:00:00,104,bike,38.1,141.0,clear,Lane 3
TRF-102208,2025-04-03 00:00:00,102,bus,103.2,140.0,snowy,Lane 3
TRF-102209,2025-04-03 01:00:00,101,bike,31.4,482.0,foggy,Lane 2
TRF-102210,2025-04-03 02:00:00,105,bus,39.5,560.0,foggy,Lane 3
TRF-102211,2025-04-03 03:00:00,103,car,66.0,633.0,foggy,Lane 2
TRF-102212,2025-04-03 04:00:00,102,van,51.6,989.0,snowy,Lane 2
TRF-102213,2025-04-03 05:00:00,103,truck,25.1,215.0,clear,Express Lane
TRF-102214,2025-04-03 06:00:00,102,bus,48.5,80.0,clear,Lane 1
TRF-102215,2025-04-03 07:00:00,102,car,60.2,1094.0,rainy,Lane 2
TRF-102216,2025-04-03 08:00:00,106,bus,57.2,384.0,snowy,Lane 3
TRF-102217,2025-04-03 09:00:00,101,car,59.9,392.0,clear,Lane 3
TRF-102218,2025-04-03 10:00:00,108,motorcycle,87.3,565.0,rainy,Lane 1
TRF-102219,2025-04-03 11:00:00,103,car,52.9,65.0,foggy,Express Lane
TRF-102220,2025-04-03 12:00:00,108,motorcycle,62.3,306.0,rainy,Lane 3
TRF-102221,2025-04-03 13:00:00,103,truck,5.0,1039.0,clear,Express Lane
TRF-102222,2025-04-03 14:00:00,106,van,81.6,211.0,clear,Lane 2
TRF-102223,2025-04-03 15:00:00,105,bus,49.2,500.0,foggy,Lane 3
TRF-102224,2025-04-03 16:00:00,108,motorcycle,32.4,446.0,clear,Lane 2
TRF-102225,2025-04-03 17:00:00,105,truck,44.5,918.0,rainy,Lane 3
TRF-102226,2025-04-03 18:00:00,107,bus,59.9,560.0,clear,Lane 3
TRF-102227,2025-04-03 19:00:00,101,van,66.6,543.0,snowy,Lane 1
TRF-102228,2025-04-03 20:00:00,101,bus,46.3,595.0,rainy,Lane 2
TRF-102229,2025-04-03 21:00:00,104,motorcycle,58.8,470.0,clear,Lane 1
TRF-102230,2025-04-03 22:00:00,106,car,43.3,1021.0,clear,Lane 1
TRF-102231,2025-04-03 23:00:00,105,bus,56.8,1099.0,snowy,Lane 1
TRF-102232,2025-04-04 00:00:00,102,car,51.7,104.0,rainy,Lane 1
TRF-102233,2025-04-04 01:00:00,103,car,53.4,435.0,foggy,Express Lane
TRF-102234,2025-04-04 02:00:00,101,car,42.4,32.0,snowy,Express Lane
TRF-102235,2025-04-04 03:00:00,108,van,55.3,1062.0,snowy,Express Lane
TRF-102236,2025-04-04 04:00:00,103,motorcycle,33.1,543.0,clear,Lane 2
TRF-102237,2025-04-04 05:00:00,103,bike,51.5,569.0,snowy,Express Lane
TRF-102238,2025-04-04 06:00:00,104,bike,36.6,319.0,clear,Lane 2
TRF-102239,2025-04-04 07:00:00,105,bus,30.1,210.0,clear,Lane 3
TRF-102240,2025-04-04 08:00:00,101,car,35.3,295.0,snowy,Express Lane
TRF-102241,2025-04-04 09:00:00,103,car,47.9,112.0,clear,Lane 3
TRF-102242,2025-04-04 10:00:00,101,car,38.5,287.0,snowy,Express Lane
TRF-102243,2025-04-04 11:00:00,102,car,55.1,979.0,snowy,Lane 1
TRF-102244,2025-04-04 12:00:00,104,truck,49.4,228.0,rainy,Express Lane
TRF-102245,2025-04-04 13:00:00,102,bus,66.3,677.0,rainy,Lane 2
TRF-102246,2025-04-04 14:00:00,101,truck,46.5,295.0,rainy,Lane 3
TRF-102247,2025-04-04 15:00:00,107,truck,51.3,1026.0,clear,Lane 1
TRF-102248,2025-04-04 16:00:00,108,car,81.6,899.0,cloudy,Express Lane
TRF-102249,2025-04-04 17:00:00,101,bike,40.1,760.0,clear,Lane 1
TRF-102250,2025-04-04 18:00:00,105,bus,42.9,890.0,foggy,Lane 3
TRF-102251,2025-04-04 19:00:00,103,truck,69.7,48.0,rainy,Lane 2
TRF-102252,2025-04-04 20:00:00,103,truck,30.8,400.0,foggy,Express Lane
TRF-102253,2025-04-04 21:00:00,102,car,71.7,1076.0,rainy,Lane 3
TRF-102254,2025-04-04 22:00:00,108,car,43.7,648.0,foggy,Lane 3
TRF-102255,2025-04-04 23:00:00,104,motorcycle,33.0,672.0,clear,Lane 2
TRF-102256,2025-04-05 00:00:00,107,bike,64.3,408.0,clear,Lane 3
TRF-102257,2025-04-05 01:00:00,106,car,43.5,846.0,rainy,Lane 1
TRF-102258,2025-04-05 02:00:00,108,bus,80.8,853.0,foggy,Express Lane
TRF-102259,2025-04-05 03:00:00,103,motorcycle,49.5,119.0,snowy,Lane 3
TRF-102260,2025-04-05 04:00:00,105,truck,49.3,173.0,snowy,Express Lane
TRF-102261,2025-04-05 05:00:00,108,bus,37.5,650.0,foggy,Express Lane
TRF-102262,2025-04-05 06:00:00,102,bus,45.4,893.0,foggy,Lane 2
TRF-102263,2025-04-05 07:00:00,102,bike,43.1,233.0,clear,Express Lane
TRF-102264,2025-04-05 08:00:00,106,truck,72.0,894.0,rainy,Lane 2
TRF-102265,2025-04-05 09:00:00,105,van,53.2,182.0,rainy,Lane 3
TRF-102266,2025-04-05 10:00:00,104,car,60.7,558.0,cloudy,Lane 3
TRF-102267,2025-04-05 11:00:00,108,truck,49.8,368.0,snowy,Lane 3
TRF-102268,2025-04-05 12:00:00,105,car,40.6,778.0,clear,Express Lane
TRF-102269,2025-04-05 13:00:00,104,truck,54.7,585.0,cloudy,Express Lane
TRF-102270,2025-04-05 14:00:00,105,van,76.6,782.0,clear,Lane 1
TRF-102271,2025-04-05 15:00:00,105,truck,29.1,960.0,rainy,Express Lane
TRF-102272,2025-04-05 16:00:00,101,truck,55.6,580.0,clear,Lane 2
TRF-102273,2025-04-05 17:00:00,102,car,74.9,127.0,clear,Lane 1
TRF-102274,2025-04-05 18:00:00,108,truck,33.3,822.0,foggy,Express Lane
TRF-102275,2025-04-05 19:00:00,105,truck,64.6,451.0,cloudy,Lane 1
TRF-102276,2025-04-05 20:00:00,108,motorcycle,64.6,109.0,foggy,Express Lane
TRF-102277,2025-04-05 21:00:00,106,bus,24.7,317.0,clear,Express Lane
TRF-102278,2025-04-05 22:00:00,105,truck,68.0,876.0,foggy,Lane 1
TRF-102279,2025-04-05 23:00:00,103,bus,37.3,198.0,cloudy,Lane 2
TRF-102280,2025-04-06 00:00:00,102,car,54.5,100.0,foggy,Lane 2
TRF-102281,2025-04-06 01:00:00,103,bus,66.4,292.0,clear,Express Lane
TRF-102282,2025-04-06 02:00:00,108,motorcycle,69.6,741.0,cloudy,Lane 1
TRF-102283,2025-04-06 03:00:00,108,car,20.4,752.0,clear,Lane 2
TRF-102284,2025-04-06 04:00:00,102,bus,80.2,559.0,foggy,Lane 2
TRF-102285,2025-04-06 05:00:00,108,bus,73.5,814.0,rainy,Lane 2
TRF-102286,2025-04-06 06:00:00,103,car,66.9,239.0,cloudy,Lane 3
TRF-102287,2025-04-06 07:00:00,105,truck,47.9,146.0,clear,Lane 2
TRF-102288,2025-04-06 08:00:00,105,car,40.2,560.0,rainy,Express Lane
TRF-102289,2025-04-06 09:00:00,101,truck,28.5,344.0,clear,Express Lane
TRF-102290,2025-04-06 10:00:00,106,bike,18.8,40.0,cloudy,Lane 2
TRF-102291,2025-04-06 11:00:00,108,car,59.6,1060.0,snowy,Lane 2
TRF-102292,2025-04-06 12:00:00,103,car,66.9,984.0,rainy,Lane 1
TRF-102293,2025-04-06 13:00:00,108,bus,46.5,560.0,cloudy,Lane 3
TRF-102294,2025-04-06 14:00:00,108,bike,39.7,229.0,clear,Express Lane
TRF-102295,2025-04-06 15:00:00,104,motorcycle,49.3,359.0,rainy,Lane 3
TRF-102296,2025-04-06 16:00:00,101,truck,36.5,119.0,rainy,Lane 1
TRF-102297,2025-04-06 17:00:00,103,car,48.4,620.0,clear,Lane 2
TRF-102298,2025-04-06 18:00:00,103,car,35.4,84.0,foggy,Lane 2
TRF-102299,2025-04-06 19:00:00,108,car,59.0,121.0,foggy,Lane 3
TRF-102300,2025-04-06 20:00:00,101,car,70.4,85.0,clear,Express Lane
TRF-102301,2025-04-06 21:00:00,105,car,57.2,90.0,clear,Lane 2
TRF-102302,2025-04-06 22:00:00,103,bus,46.6,146.0,clear,Lane 3
TRF-102303,2025-04-06 23:00:00,105,truck,65.8,619.0,cloudy,Lane 1
TRF-102304,2025-04-07 00:00:00,101,bike,48.3,265.0,foggy,Lane 3
TRF-102305,2025-04-07 01:00:00,105,truck,65.2,62.0,snowy,Lane 3
TRF-102306,2025-04-07 02:00:00,102,car,36.5,815.0,foggy,Express Lane
TRF-102307,2025-04-07 03:00:00,104,truck,38.9,50.0,clear,Lane 3
TRF-102308,2025-04-07 04:00:00,107,truck,30.2,947.0,foggy,Lane 3
TRF-102309,2025-04-07 05:00:00,103,car,39.6,331.0,clear,Lane 3
TRF-102310,2025-04-07 06:00:00,106,van,65.7,326.0,clear,Express Lane
TRF-102311,2025-04-07 07:00:00,104,car,32.3,802.0,snowy,Lane 1
TRF-102312,2025-04-07 08:00:00,107,truck,6.5,1097.0,foggy,Express Lane
TRF-102313,2025-04-07 09:00:00,105,bike,40.5,448.0,rainy,Lane 2
TRF-102314,2025-04-07 10:00:00,103,bike,26.9,91.0,foggy,Lane 2
TRF-102315,2025-04-07 11:00:00,105,truck,38.9,887.0,clear,Lane 3
TRF-102316,2025-04-07 12:00:00,102,bus,85.9,567.0,clear,Lane 2
TRF-102317,2025-04-07 13:00:00,101,truck,32.0,725.0,snowy,Express Lane
TRF-102318,2025-04-07 14:00:00,103,bus,59.4,847.0,clear,Lane 3
TRF-102319,2025-04-07 15:00:00,107,truck,46.6,1089.0,cloudy,Express Lane
TRF-102320,2025-04-07 16:00:00,107,motorcycle,54.7,949.0,rainy,Lane 2
TRF-102321,2025-04-07 17:00:00,102,bike,38.8,1004.0,clear,Lane 2
TRF-102322,2025-04-07 18:00:00,102,motorcycle,68.9,571.0,clear,Express Lane
TRF-102323,2025-04-07 19:00:00,108,car,55.7,819.0,snowy,Express Lane
TRF-102324,2025-04-07 20:00:00,103,car,47.9,62.0,clear,Lane 2
TRF-102325,2025-04-07 21:00:00,105,car,49.8,610.0,clear,Lane 2
TRF-102326,2025-04-07 22:00:00,106,car,70.6,381.0,foggy,Express Lane
TRF-102327,2025-04-07 23:00:00,107,bike,58.1,284.0,cloudy,Express Lane
TRF-102328,2025-04-08 00:00:00,107,bike,54.7,560.0,cloudy,Lane 1
TRF-102329,2025-04-08 01:00:00,102,truck,59.7,302.0,clear,Express Lane
TRF-102330,2025-04-08 02:00:00,104,truck,16.3,722.0,clear,Lane 3
TRF-102331,2025-04-08 03:00:00,102,motorcycle,51.4,279.0,rainy,Express Lane
TRF-102332,2025-04-08 04:00:00,106,truck,46.8,933.0,cloudy,Lane 3
TRF-102333,2025-04-08 05:00:00,105,car,69.0,261.0,foggy,Lane 1
TRF-102334,2025-04-08 06:00:00,105,bus,35.4,457.0,clear,Lane 1
TRF-102335,2025-04-08 07:00:00,104,car,51.6,986.0,clear,Lane 1
TRF-102336,2025-04-08 08:00:00,107,bus,82.6,663.0,clear,Express Lane
TRF-102337,2025-04-08 09:00:00,102,van,47.5,271.0,clear,Lane 1
TRF-102338,2025-04-08 10:00:00,108,bike,24.1,163.0,clear,Lane 1
TRF-102339,2025-04-08 11:00:00,105,motorcycle,87.1,1053.0,cloudy,Lane 3
TRF-102340,2025-04-08 12:00:00,106,motorcycle,35.1,248.0,foggy,Express Lane
TRF-102341,2025-04-08 13:00:00,103,car,29.3,726.0,rainy,Lane 1
TRF-102342,2025-04-08 14:00:00,101,truck,30.0,336.0,snowy,Lane 3
TRF-102343,2025-04-08 15:00:00,101,van,61.1,343.0,clear,Lane 3
TRF-102344,2025-04-08 16:00:00,101,truck,71.4,952.0,clear,Express Lane
TRF-102345,2025-04-08 17:00:00,108,bus,79.7,310.0,clear,Lane 2
TRF-102346,2025-04-08 18:00:00,107,truck,48.3,64.0,clear,Lane 2
TRF-102347,2025-04-08 19:00:00,102,bike,30.2,99.0,cloudy,Express Lane
TRF-102348,2025-04-08 20:00:00,104,bike,37.7,389.0,rainy,Lane 2
TRF-102349,2025-04-08 21:00:00,108,motorcycle,48.6,437.0,clear,Lane 1
TRF-102350,2025-04-08 22:00:00,108,car,47.6,609.0,rainy,Lane 1
TRF-102351,2025-04-08 23:00:00,105,truck,71.5,548.0,rainy,Express Lane
TRF-102352,2025-04-09 00:00:00,103,bike,24.3,635.0,clear,Lane 2
TRF-102353,2025-04-09 01:00:00,108,bike,27.9,110.0,clear,Lane 1
TRF-102354,2025-04-09 02:00:00,106,van,42.4,279.0,clear,Lane 2
TRF-102355,2025-04-09 03:00:00,103,bike,54.6,1091.0,foggy,Lane 3
TRF-102356,2025-04-09 04:00:00,106,bike,40.0,74.0,cloudy,Lane 3
TRF-102357,2025-04-09 05:00:00,107,bike,38.6,166.0,foggy,Express Lane
TRF-102358,2025-04-09 06:00:00,102,car,69.1,852.0,clear,Lane 3
TRF-102359,2025-04-09 07:00:00,101,truck,56.5,1008.0,snowy,Lane 3
TRF-102360,2025-04-09 08:00:00,108,car,47.9,849.0,snowy,Lane 2
TRF-102361,2025-04-09 09:00:00,102,truck,38.8,396.0,clear,Lane 3
TRF-102362,2025-04-09 10:00:00,107,car,57.3,258.0,clear,Express Lane
TRF-102363,2025-04-09 11:00:00,104,car,25.3,212.0,foggy,Lane 3
TRF-102364,2025-04-09 12:00:00,104,car,57.2,496.0,snowy,Lane 1
TRF-102365,2025-04-09 13:00:00,107,bike,41.8,867.0,foggy,Express Lane
TRF-102366,2025-04-09 14:00:00,106,car,54.5,233.0,rainy,Express Lane
TRF-102367,2025-04-09 15:00:00,105,van,50.2,1004.0,snowy,Express Lane
TRF-102368,2025-04-09 16:00:00,105,car,27.9,652.0,foggy,Lane 3
TRF-102369,2025-04-09 17:00:00,106,motorcycle,36.5,898.0,clear,Lane 3
TRF-102370,2025-04-09 18:00:00,104,bus,74.1,579.0,rainy,Express Lane
TRF-102371,2025-04-09 19:00:00,104,bike,90.7,633.0,snowy,Lane 2
TRF-102372,2025-04-09 20:00:00,108,car,16.5,784.0,rainy,Express Lane
TRF-102373,2025-04-09 21:00:00,104,car,66.8,657.0,clear,Lane 1
TRF-102374,2025-04-09 22:00:00,102,van,53.3,1045.0,cloudy,Lane 1
TRF-102375,2025-04-09 23:00:00,104,truck,85.5,124.0,clear,Lane 1
TRF-102376,2025-04-10 00:00:00,103,car,37.9,714.0,cloudy,Lane 1
TRF-102377,2025-04-10 01:00:00,108,bus,64.2,826.0,cloudy,Express Lane
TRF-102378,2025-04-10 02:00:00,101,car,42.6,398.0,clear,Express Lane
TRF-102379,2025-04-10 03:00:00,104,bike,71.1,308.0,snowy,Express Lane
TRF-102380,2025-04-10 04:00:00,106,bus,89.6,380.0,cloudy,Express Lane
TRF-102381,2025-04-10 05:00:00,101,car,51.8,435.0,foggy,Express Lane
TRF-102382,2025-04-10 06:00:00,102,bus,27.5,475.0,snowy,Lane 2
TRF-102383,2025-04-10 07:00:00,106,car,73.4,352.0,foggy,Lane 2
TRF-102384,2025-04-10 08:00:00,101,truck,58.2,659.0,foggy,Lane 2
TRF-102385,2025-04-10 09:00:00,106,truck,54.8,102.0,clear,Express Lane
TRF-102386,2025-04-10 10:00:00,102,motorcycle,76.5,547.0,clear,Lane 3
TRF-102387,2025-04-10 11:00:00,108,truck,27.5,51.0,foggy,Express Lane
TRF-102388,2025-04-10 12:00:00,103,truck,35.1,208.0,rainy,Lane 1
TRF-102389,2025-04-10 13:00:00,102,car,58.7,737.0,clear,Express Lane
TRF-102390,2025-04-10 14:00:00,102,truck,34.7,967.0,cloudy,Lane 1
TRF-102391,2025-04-10 15:00:00,106,car,47.9,1048.0,clear,Lane 2
TRF-102392,2025-04-10 16:00:00,108,bus,70.9,977.0,rainy,Lane 1
TRF-102393,2025-04-10 17:00:00,107,motorcycle,55.8,560.0,snowy,Express Lane
TRF-102394,2025-04-10 18:00:00,105,truck,26.8,393.0,clear,Lane 3
TRF-102395,2025-04-10 19:00:00,104,bus,55.3,454.0,clear,Lane 1
TRF-102396,2025-04-10 20:00:00,104,bus,70.3,988.0,clear,Lane 3
TRF-102397,2025-04-10 21:00:00,103,car,51.1,701.0,foggy,Express Lane
TRF-102398,2025-04-10 22:00:00,103,car,63.7,1083.0,clear,Express Lane
TRF-102399,2025-04-10 23:00:00,104,bus,38.7,1042.0,snowy,Lane 1
TRF-102400,2025-04-11 00:00:00,105,car,52.7,908.0,clear,Lane 1
TRF-102401,2025-04-11 01:00:00,104,bus,19.6,976.0,snowy,Lane 2
TRF-102402,2025-04-11 02:00:00,107,truck,59.3,1017.0,foggy,Lane 3
TRF-102403,2025-04-11 03:00:00,105,car,54.5,181.0,clear,Lane 1
TRF-102404,2025-04-11 04:00:00,103,bus,24.8,284.0,clear,Express Lane
TRF-102405,2025-04-11 05:00:00,101,bike,75.4,732.0,snowy,Lane 1
TRF-102406,2025-04-11 06:00:00,106,car,47.9,683.0,rainy,Express Lane
TRF-102407,2025-04-11 07:00:00,107,car,35.5,787.0,snowy,Lane 2
TRF-102408,2025-04-11 08:00:00,107,truck,59.8,1087.0,cloudy,Lane 3
TRF-102409,2025-04-11 09:00:00,108,truck,30.3,216.0,snowy,Lane 3
TRF-102410,2025-04-11 10:00:00,103,bike,32.8,908.0,snowy,Lane 2
TRF-102411,2025-04-11 11:00:00,103,bike,30.4,702.0,rainy,Lane 1
TRF-102412,2025-04-11 12:00:00,102,van,29.9,905.0,snowy,Lane 3
TRF-102413,2025-04-11 13:00:00,107,car,55.9,147.0,foggy,Lane 2
TRF-102414,2025-04-11 14:00:00,102,car,49.7,1071.0,foggy,Lane 2
TRF-102415,2025-04-11 15:00:00,102,bike,61.5,900.0,rainy,Lane 2
TRF-102416,2025-04-11 16:00:00,106,car,5.0,487.0,foggy,Lane 2
TRF-102417,2025-04-11 17:00:00,102,motorcycle,41.0,735.0,rainy,Lane 2
TRF-102418,2025-04-11 18:00:00,105,motorcycle,41.2,671.0,rainy,Express Lane
TRF-102419,2025-04-11 19:00:00,104,car,48.9,995.0,clear,Lane 1
TRF-102420,2025-04-11 20:00:00,101,van,48.5,241.0,foggy,Lane 3
TRF-102421,2025-04-11 21:00:00,103,car,52.1,515.0,rainy,Lane 2
TRF-102422,2025-04-11 22:00:00,105,truck,49.6,920.0,clear,Express Lane
TRF-102423,2025-04-11 23:00:00,101,truck,39.7,1056.0,snowy,Lane 1
TRF-102424,2025-04-12 00:00:00,107,car,40.8,1031.0,foggy,Lane 1
TRF-102425,2025-04-12 01:00:00,107,car,47.0,1014.0,snowy,Express Lane
TRF-102426,2025-04-12 02:00:00,107,truck,57.1,372.0,rainy,Lane 2
TRF-102427,2025-04-12 03:00:00,105,bus,49.5,323.0,rainy,Lane 3
TRF-102428,2025-04-12 04:00:00,105,motorcycle,33.9,57.0,clear,Lane 2
TRF-102429,2025-04-12 05:00:00,103,van,32.9,888.0,rainy,Express Lane
TRF-102430,2025-04-12 06:00:00,104,car,57.2,602.0,foggy,Lane 2
TRF-102431,2025-04-12 07:00:00,108,car,61.6,957.0,clear,Lane 3
TRF-102432,2025-04-12 08:00:00,102,bus,67.3,1085.0,rainy,Express Lane
TRF-102433,2025-04-12 09:00:00,107,bus,39.2,426.0,snowy,Lane 2
TRF-102434,2025-04-12 10:00:00,106,bus,14.2,1070.0,rainy,Lane 1
TRF-102435,2025-04-12 11:00:00,104,bike,54.9,630.0,snowy,Express Lane
TRF-102436,2025-04-12 12:00:00,106,bike,35.1,399.0,clear,Lane 1
TRF-102437,2025-04-12 13:00:00,103,car,46.1,193.0,clear,Lane 3
TRF-102438,2025-04-12 14:00:00,103,motorcycle,50.7,479.0,rainy,Lane 3
TRF-102439,2025-04-12 15:00:00,103,bus,58.0,573.0,clear,Lane 2
TRF-102440,2025-04-12 16:00:00,101,truck,64.1,739.0,clear,Lane 1
TRF-102441,2025-04-12 17:00:00,106,car,69.1,380.0,snowy,Lane 1
TRF-102442,2025-04-12 18:00:00,104,truck,71.7,408.0,cloudy,Lane 2
TRF-102443,2025-04-12 19:00:00,108,bus,49.9,230.0,clear,Lane 3
TRF-102444,2025-04-12 20:00:00,104,bus,17.6,534.0,snowy,Lane 1
TRF-102445,2025-04-12 21:00:00,105,bus,37.0,560.0,rainy,Lane 1
TRF-102446,2025-04-12 22:00:00,105,bus,73.3,1081.0,foggy,Lane 2
TRF-102447,2025-04-12 23:00:00,107,bike,50.7,366.0,rainy,Lane 3
TRF-102448,2025-04-13 00:00:00,108,truck,87.2,316.0,rainy,Lane 2
TRF-102449,2025-04-13 01:00:00,105,truck,41.2,660.0,rainy,Lane 1
TRF-102450,2025-04-13 02:00:00,103,car,89.6,1084.0,rainy,Lane 2
TRF-102451,2025-04-13 03:00:00,104,car,48.0,695.0,cloudy,Lane 2
TRF-102452,2025-04-13 04:00:00,106,bus,40.4,136.0,clear,Lane 3
TRF-102453,2025-04-13 05:00:00,103,bus,35.2,535.0,clear,Lane 2
TRF-102454,2025-04-13 06:00:00,101,car,59.9,146.0,foggy,Express Lane
TRF-102455,2025-04-13 07:00:00,105,truck,22.6,108.0,clear,Express Lane
TRF-102456,2025-04-13 08:00:00,103,car,38.1,770.0,clear,Express Lane
TRF-102457,2025-04-13 09:00:00,103,bus,47.1,52.0,snowy,Lane 1
TRF-102458,2025-04-13 10:00:00,101,truck,7.4,390.0,cloudy,Lane 1
TRF-102459,2025-04-13 11:00:00,102,bike,46.2,729.0,clear,Lane 3
TRF-102460,2025-04-13 12:00:00,104,car,47.9,246.0,cloudy,Lane 2
TRF-102461,2025-04-13 13:00:00,106,car,55.8,1019.0,foggy,Lane 3
TRF-102462,2025-04-13 14:00:00,107,bike,36.2,736.0,clear,Lane 2
TRF-102463,2025-04-13 15:00:00,102,bus,39.4,657.0,rainy,Lane 3
TRF-102464,2025-04-13 16:00:00,105,motorcycle,54.1,596.0,foggy,Lane 2
TRF-102465,2025-04-13 17:00:00,103,bus,38.8,560.0,rainy,Express Lane
TRF-102466,2025-04-13 18:00:00,108,car,56.4,488.0,rainy,Lane 3
TRF-102467,2025-04-13 19:00:00,101,bike,38.3,173.0,rainy,Lane 2
TRF-102468,2025-04-13 20:00:00,101,truck,29.6,343.0,rainy,Express Lane
TRF-102469,2025-04-13 21:00:00,108,bike,69.3,904.0,rainy,Lane 1
TRF-102470,2025-04-13 22:00:00,104,motorcycle,60.8,758.0,clear,Lane 2
TRF-102471,2025-04-13 23:00:00,102,bike,14.0,668.0,snowy,Lane 2
TRF-102472,2025-04-14 00:00:00,107,car,41.9,503.0,clear,Lane 2
TRF-102473,2025-04-14 01:00:00,104,car,66.8,714.0,foggy,Lane 3
TRF-102474,2025-04-14 02:00:00,108,van,45.0,635.0,rainy,Lane 1
TRF-102475,2025-04-14 03:00:00,103,bike,37.6,931.0,cloudy,Lane 3
TRF-102476,2025-04-14 04:00:00,108,car,43.5,304.0,clear,Lane 1
TRF-102477,2025-04-14 05:00:00,104,car,50.0,781.0,rainy,Lane 3
TRF-102478,2025-04-14 06:00:00,106,bike,44.8,246.0,clear,Lane 2
TRF-102479,2025-04-14 07:00:00,101,bus,46.5,705.0,clear,Lane 2
TRF-102480,2025-04-14 08:00:00,101,bus,45.3,739.0,clear,Lane 3
TRF-102481,2025-04-14 09:00:00,105,motorcycle,30.5,952.0,foggy,Lane 2
TRF-102482,2025-04-14 10:00:00,105,car,29.5,437.0,clear,Lane 3
TRF-102483,2025-04-14 11:00:00,108,car,28.4,177.0,rainy,Lane 3
TRF-102484,2025-04-14 12:00:00,107,car,49.6,532.0,clear,Lane 1
TRF-102485,2025-04-14 13:00:00,103,car,58.5,261.0,cloudy,Lane 2
TRF-102486,2025-04-14 14:00:00,106,truck,31.1,527.0,cloudy,Lane 2
TRF-102487,2025-04-14 15:00:00,102,car,21.0,452.0,foggy,Lane 2
TRF-102488,2025-04-14 16:00:00,104,truck,32.3,276.0,cloudy,Lane 3
TRF-102489,2025-04-14 17:00:00,107,car,73.2,134.0,rainy,Lane 1
TRF-102490,2025-04-14 18:00:00,103,bus,42.4,263.0,rainy,Lane 2
TRF-102491,2025-04-14 19:00:00,105,truck,44.1,504.0,rainy,Express Lane
TRF-102492,2025-04-14 20:00:00,108,car,33.6,1033.0,rainy,Lane 3
TRF-102493,2025-04-14 21:00:00,104,motorcycle,58.3,788.0,cloudy,Lane 2
TRF-102494,2025-04-14 22:00:00,105,bike,47.9,904.0,clear,Lane 1
TRF-102495,2025-04-14 23:00:00,108,bus,34.9,141.0,clear,Lane 3
TRF-102496,2025-04-15 00:00:00,104,motorcycle,29.4,52.0,rainy,Lane 3
TRF-102497,2025-04-15 01:00:00,102,bike,54.8,966.0,rainy,Lane 3
TRF-102498,2025-04-15 02:00:00,103,truck,52.8,344.0,clear,Lane 3
TRF-102499,2025-04-15 03:00:00,104,truck,25.7,231.0,snowy,Express Lane
TRF-102500,2025-04-15 04:00:00,106,car,70.1,647.0,clear,Lane 1
TRF-102501,2025-04-15 05:00:00,107,car,36.4,635.0,foggy,Lane 3
TRF-102502,2025-04-15 06:00:00,101,car,8.0,1024.0,foggy,Lane 3
TRF-102503,2025-04-15 07:00:00,106,bus,75.5,54.0,foggy,Lane 3
TRF-102504,2025-04-15 08:00:00,106,motorcycle,46.2,686.0,snowy,Lane 1
TRF-102505,2025-04-15 09:00:00,107,truck,55.8,560.0,foggy,Lane 2
TRF-102506,2025-04-15 10:00:00,101,truck,78.1,75.0,snowy,Express Lane
TRF-102507,2025-04-15 11:00:00,106,bus,30.0,1088.0,clear,Express Lane
TRF-102508,2025-04-15 12:00:00,104,bike,56.6,231.0,rainy,Express Lane
TRF-102509,2025-04-15 13:00:00,104,truck,69.2,394.0,foggy,Lane 2
TRF-102510,2025-04-15 14:00:00,104,motorcycle,31.2,499.0,cloudy,Lane 1
TRF-102511,2025-04-15 15:00:00,101,truck,74.3,806.0,cloudy,Lane 1
TRF-102512,2025-04-15 16:00:00,106,bus,22.6,445.0,foggy,Express Lane
TRF-102513,2025-04-15 17:00:00,108,bus,46.3,728.0,clear,Express Lane
TRF-102514,2025-04-15 18:00:00,101,bike,28.6,839.0,rainy,Lane 3
TRF-102515,2025-04-15 19:00:00,104,bike,60.5,219.0,snowy,Lane 1
TRF-102516,2025-04-15 20:00:00,107,car,30.6,378.0,rainy,Lane 2
TRF-102517,2025-04-15 21:00:00,106,van,36.9,402.0,clear,Lane 2
TRF-102518,2025-04-15 22:00:00,106,truck,32.2,1014.0,cloudy,Lane 2
TRF-102519,2025-04-15 23:00:00,105,motorcycle,26.4,1016.0,foggy,Lane 1
TRF-102520,2025-04-16 00:00:00,105,car,34.2,140.0,clear,Express Lane
TRF-102521,2025-04-16 01:00:00,102,truck,47.2,675.0,clear,Express Lane
TRF-102522,2025-04-16 02:00:00,108,van,46.2,1066.0,rainy,Lane 1
TRF-102523,2025-04-16 03:00:00,108,car,44.1,552.0,foggy,Express Lane
TRF-102524,2025-04-16 04:00:00,103,truck,36.0,226.0,clear,Lane 3
TRF-102525,2025-04-16 05:00:00,108,truck,41.6,84.0,foggy,Lane 3
TRF-102526,2025-04-16 06:00:00,105,bike,19.5,212.0,rainy,Lane 3
TRF-102527,2025-04-16 07:00:00,101,bike,35.4,1072.0,rainy,Lane 3
TRF-102528,2025-04-16 08:00:00,108,car,44.0,392.0,clear,Lane 3
TRF-102529,2025-04-16 09:00:00,105,car,53.3,502.0,rainy,Lane 1
TRF-102530,2025-04-16 10:00:00,102,bike,51.1,38.0,rainy,Lane 2
TRF-102531,2025-04-16 11:00:00,106,truck,25.9,689.0,clear,Express Lane
TRF-102532,2025-04-16 12:00:00,108,truck,55.7,54.0,clear,Lane 3
TRF-102533,2025-04-16 13:00:00,102,bike,50.2,853.0,clear,Lane 3
TRF-102534,2025-04-16 14:00:00,106,car,73.9,97.0,foggy,Lane 2
TRF-102535,2025-04-16 15:00:00,107,bike,21.1,1054.0,clear,Lane 2
TRF-102536,2025-04-16 16:00:00,107,car,45.5,77.0,cloudy,Lane 2
TRF-102537,2025-04-16 17:00:00,106,car,66.6,974.0,snowy,Lane 2
TRF-102538,2025-04-16 18:00:00,108,car,42.7,384.0,foggy,Lane 1
TRF-102539,2025-04-16 19:00:00,103,bike,31.6,1039.0,rainy,Express Lane
TRF-102540,2025-04-16 20:00:00,105,bus,33.3,466.0,foggy,Lane 2
TRF-102541,2025-04-16 21:00:00,101,motorcycle,62.1,729.0,foggy,Express Lane
TRF-102542,2025-04-16 22:00:00,101,bike,20.1,655.0,rainy,Lane 3
TRF-102543,2025-04-16 23:00:00,104,bus,42.0,119.0,foggy,Lane 2
TRF-102544,2025-04-17 00:00:00,106,bike,32.2,398.0,foggy,Lane 3
TRF-102545,2025-04-17 01:00:00,101,truck,33.6,968.0,clear,Lane 1
TRF-102546,2025-04-17 02:00:00,108,truck,55.9,984.0,foggy,Lane 3
TRF-102547,2025-04-17 03:00:00,103,bike,40.9,529.0,clear,Lane 1
TRF-102548,2025-04-17 04:00:00,106,truck,52.2,733.0,foggy,Lane 3
TRF-102549,2025-04-17 05:00:00,103,car,25.6,162.0,rainy,Express Lane
TRF-102550,2025-04-17 06:00:00,108,car,62.9,201.0,clear,Lane 1
TRF-102551,2025-04-17 07:00:00,101,bus,51.8,792.0,foggy,Lane 2
TRF-102552,2025-04-17 08:00:00,101,van,70.3,470.0,rainy,Lane 1
TRF-102553,2025-04-17 09:00:00,104,truck,40.7,1014.0,rainy,Lane 2
TRF-102554,2025-04-17 10:00:00,101,truck,56.1,141.0,clear,Lane 1
TRF-102555,2025-04-17 11:00:00,106,car,62.1,1093.0,clear,Lane 2
TRF-102556,2025-04-17 12:00:00,108,bus,55.7,131.0,foggy,Lane 1
TRF-102557,2025-04-17 13:00:00,107,bike,78.6,370.0,rainy,Lane 3
TRF-102558,2025-04-17 14:00:00,108,truck,18.1,949.0,rainy,Lane 3
TRF-102559,2025-04-17 15:00:00,106,truck,51.1,843.0,clear,Lane 3
TRF-102560,2025-04-17 16:00:00,106,bus,40.7,225.0,rainy,Lane 2
TRF-102561,2025-04-17 17:00:00,104,truck,39.4,534.0,rainy,Lane 3
TRF-102562,2025-04-17 18:00:00,104,bus,74.9,248.0,rainy,Express Lane
TRF-102563,2025-04-17 19:00:00,101,van,36.8,194.0,clear,Express Lane
TRF-102564,2025-04-17 20:00:00,102,truck,63.4,410.0,foggy,Lane 3
TRF-102565,2025-04-17 21:00:00,108,car,29.0,398.0,cloudy,Lane 1
TRF-102566,2025-04-17 22:00:00,108,motorcycle,66.4,37.0,clear,Lane 3
TRF-102567,2025-04-17 23:00:00,102,truck,47.6,477.0,foggy,Lane 2
TRF-102568,2025-04-18 00:00:00,104,bus,42.9,63.0,rainy,Lane 2
TRF-102569,2025-04-18 01:00:00,101,motorcycle,20.3,526.0,clear,Express Lane
TRF-102570,2025-04-18 02:00:00,102,truck,42.9,893.0,clear,Lane 1
TRF-102571,2025-04-18 03:00:00,101,bus,35.6,51.0,clear,Lane 2
TRF-102572,2025-04-18 04:00:00,101,bike,79.5,692.0,foggy,Lane 2
TRF-102573,2025-04-18 05:00:00,101,car,48.9,619.0,rainy,Express Lane
TRF-102574,2025-04-18 06:00:00,105,bus,37.3,706.0,cloudy,Lane 1
TRF-102575,2025-04-18 07:00:00,106,truck,36.5,300.0,clear,Express Lane
TRF-102576,2025-04-18 08:00:00,101,bike,23.5,30.0,clear,Lane 3
TRF-102577,2025-04-18 09:00:00,105,van,75.4,316.0,clear,Lane 1
TRF-102578,2025-04-18 10:00:00,104,motorcycle,70.6,968.0,rainy,Lane 1
TRF-102579,2025-04-18 11:00:00,102,truck,46.8,883.0,cloudy,Lane 3
TRF-102580,2025-04-18 12:00:00,106,bike,87.2,79.0,snowy,Lane 1
TRF-102581,2025-04-18 13:00:00,107,bike,47.8,646.0,clear,Express Lane
TRF-102582,2025-04-18 14:00:00,102,motorcycle,67.7,219.0,clear,Express Lane
TRF-102583,2025-04-18 15:00:00,106,car,58.2,1096.0,snowy,Lane 2
TRF-102584,2025-04-18 16:00:00,107,truck,37.7,789.0,rainy,Express Lane
TRF-102585,2025-04-18 17:00:00,102,bus,51.3,95.0,clear,Express Lane
TRF-102586,2025-04-18 18:00:00,106,truck,54.7,425.0,snowy,Lane 1
TRF-102587,2025-04-18 19:00:00,102,car,24.5,157.0,clear,Express Lane
TRF-102588,2025-04-18 20:00:00,102,car,53.2,726.0,rainy,Express Lane
TRF-102589,2025-04-18 21:00:00,107,truck,68.5,217.0,rainy,Lane 3
TRF-102590,2025-04-18 22:00:00,102,bike,35.6,607.0,rainy,Lane 3
TRF-102591,2025-04-18 23:00:00,102,truck,44.2,870.0,foggy,Lane 1
TRF-102592,2025-04-19 00:00:00,107,van,28.0,791.0,cloudy,Lane 3
TRF-102593,2025-04-19 01:00:00,104,motorcycle,39.3,696.0,rainy,Express Lane
TRF-102594,2025-04-19 02:00:00,101,motorcycle,40.7,962.0,foggy,Lane 1
TRF-102595,2025-04-19 03:00:00,108,van,76.4,108.0,snowy,Express Lane
TRF-102596,2025-04-19 04:00:00,103,car,42.3,1072.0,clear,Lane 2
TRF-102597,2025-04-19 05:00:00,105,motorcycle,38.5,74.0,clear,Lane 2
TRF-102598,2025-04-19 06:00:00,103,truck,46.3,158.0,rainy,Lane 3
TRF-102599,2025-04-19 07:00:00,103,motorcycle,17.3,647.0,clear,Express Lane
TRF-102600,2025-04-19 08:00:00,106,truck,5.5,792.0,clear,Lane 3
TRF-102601,2025-04-19 09:00:00,101,bus,23.1,822.0,clear,Lane 1
TRF-102602,2025-04-19 10:00:00,106,car,53.8,426.0,rainy,Express Lane
TRF-102603,2025-04-19 11:00:00,101,bus,48.0,304.0,clear,Lane 2
TRF-102604,2025-04-19 12:00:00,107,car,63.6,167.0,rainy,Lane 3
TRF-102605,2025-04-19 13:00:00,107,bike,20.6,812.0,snowy,Express Lane
TRF-102606,2025-04-19 14:00:00,108,van,44.3,560.0,foggy,Express Lane
TRF-102607,2025-04-19 15:00:00,101,bus,19.3,257.0,snowy,Lane 2
TRF-102608,2025-04-19 16:00:00,102,truck,52.8,136.0,clear,Lane 1
TRF-102609,2025-04-19 17:00:00,104,car,23.2,188.0,cloudy,Lane 2
TRF-102610,2025-04-19 18:00:00,108,bike,43.6,59.0,clear,Lane 1
TRF-102611,2025-04-19 19:00:00,108,car,47.9,638.0,cloudy,Lane 3
TRF-102612,2025-04-19 20:00:00,102,van,41.0,798.0,rainy,Lane 3
TRF-102613,2025-04-19 21:00:00,104,car,7.3,813.0,clear,Lane 3
TRF-102614,2025-04-19 22:00:00,106,bike,77.9,911.0,clear,Lane 3
TRF-102615,2025-04-19 23:00:00,104,car,39.0,952.0,cloudy,Lane 1
TRF-102616,2025-04-20 00:00:00,106,van,19.0,371.0,foggy,Lane 1
TRF-102617,2025-04-20 01:00:00,107,truck,61.7,197.0,clear,Lane 3
TRF-102618,2025-04-20 02:00:00,103,car,62.4,713.0,foggy,Lane 3
TRF-102619,2025-04-20 03:00:00,107,truck,42.6,661.0,foggy,Express Lane
TRF-102620,2025-04-20 04:00:00,107,truck,75.7,461.0,foggy,Express Lane
TRF-102621,2025-04-20 05:00:00,103,car,34.7,68.0,rainy,Lane 2
TRF-102622,2025-04-20 06:00:00,104,bus,51.2,1009.0,clear,Lane 1
TRF-102623,2025-04-20 07:00:00,108,truck,57.2,416.0,clear,Lane 2
TRF-102624,2025-04-20 08:00:00,104,bus,75.3,798.0,clear,Lane 1
TRF-102625,2025-04-20 09:00:00,106,bike,13.0,820.0,clear,Lane 1
TRF-102626,2025-04-20 10:00:00,102,motorcycle,89.3,771.0,clear,Lane 3
TRF-102627,2025-04-20 11:00:00,106,bus,69.1,430.0,rainy,Lane 3
TRF-102628,2025-04-20 12:00:00,102,bike,56.1,131.0,cloudy,Lane 2
TRF-102629,2025-04-20 13:00:00,107,van,33.6,684.0,cloudy,Lane 3
TRF-102630,2025-04-20 14:00:00,103,car,32.1,932.0,rainy,Lane 3
TRF-102631,2025-04-20 15:00:00,107,bus,53.2,781.0,clear,Lane 3
TRF-102632,2025-04-20 16:00:00,101,car,56.9,116.0,foggy,Express Lane
TRF-102633,2025-04-20 17:00:00,104,bus,54.6,888.0,clear,Lane 1
TRF-102634,2025-04-20 18:00:00,102,truck,50.9,348.0,rainy,Lane 3
TRF-102635,2025-04-20 19:00:00,106,bus,55.8,996.0,foggy,Lane 3
TRF-102636,2025-04-20 20:00:00,103,truck,8.7,916.0,clear,Lane 1
TRF-102637,2025-04-20 21:00:00,102,car,43.2,662.0,clear,Lane 2
TRF-102638,2025-04-20 22:00:00,106,bus,23.1,681.0,cloudy,Express Lane
TRF-102639,2025-04-20 23:00:00,104,truck,47.3,979.0,rainy,Express Lane
TRF-102640,2025-04-21 00:00:00,107,truck,71.5,269.0,snowy,Express Lane
TRF-102641,2025-04-21 01:00:00,104,car,31.6,172.0,clear,Express Lane
TRF-102642,2025-04-21 02:00:00,105,car,35.2,983.0,foggy,Lane 3
TRF-102643,2025-04-21 03:00:00,101,truck,32.7,148.0,foggy,Lane 3
TRF-102644,2025-04-21 04:00:00,105,truck,35.1,625.0,clear,Lane 1
TRF-102645,2025-04-21 05:00:00,103,bus,58.0,192.0,snowy,Express Lane
TRF-102646,2025-04-21 06:00:00,102,truck,62.2,683.0,rainy,Express Lane
TRF-102647,2025-04-21 07:00:00,103,truck,74.4,379.0,cloudy,Lane 3
TRF-102648,2025-04-21 08:00:00,107,car,29.9,60.0,rainy,Express Lane
TRF-102649,2025-04-21 09:00:00,106,bus,60.3,487.0,clear,Lane 3
TRF-102650,2025-04-21 10:00:00,104,truck,63.3,120.0,clear,Lane 1
TRF-102651,2025-04-21 11:00:00,105,truck,47.9,157.0,clear,Lane 2
TRF-102652,2025-04-21 12:00:00,108,bus,31.3,808.0,clear,Lane 1
TRF-102653,2025-04-21 13:00:00,105,truck,11.9,999.0,foggy,Lane 3
TRF-102654,2025-04-21 14:00:00,107,motorcycle,43.0,877.0,rainy,Lane 2
TRF-102655,2025-04-21 15:00:00,105,bike,98.6,821.0,rainy,Lane 1
TRF-102656,2025-04-21 16:00:00,107,car,28.3,538.0,cloudy,Lane 3
TRF-102657,2025-04-21 17:00:00,108,van,56.8,965.0,snowy,Lane 3
TRF-102658,2025-04-21 18:00:00,103,van,8.1,774.0,rainy,Lane 2
TRF-102659,2025-04-21 19:00:00,104,motorcycle,80.7,769.0,foggy,Lane 2
TRF-102660,2025-04-21 20:00:00,102,bus,14.2,266.0,clear,Express Lane
TRF-102661,2025-04-21 21:00:00,106,bus,5.0,1042.0,rainy,Lane 3
TRF-102662,2025-04-21 22:00:00,102,truck,49.8,1006.0,rainy,Lane 2
TRF-102663,2025-04-21 23:00:00,103,truck,50.1,1052.0,clear,Lane 3
TRF-102664,2025-04-22 00:00:00,106,car,73.5,498.0,foggy,Lane 2
TRF-102665,2025-04-22 01:00:00,105,car,63.3,417.0,clear,Lane 1
TRF-102666,2025-04-22 02:00:00,108,bike,12.0,560.0,clear,Express Lane
TRF-102667,2025-04-22 03:00:00,108,truck,45.3,683.0,rainy,Express Lane
TRF-102668,2025-04-22 04:00:00,101,van,35.5,70.0,rainy,Lane 1
TRF-102669,2025-04-22 05:00:00,103,car,24.0,982.0,cloudy,Express Lane
TRF-102670,2025-04-22 06:00:00,103,bike,55.8,838.0,snowy,Lane 2
TRF-102671,2025-04-22 07:00:00,104,truck,66.8,411.0,cloudy,Lane 2
TRF-102672,2025-04-22 08:00:00,102,truck,47.9,125.0,foggy,Express Lane
TRF-102673,2025-04-22 09:00:00,103,bike,42.0,941.0,clear,Lane 3
TRF-102674,2025-04-22 10:00:00,103,bike,43.2,816.0,clear,Lane 3
TRF-102675,2025-04-22 11:00:00,105,car,36.1,322.0,cloudy,Lane 3
TRF-102676,2025-04-22 12:00:00,105,truck,40.3,370.0,snowy,Lane 1
TRF-102677,2025-04-22 13:00:00,106,van,36.1,748.0,rainy,Lane 1
TRF-102678,2025-04-22 14:00:00,107,truck,50.2,986.0,rainy,Lane 1
TRF-102679,2025-04-22 15:00:00,107,truck,37.4,567.0,cloudy,Lane 2
TRF-102680,2025-04-22 16:00:00,101,bus,55.7,901.0,rainy,Express Lane
TRF-102681,2025-04-22 17:00:00,107,car,37.4,989.0,clear,Lane 1
TRF-102682,2025-04-22 18:00:00,104,van,59.6,410.0,clear,Lane 2
TRF-102683,2025-04-22 19:00:00,101,bus,37.0,888.0,foggy,Lane 2
TRF-102684,2025-04-22 20:00:00,106,car,58.9,628.0,foggy,Lane 2
TRF-102685,2025-04-22 21:00:00,105,motorcycle,32.7,959.0,cloudy,Lane 1
TRF-102686,2025-04-22 22:00:00,107,car,63.9,1076.0,clear,Lane 1
TRF-102687,2025-04-22 23:00:00,102,car,16.0,791.0,snowy,Lane 2
TRF-102688,2025-04-23 00:00:00,105,truck,47.9,393.0,clear,Lane 1
TRF-102689,2025-04-23 01:00:00,108,van,37.8,595.0,clear,Lane 2
TRF-102690,2025-04-23 02:00:00,104,car,47.2,998.0,snowy,Lane 2
TRF-102691,2025-04-23 03:00:00,105,car,26.7,856.0,rainy,Lane 1
TRF-102692,2025-04-23 04:00:00,104,van,44.5,534.0,foggy,Lane 2
TRF-102693,2025-04-23 05:00:00,104,van,28.0,247.0,clear,Lane 1
TRF-102694,2025-04-23 06:00:00,104,bus,43.7,511.0,cloudy,Lane 1
TRF-102695,2025-04-23 07:00:00,106,van,42.0,966.0,snowy,Express Lane
TRF-102696,2025-04-23 08:00:00,104,bike,53.9,778.0,rainy,Lane 2
TRF-102697,2025-04-23 09:00:00,104,truck,49.2,865.0,rainy,Lane 3
TRF-102698,2025-04-23 10:00:00,108,truck,81.8,518.0,foggy,Lane 1
TRF-102699,2025-04-23 11:00:00,102,car,38.8,829.0,rainy,Lane 2
TRF-102700,2025-04-23 12:00:00,101,bus,45.6,240.0,clear,Lane 3
TRF-102701,2025-04-23 13:00:00,103,car,105.3,695.0,clear,Express Lane
TRF-102702,2025-04-23 14:00:00,108,truck,44.0,288.0,snowy,Express Lane
TRF-102703,2025-04-23 15:00:00,101,van,65.2,401.0,foggy,Lane 3
TRF-102704,2025-04-23 16:00:00,104,bus,58.4,1021.0,clear,Express Lane
TRF-102705,2025-04-23 17:00:00,102,car,90.0,117.0,clear,Lane 3
TRF-102706,2025-04-23 18:00:00,105,car,22.2,429.0,snowy,Express Lane
TRF-102707,2025-04-23 19:00:00,102,motorcycle,20.2,338.0,clear,Express Lane
TRF-102708,2025-04-23 20:00:00,108,car,27.9,33.0,foggy,Lane 2
TRF-102709,2025-04-23 21:00:00,104,bike,51.1,560.0,snowy,Express Lane
TRF-102710,2025-04-23 22:00:00,102,van,29.9,368.0,clear,Lane 2
TRF-102711,2025-04-23 23:00:00,107,bus,9.6,87.0,foggy,Lane 3
TRF-102712,2025-04-24 00:00:00,102,car,31.4,585.0,rainy,Express Lane
TRF-102713,2025-04-24 01:00:00,104,bus,54.6,948.0,clear,Lane 2
TRF-102714,2025-04-24 02:00:00,106,bike,31.7,553.0,snowy,Lane 1
TRF-102715,2025-04-24 03:00:00,107,bike,68.6,555.0,rainy,Lane 3
TRF-102716,2025-04-24 04:00:00,102,bus,27.7,1098.0,clear,Express Lane
TRF-102717,2025-04-24 05:00:00,103,car,48.3,560.0,clear,Lane 3
TRF-102718,2025-04-24 06:00:00,103,bus,41.0,792.0,rainy,Express Lane
TRF-102719,2025-04-24 07:00:00,102,bus,51.4,271.0,rainy,Lane 3
TRF-102720,2025-04-24 08:00:00,106,bus,53.2,232.0,foggy,Lane 3
TRF-102721,2025-04-24 09:00:00,105,truck,76.5,266.0,rainy,Lane 2
TRF-102722,2025-04-24 10:00:00,104,truck,60.4,980.0,cloudy,Lane 3
TRF-102723,2025-04-24 11:00:00,103,car,40.4,1051.0,cloudy,Lane 3
TRF-102724,2025-04-24 12:00:00,105,truck,59.0,323.0,clear,Express Lane
TRF-102725,2025-04-24 13:00:00,102,van,61.5,239.0,rainy,Lane 3
TRF-102726,2025-04-24 14:00:00,108,truck,84.8,817.0,clear,Lane 3
TRF-102727,2025-04-24 15:00:00,105,bike,45.2,1055.0,clear,Lane 1
TRF-102728,2025-04-24 16:00:00,107,van,46.5,258.0,clear,Lane 3
TRF-102729,2025-04-24 17:00:00,101,car,71.6,439.0,cloudy,Lane 2
TRF-102730,2025-04-24 18:00:00,103,bike,12.0,799.0,rainy,Lane 1
TRF-102731,2025-04-24 19:00:00,102,car,44.3,992.0,clear,Express Lane
TRF-102732,2025-04-24 20:00:00,108,bike,60.5,487.0,cloudy,Lane 1
TRF-102733,2025-04-24 21:00:00,104,bus,66.8,583.0,clear,Lane 3
TRF-102734,2025-04-24 22:00:00,108,bike,8.2,242.0,snowy,Express Lane
TRF-102735,2025-04-24 23:00:00,106,truck,23.9,415.0,clear,Lane 2
TRF-102736,2025-04-25 00:00:00,107,truck,5.0,557.0,clear,Lane 1
TRF-102737,2025-04-25 01:00:00,102,car,63.7,1019.0,clear,Express Lane
TRF-102738,2025-04-25 02:00:00,104,car,51.7,131.0,snowy,Lane 1
TRF-102739,2025-04-25 03:00:00,106,truck,73.5,419.0,clear,Express Lane
TRF-102740,2025-04-25 04:00:00,106,car,48.5,870.0,clear,Lane 2
TRF-102741,2025-04-25 05:00:00,102,truck,47.9,264.0,foggy,Lane 1
TRF-102742,2025-04-25 06:00:00,107,car,31.0,143.0,clear,Lane 3
TRF-102743,2025-04-25 07:00:00,105,car,41.4,1011.0,rainy,Express Lane
TRF-102744,2025-04-25 08:00:00,105,truck,55.4,838.0,clear,Lane 1
TRF-102745,2025-04-25 09:00:00,106,truck,35.2,1093.0,clear,Express Lane
TRF-102746,2025-04-25 10:00:00,105,truck,55.5,132.0,clear,Lane 3
TRF-102747,2025-04-25 11:00:00,101,bike,46.0,440.0,rainy,Express Lane
TRF-102748,2025-04-25 12:00:00,106,bus,45.0,837.0,clear,Lane 2
TRF-102749,2025-04-25 13:00:00,106,motorcycle,45.7,1090.0,rainy,Express Lane
TRF-102750,2025-04-25 14:00:00,104,truck,60.7,96.0,clear,Express Lane
TRF-102751,2025-04-25 15:00:00,105,truck,41.8,432.0,foggy,Lane 2
TRF-102752,2025-04-25 16:00:00,107,bus,27.8,235.0,clear,Express Lane
TRF-102753,2025-04-25 17:00:00,106,bus,49.2,370.0,clear,Express Lane
TRF-102754,2025-04-25 18:00:00,108,bike,36.6,455.0,snowy,Express Lane
TRF-102755,2025-04-25 19:00:00,107,car,30.0,985.0,clear,Lane 1
TRF-102756,2025-04-25 20:00:00,101,truck,16.8,238.0,clear,Lane 2
TRF-102757,2025-04-25 21:00:00,104,car,64.8,705.0,clear,Lane 3
TRF-102758,2025-04-25 22:00:00,102,bus,59.9,1075.0,clear,Lane 3
TRF-102759,2025-04-25 23:00:00,107,van,73.3,398.0,snowy,Lane 3
TRF-102760,2025-04-26 00:00:00,106,motorcycle,48.0,1023.0,clear,Lane 1
TRF-102761,2025-04-26 01:00:00,101,truck,67.4,111.0,cloudy,Express Lane
TRF-102762,2025-04-26 02:00:00,103,bike,31.0,406.0,clear,Express Lane
TRF-102763,2025-04-26 03:00:00,101,car,13.7,32.0,clear,Lane 3
TRF-102764,2025-04-26 04:00:00,101,bus,34.5,713.0,clear,Lane 3
TRF-102765,2025-04-26 05:00:00,104,truck,44.3,793.0,clear,Lane 2
TRF-102766,2025-04-26 06:00:00,102,bus,54.5,295.0,cloudy,Lane 1
TRF-102767,2025-04-26 07:00:00,103,motorcycle,71.1,464.0,foggy,Express Lane
TRF-102768,2025-04-26 08:00:00,105,car,53.8,711.0,foggy,Lane 2
TRF-102769,2025-04-26 09:00:00,105,bike,88.6,754.0,foggy,Lane 3
TRF-102770,2025-04-26 10:00:00,107,bike,50.2,822.0,cloudy,Lane 3
TRF-102771,2025-04-26 11:00:00,101,bus,49.8,405.0,clear,Lane 2
TRF-102772,2025-04-26 12:00:00,108,truck,54.1,395.0,rainy,Express Lane
TRF-102773,2025-04-26 13:00:00,104,truck,54.8,796.0,clear,Express Lane
TRF-102774,2025-04-26 14:00:00,108,motorcycle,54.6,457.0,rainy,Lane 2
TRF-102775,2025-04-26 15:00:00,104,van,25.8,1061.0,cloudy,Express Lane
TRF-102776,2025-04-26 16:00:00,105,car,63.3,1094.0,rainy,Lane 2
TRF-102777,2025-04-26 17:00:00,107,truck,93.1,672.0,foggy,Lane 3
TRF-102778,2025-04-26 18:00:00,107,van,32.1,593.0,cloudy,Express Lane
TRF-102779,2025-04-26 19:00:00,107,van,47.3,273.0,clear,Lane 2
TRF-102780,2025-04-26 20:00:00,103,truck,23.3,874.0,foggy,Express Lane
TRF-102781,2025-04-26 21:00:00,102,bus,61.5,968.0,rainy,Lane 1
TRF-102782,2025-04-26 22:00:00,103,bus,61.5,332.0,cloudy,Express Lane
TRF-102783,2025-04-26 23:00:00,106,bike,20.9,399.0,rainy,Lane 1
TRF-102784,2025-04-27 00:00:00,106,car,24.4,880.0,clear,Lane 2
TRF-102785,2025-04-27 01:00:00,108,bus,10.5,304.0,clear,Lane 1
TRF-102786,2025-04-27 02:00:00,102,bus,76.3,99.0,clear,Lane 1
TRF-102787,2025-04-27 03:00:00,105,motorcycle,32.9,76.0,rainy,Lane 1
TRF-102788,2025-04-27 04:00:00,102,bike,45.6,146.0,cloudy,Lane 2
TRF-102789,2025-04-27 05:00:00,104,bus,41.4,546.0,clear,Express Lane
TRF-102790,2025-04-27 06:00:00,106,car,65.8,861.0,clear,Lane 1
TRF-102791,2025-04-27 07:00:00,101,motorcycle,59.9,648.0,foggy,Lane 1
TRF-102792,2025-04-27 08:00:00,101,truck,58.9,785.0,clear,Lane 3
TRF-102793,2025-04-27 09:00:00,105,car,33.4,989.0,rainy,Lane 2
TRF-102794,2025-04-27 10:00:00,104,bus,60.3,65.0,clear,Lane 3
TRF-102795,2025-04-27 11:00:00,108,bus,64.7,934.0,snowy,Lane 3
TRF-102796,2025-04-27 12:00:00,103,bike,59.7,436.0,foggy,Lane 2
TRF-102797,2025-04-27 13:00:00,104,truck,24.8,441.0,clear,Express Lane
TRF-102798,2025-04-27 14:00:00,101,bike,27.7,517.0,clear,Express Lane
TRF-102799,2025-04-27 15:00:00,101,car,79.3,808.0,snowy,Express Lane
TRF-102800,2025-04-27 16:00:00,108,bike,83.0,861.0,foggy,Express Lane
TRF-102801,2025-04-27 17:00:00,106,truck,46.7,673.0,foggy,Lane 1
TRF-102802,2025-04-27 18:00:00,104,truck,46.7,442.0,clear,Lane 3
TRF-102803,2025-04-27 19:00:00,104,truck,50.8,153.0,snowy,Lane 1
TRF-102804,2025-04-27 20:00:00,101,bike,58.4,1035.0,cloudy,Lane 1
TRF-102805,2025-04-27 21:00:00,103,truck,22.0,682.0,snowy,Lane 1
TRF-102806,2025-04-27 22:00:00,105,car,52.1,261.0,clear,Express Lane
TRF-102807,2025-04-27 23:00:00,107,motorcycle,29.4,462.0,foggy,Lane 2
TRF-102808,2025-04-28 00:00:00,105,van,47.6,520.0,snowy,Lane 3
TRF-102809,2025-04-28 01:00:00,104,truck,32.1,115.0,clear,Lane 3
TRF-102810,2025-04-28 02:00:00,105,truck,36.3,1083.0,foggy,Lane 2
TRF-102811,2025-04-28 03:00:00,101,truck,51.3,904.0,rainy,Lane 1
TRF-102812,2025-04-28 04:00:00,101,bike,36.9,185.0,clear,Lane 1
TRF-102813,2025-04-28 05:00:00,108,bus,28.2,786.0,rainy,Lane 1
TRF-102814,2025-04-28 06:00:00,104,car,74.2,927.0,foggy,Express Lane
TRF-102815,2025-04-28 07:00:00,108,car,28.5,561.0,snowy,Lane 2
TRF-102816,2025-04-28 08:00:00,104,car,6.4,181.0,rainy,Lane 3
TRF-102817,2025-04-28 09:00:00,107,bike,58.2,201.0,foggy,Express Lane
TRF-102818,2025-04-28 10:00:00,107,bus,42.8,791.0,clear,Express Lane
TRF-102819,2025-04-28 11:00:00,106,truck,47.5,722.0,foggy,Lane 3
TRF-102820,2025-04-28 12:00:00,104,bike,50.8,224.0,cloudy,Lane 2
TRF-102821,2025-04-28 13:00:00,103,truck,70.9,129.0,rainy,Lane 3
TRF-102822,2025-04-28 14:00:00,105,truck,81.5,1031.0,clear,Lane 3
TRF-102823,2025-04-28 15:00:00,104,van,52.6,938.0,rainy,Lane 2
TRF-102824,2025-04-28 16:00:00,102,bus,26.8,457.0,foggy,Lane 3
TRF-102825,2025-04-28 17:00:00,106,truck,50.6,616.0,clear,Lane 1
TRF-102826,2025-04-28 18:00:00,102,car,58.6,949.0,cloudy,Lane 1
TRF-102827,2025-04-28 19:00:00,101,van,66.1,285.0,clear,Lane 2
TRF-102828,2025-04-28 20:00:00,107,car,50.5,750.0,clear,Express Lane
TRF-102829,2025-04-28 21:00:00,105,bike,37.9,433.0,foggy,Express Lane
TRF-102830,2025-04-28 22:00:00,104,truck,31.7,989.0,clear,Express Lane
TRF-102831,2025-04-28 23:00:00,102,truck,45.9,609.0,cloudy,Lane 1
TRF-102832,2025-04-29 00:00:00,105,car,21.0,436.0,clear,Express Lane
TRF-102833,2025-04-29 01:00:00,101,truck,55.1,271.0,clear,Lane 1
TRF-102834,2025-04-29 02:00:00,107,truck,51.2,76.0,rainy,Lane 1
TRF-102835,2025-04-29 03:00:00,103,bus,51.1,144.0,rainy,Lane 3
TRF-102836,2025-04-29 04:00:00,106,bus,60.9,1046.0,foggy,Lane 3
TRF-102837,2025-04-29 05:00:00,105,van,74.1,835.0,rainy,Express Lane
TRF-102838,2025-04-29 06:00:00,105,car,46.7,159.0,foggy,Express Lane
TRF-102839,2025-04-29 07:00:00,103,truck,49.4,560.0,cloudy,Lane 1
TRF-102840,2025-04-29 08:00:00,105,motorcycle,41.3,524.0,clear,Express Lane
TRF-102841,2025-04-29 09:00:00,101,car,57.9,111.0,clear,Express Lane
TRF-102842,2025-04-29 10:00:00,101,bus,47.9,994.0,clear,Lane 1
TRF-102843,2025-04-29 11:00:00,103,bus,68.8,698.0,clear,Lane 2
TRF-102844,2025-04-29 12:00:00,106,van,68.4,1078.0,clear,Express Lane
TRF-102845,2025-04-29 13:00:00,104,bike,53.7,838.0,foggy,Lane 1
TRF-102846,2025-04-29 14:00:00,102,motorcycle,46.6,1094.0,rainy,Express Lane
TRF-102847,2025-04-29 15:00:00,104,truck,43.1,474.0,clear,Express Lane
TRF-102848,2025-04-29 16:00:00,105,bike,56.6,898.0,clear,Lane 2
TRF-102849,2025-04-29 17:00:00,102,truck,56.7,590.0,clear,Lane 1
TRF-102850,2025-04-29 18:00:00,108,car,43.1,86.0,foggy,Lane 3
TRF-102851,2025-04-29 19:00:00,103,bus,53.2,35.0,rainy,Lane 2
TRF-102852,2025-04-29 20:00:00,103,car,34.1,974.0,rainy,Express Lane
TRF-102853,2025-04-29 21:00:00,106,car,56.1,608.0,rainy,Lane 1
TRF-102854,2025-04-29 22:00:00,102,car,35.6,944.0,rainy,Lane 2
TRF-102855,2025-04-29 23:00:00,101,truck,61.9,191.0,clear,Lane 1
TRF-102856,2025-04-30 00:00:00,102,bus,42.3,804.0,foggy,Lane 3
TRF-102857,2025-04-30 01:00:00,105,bike,78.1,86.0,clear,Lane 2
TRF-102858,2025-04-30 02:00:00,101,bike,48.7,557.0,rainy,Lane 2
TRF-102859,2025-04-30 03:00:00,107,truck,52.3,575.0,foggy,Lane 3
TRF-102860,2025-04-30 04:00:00,107,car,22.8,75.0,rainy,Express Lane
TRF-102861,2025-04-30 05:00:00,108,bus,73.3,962.0,rainy,Express Lane
TRF-102862,2025-04-30 06:00:00,107,van,47.3,840.0,cloudy,Lane 1
TRF-102863,2025-04-30 07:00:00,103,truck,79.3,76.0,clear,Lane 3
TRF-102864,2025-04-30 08:00:00,102,bike,48.9,281.0,clear,Lane 3
TRF-102865,2025-04-30 09:00:00,107,bus,44.1,195.0,foggy,Lane 2
TRF-102866,2025-04-30 10:00:00,104,truck,38.8,397.0,rainy,Lane 1
TRF-102867,2025-04-30 11:00:00,106,car,59.6,611.0,rainy,Express Lane
TRF-102868,2025-04-30 12:00:00,104,bike,57.4,601.0,clear,Lane 2
TRF-102869,2025-04-30 13:00:00,107,truck,24.0,377.0,clear,Lane 2
TRF-102870,2025-04-30 14:00:00,108,car,37.8,874.0,clear,Lane 2
TRF-102871,2025-04-30 15:00:00,106,bus,61.0,647.0,snowy,Lane 2
TRF-102872,2025-04-30 16:00:00,105,bike,36.4,526.0,snowy,Express Lane
TRF-102873,2025-04-30 17:00:00,104,car,33.3,725.0,clear,Lane 3
TRF-102874,2025-04-30 18:00:00,108,motorcycle,51.5,540.0,rainy,Express Lane
TRF-102875,2025-04-30 19:00:00,102,car,49.6,481.0,snowy,Lane 1
TRF-102876,2025-04-30 20:00:00,102,bike,39.6,572.0,cloudy,Express Lane
TRF-102877,2025-04-30 21:00:00,104,bike,79.8,245.0,cloudy,Lane 3
TRF-102878,2025-04-30 22:00:00,107,car,45.3,499.0,cloudy,Express Lane
TRF-102879,2025-04-30 23:00:00,108,bus,25.2,882.0,clear,Express Lane
TRF-102880,2025-05-01 00:00:00,102,van,18.9,333.0,clear,Lane 2
TRF-102881,2025-05-01 01:00:00,105,motorcycle,66.4,327.0,clear,Lane 2
TRF-102882,2025-05-01 02:00:00,101,truck,28.2,315.0,clear,Lane 2
TRF-102883,2025-05-01 03:00:00,107,car,48.5,1041.0,clear,Lane 3
TRF-102884,2025-05-01 04:00:00,108,bus,32.3,155.0,snowy,Express Lane
TRF-102885,2025-05-01 05:00:00,105,truck,46.2,80.0,clear,Express Lane
TRF-102886,2025-05-01 06:00:00,108,truck,54.3,500.0,clear,Lane 3
TRF-102887,2025-05-01 07:00:00,106,motorcycle,23.4,699.0,clear,Lane 1
TRF-102888,2025-05-01 08:00:00,105,bus,39.8,467.0,foggy,Lane 1
TRF-102889,2025-05-01 09:00:00,107,truck,35.9,880.0,clear,Express Lane
TRF-102890,2025-05-01 10:00:00,106,truck,30.6,371.0,clear,Lane 2
TRF-102891,2025-05-01 11:00:00,107,car,41.2,778.0,rainy,Lane 3
TRF-102892,2025-05-01 12:00:00,102,car,36.8,553.0,clear,Lane 3
TRF-102893,2025-05-01 13:00:00,101,car,47.9,684.0,clear,Lane 2
TRF-102894,2025-05-01 14:00:00,107,car,35.1,535.0,foggy,Lane 2
TRF-102895,2025-05-01 15:00:00,107,car,56.1,428.0,clear,Lane 2
TRF-102896,2025-05-01 16:00:00,102,motorcycle,55.5,935.0,clear,Express Lane
TRF-102897,2025-05-01 17:00:00,103,van,21.0,90.0,foggy,Lane 2
TRF-102898,2025-05-01 18:00:00,102,van,38.9,342.0,cloudy,Lane 3
TRF-102899,2025-05-01 19:00:00,106,truck,46.0,294.0,snowy,Lane 2
TRF-102900,2025-05-01 20:00:00,102,bus,52.8,1082.0,clear,Lane 1
TRF-102901,2025-05-01 21:00:00,102,truck,43.7,741.0,snowy,Express Lane
TRF-102902,2025-05-01 22:00:00,101,bus,66.8,942.0,foggy,Lane 2
TRF-102903,2025-05-01 23:00:00,102,bike,49.9,368.0,foggy,Lane 2
TRF-102904,2025-05-02 00:00:00,108,truck,56.0,118.0,foggy,Express Lane
TRF-102905,2025-05-02 01:00:00,107,bus,37.3,361.0,clear,Lane 2
TRF-102906,2025-05-02 02:00:00,108,truck,56.3,181.0,clear,Lane 1
TRF-102907,2025-05-02 03:00:00,101,motorcycle,82.9,737.0,foggy,Lane 3
TRF-102908,2025-05-02 04:00:00,104,truck,57.5,155.0,foggy,Lane 1
TRF-102909,2025-05-02 05:00:00,103,truck,67.9,1096.0,snowy,Lane 1
TRF-102910,2025-05-02 06:00:00,108,truck,42.8,450.0,clear,Lane 3
TRF-102911,2025-05-02 07:00:00,101,bus,64.6,282.0,clear,Lane 1
TRF-102912,2025-05-02 08:00:00,106,van,66.2,1028.0,rainy,Lane 3
TRF-102913,2025-05-02 09:00:00,104,bus,52.4,322.0,clear,Lane 2
TRF-102914,2025-05-02 10:00:00,101,bike,46.7,198.0,clear,Express Lane
TRF-102915,2025-05-02 11:00:00,101,truck,21.1,763.0,rainy,Lane 3
TRF-102916,2025-05-02 12:00:00,103,bus,47.4,45.0,clear,Lane 1
TRF-102917,2025-05-02 13:00:00,107,bike,58.2,66.0,rainy,Lane 2
TRF-102918,2025-05-02 14:00:00,108,motorcycle,34.2,560.0,clear,Lane 1
TRF-102919,2025-05-02 15:00:00,106,bike,25.1,464.0,foggy,Lane 2
TRF-102920,2025-05-02 16:00:00,105,bus,49.8,349.0,clear,Lane 1
TRF-102921,2025-05-02 17:00:00,108,bike,52.2,563.0,foggy,Lane 2
TRF-102922,2025-05-02 18:00:00,105,van,23.7,603.0,snowy,Lane 2
TRF-102923,2025-05-02 19:00:00,101,car,48.7,952.0,clear,Lane 1
TRF-102924,2025-05-02 20:00:00,102,bus,53.2,1069.0,foggy,Lane 1
TRF-102925,2025-05-02 21:00:00,106,truck,71.8,1010.0,rainy,Lane 2
TRF-102926,2025-05-02 22:00:00,104,truck,39.4,424.0,foggy,Lane 1
TRF-102927,2025-05-02 23:00:00,102,truck,85.6,306.0,rainy,Lane 1
TRF-102928,2025-05-03 00:00:00,102,car,49.0,678.0,clear,Lane 2
TRF-102929,2025-05-03 01:00:00,108,bike,26.4,312.0,clear,Express Lane
TRF-102930,2025-05-03 02:00:00,106,truck,42.1,1028.0,clear,Lane 3
TRF-102931,2025-05-03 03:00:00,107,car,47.9,115.0,clear,Lane 2
TRF-102932,2025-05-03 04:00:00,101,truck,45.0,236.0,foggy,Lane 3
TRF-102933,2025-05-03 05:00:00,101,bike,56.4,592.0,snowy,Express Lane
TRF-102934,2025-05-03 06:00:00,101,truck,52.8,506.0,rainy,Lane 1
TRF-102935,2025-05-03 07:00:00,101,bike,27.7,621.0,cloudy,Lane 3
TRF-102936,2025-05-03 08:00:00,108,bus,25.4,560.0,foggy,Lane 1
TRF-102937,2025-05-03 09:00:00,105,car,55.5,429.0,clear,Lane 2
TRF-102938,2025-05-03 10:00:00,101,car,59.6,165.0,rainy,Lane 2
TRF-102939,2025-05-03 11:00:00,105,car,39.2,199.0,clear,Express Lane
TRF-102940,2025-05-03 12:00:00,105,car,5.0,998.0,clear,Lane 2
TRF-102941,2025-05-03 13:00:00,107,car,27.1,228.0,rainy,Lane 1
TRF-102942,2025-05-03 14:00:00,101,truck,65.8,768.0,rainy,Lane 1
TRF-102943,2025-05-03 15:00:00,103,truck,34.7,794.0,rainy,Express Lane
TRF-102944,2025-05-03 16:00:00,104,car,41.7,132.0,clear,Lane 1
TRF-102945,2025-05-03 17:00:00,102,truck,58.0,577.0,clear,Lane 2
TRF-102946,2025-05-03 18:00:00,105,bike,42.5,35.0,clear,Lane 1
TRF-102947,2025-05-03 19:00:00,106,bike,73.2,740.0,clear,Express Lane
TRF-102948,2025-05-03 20:00:00,106,motorcycle,41.3,41.0,cloudy,Lane 3
TRF-102949,2025-05-03 21:00:00,104,bike,32.5,132.0,foggy,Lane 2
TRF-102950,2025-05-03 22:00:00,106,truck,69.3,728.0,rainy,Express Lane
TRF-102951,2025-05-03 23:00:00,103,truck,48.9,456.0,clear,Lane 1
TRF-102952,2025-05-04 00:00:00,106,truck,28.6,200.0,rainy,Lane 1
TRF-102953,2025-05-04 01:00:00,102,motorcycle,56.5,118.0,foggy,Express Lane
TRF-102954,2025-05-04 02:00:00,102,car,42.7,745.0,rainy,Lane 3
TRF-102955,2025-05-04 03:00:00,105,truck,27.4,884.0,clear,Express Lane
TRF-102956,2025-05-04 04:00:00,101,car,49.7,629.0,snowy,Lane 2
TRF-102957,2025-05-04 05:00:00,107,van,45.2,455.0,rainy,Express Lane
TRF-102958,2025-05-04 06:00:00,103,bike,17.6,1040.0,clear,Express Lane
TRF-102959,2025-05-04 07:00:00,105,bus,28.9,1025.0,clear,Lane 3
TRF-102960,2025-05-04 08:00:00,103,bus,47.9,207.0,foggy,Lane 1
TRF-102961,2025-05-04 09:00:00,101,car,49.5,592.0,rainy,Lane 1
TRF-102962,2025-05-04 10:00:00,108,bus,72.2,447.0,clear,Lane 3
TRF-102963,2025-05-04 11:00:00,106,bus,53.6,583.0,rainy,Lane 2
TRF-102964,2025-05-04 12:00:00,106,truck,70.3,271.0,clear,Express Lane
TRF-102965,2025-05-04 13:00:00,107,truck,58.0,437.0,clear,Express Lane
TRF-102966,2025-05-04 14:00:00,101,bike,31.0,1071.0,rainy,Lane 1
TRF-102967,2025-05-04 15:00:00,105,bus,58.9,851.0,foggy,Lane 3
TRF-102968,2025-05-04 16:00:00,107,car,30.9,559.0,foggy,Lane 2
TRF-102969,2025-05-04 17:00:00,101,bus,64.7,529.0,rainy,Lane 1
TRF-102970,2025-05-04 18:00:00,104,bike,51.9,221.0,rainy,Lane 3
TRF-102971,2025-05-04 19:00:00,102,car,48.3,78.0,rainy,Lane 3
TRF-102972,2025-05-04 20:00:00,107,bus,40.1,123.0,clear,Lane 2
TRF-102973,2025-05-04 21:00:00,107,truck,62.4,960.0,snowy,Express Lane
TRF-102974,2025-05-04 22:00:00,105,bike,45.2,196.0,foggy,Lane 1
TRF-102975,2025-05-04 23:00:00,103,car,13.6,283.0,snowy,Lane 2
TRF-102976,2025-05-05 00:00:00,104,truck,17.1,86.0,clear,Express Lane
TRF-102977,2025-05-05 01:00:00,105,motorcycle,25.2,35.0,clear,Lane 2
TRF-102978,2025-05-05 02:00:00,101,car,62.1,267.0,clear,Express Lane
TRF-102979,2025-05-05 03:00:00,101,bus,63.5,762.0,rainy,Lane 1
TRF-102980,2025-05-05 04:00:00,101,motorcycle,53.8,619.0,clear,Lane 1
TRF-102981,2025-05-05 05:00:00,108,bike,53.7,49.0,clear,Lane 2
TRF-102982,2025-05-05 06:00:00,101,bike,74.0,806.0,foggy,Lane 2
TRF-102983,2025-05-05 07:00:00,103,bus,54.2,171.0,rainy,Express Lane
TRF-102984,2025-05-05 08:00:00,104,motorcycle,59.5,405.0,clear,Express Lane
TRF-102985,2025-05-05 09:00:00,106,bike,47.8,436.0,clear,Lane 1
TRF-102986,2025-05-05 10:00:00,102,bus,39.7,845.0,clear,Lane 3
TRF-102987,2025-05-05 11:00:00,103,car,43.0,109.0,clear,Lane 3
TRF-102988,2025-05-05 12:00:00,103,bike,84.9,239.0,clear,Express Lane
TRF-102989,2025-05-05 13:00:00,108,car,28.4,797.0,clear,Express Lane
TRF-102990,2025-05-05 14:00:00,106,bike,53.7,406.0,clear,Lane 1
TRF-102991,2025-05-05 15:00:00,106,truck,20.7,69.0,clear,Lane 3
TRF-102992,2025-05-05 16:00:00,102,van,37.0,482.0,foggy,Lane 3
TRF-102993,2025-05-05 17:00:00,102,truck,61.9,743.0,clear,Lane 2
TRF-102994,2025-05-05 18:00:00,106,bus,15.4,115.0,clear,Lane 2
TRF-102995,2025-05-05 19:00:00,101,motorcycle,64.3,265.0,clear,Lane 2
TRF-102996,2025-05-05 20:00:00,103,bus,84.9,673.0,rainy,Express Lane
TRF-102997,2025-05-05 21:00:00,105,truck,54.6,696.0,snowy,Lane 3
TRF-102998,2025-05-05 22:00:00,102,truck,70.7,390.0,clear,Lane 2
TRF-102999,2025-05-05 23:00:00,108,truck,52.5,897.0,clear,Express Lane
TRF-103000,2025-05-06 00:00:00,108,van,60.8,779.0,clear,Lane 3
TRF-103001,2025-05-06 01:00:00,102,car,56.2,204.0,clear,Lane 3
TRF-103002,2025-05-06 02:00:00,106,truck,38.8,857.0,rainy,Lane 2
TRF-103003,2025-05-06 03:00:00,104,truck,37.2,833.0,rainy,Lane 1
TRF-103004,2025-05-06 04:00:00,105,bus,69.3,90.0,cloudy,Lane 3
TRF-103005,2025-05-06 05:00:00,105,truck,47.2,804.0,cloudy,Lane 3
TRF-103006,2025-05-06 06:00:00,102,bike,45.4,443.0,snowy,Lane 1
TRF-103007,2025-05-06 07:00:00,101,truck,45.1,145.0,clear,Lane 2
TRF-103008,2025-05-06 08:00:00,104,car,53.5,1058.0,foggy,Lane 3
TRF-103009,2025-05-06 09:00:00,105,bike,26.7,727.0,rainy,Lane 1
TRF-103010,2025-05-06 10:00:00,102,truck,44.7,829.0,clear,Lane 1
TRF-103011,2025-05-06 11:00:00,108,bus,53.6,656.0,clear,Lane 1
TRF-103012,2025-05-06 12:00:00,105,car,25.0,453.0,clear,Lane 2
TRF-103013,2025-05-06 13:00:00,107,bike,51.8,552.0,foggy,Lane 1
TRF-103014,2025-05-06 14:00:00,104,motorcycle,31.8,204.0,foggy,Express Lane
TRF-103015,2025-05-06 15:00:00,104,bus,53.6,927.0,snowy,Lane 2
TRF-103016,2025-05-06 16:00:00,107,truck,47.9,1016.0,clear,Lane 1
TRF-103017,2025-05-06 17:00:00,103,bike,45.8,403.0,clear,Express Lane
TRF-103018,2025-05-06 18:00:00,108,van,28.6,661.0,clear,Lane 3
TRF-103019,2025-05-06 19:00:00,107,bus,52.3,266.0,clear,Lane 3
TRF-103020,2025-05-06 20:00:00,106,truck,56.5,1039.0,snowy,Lane 1
TRF-103021,2025-05-06 21:00:00,106,truck,31.1,997.0,snowy,Lane 3
TRF-103022,2025-05-06 22:00:00,102,car,17.1,472.0,clear,Lane 2
TRF-103023,2025-05-06 23:00:00,104,car,31.2,1091.0,clear,Lane 1
TRF-103024,2025-05-07 00:00:00,103,car,47.1,813.0,rainy,Lane 3
TRF-103025,2025-05-07 01:00:00,103,truck,39.8,1049.0,cloudy,Lane 1
TRF-103026,2025-05-07 02:00:00,105,bus,67.4,916.0,foggy,Lane 3
TRF-103027,2025-05-07 03:00:00,105,motorcycle,57.3,875.0,cloudy,Lane 2
TRF-103028,2025-05-07 04:00:00,107,truck,49.8,871.0,rainy,Lane 1
TRF-103029,2025-05-07 05:00:00,103,truck,16.6,664.0,clear,Express Lane
TRF-103030,2025-05-07 06:00:00,107,bike,59.3,185.0,rainy,Lane 3
TRF-103031,2025-05-07 07:00:00,108,van,83.6,560.0,cloudy,Express Lane
TRF-103032,2025-05-07 08:00:00,107,bus,63.5,842.0,clear,Lane 1
TRF-103033,2025-05-07 09:00:00,105,car,36.2,669.0,rainy,Lane 3
TRF-103034,2025-05-07 10:00:00,104,car,45.5,1094.0,clear,Lane 1
TRF-103035,2025-05-07 11:00:00,107,truck,56.3,215.0,cloudy,Lane 2
TRF-103036,2025-05-07 12:00:00,101,bus,73.0,490.0,rainy,Lane 2
TRF-103037,2025-05-07 13:00:00,104,truck,35.3,575.0,rainy,Lane 3
TRF-103038,2025-05-07 14:00:00,103,truck,39.6,728.0,foggy,Lane 2
TRF-103039,2025-05-07 15:00:00,103,van,47.2,336.0,foggy,Express Lane
TRF-103040,2025-05-07 16:00:00,107,car,45.6,974.0,foggy,Lane 2
TRF-103041,2025-05-07 17:00:00,104,car,62.3,166.0,foggy,Lane 2
TRF-103042,2025-05-07 18:00:00,105,truck,52.7,922.0,foggy,Lane 1
TRF-103043,2025-05-07 19:00:00,105,car,22.9,684.0,snowy,Lane 1
TRF-103044,2025-05-07 20:00:00,106,motorcycle,36.2,650.0,foggy,Lane 3
TRF-103045,2025-05-07 21:00:00,103,van,36.7,186.0,clear,Lane 2
TRF-103046,2025-05-07 22:00:00,102,bike,8.1,210.0,clear,Express Lane
TRF-103047,2025-05-07 23:00:00,106,truck,64.7,438.0,clear,Express Lane
TRF-103048,2025-05-08 00:00:00,105,car,50.4,882.0,clear,Lane 2
TRF-103049,2025-05-08 01:00:00,104,truck,38.3,1006.0,snowy,Lane 3
TRF-103050,2025-05-08 02:00:00,108,car,64.2,1081.0,clear,Lane 3
TRF-103051,2025-05-08 03:00:00,105,car,53.4,900.0,clear,Express Lane
TRF-103052,2025-05-08 04:00:00,104,van,24.8,641.0,foggy,Express Lane
TRF-103053,2025-05-08 05:00:00,106,van,59.0,98.0,snowy,Lane 1
TRF-103054,2025-05-08 06:00:00,103,car,72.7,631.0,rainy,Lane 2
TRF-103055,2025-05-08 07:00:00,105,truck,45.5,46.0,rainy,Lane 2
TRF-103056,2025-05-08 08:00:00,107,truck,46.8,878.0,foggy,Lane 2
TRF-103057,2025-05-08 09:00:00,104,motorcycle,49.9,908.0,rainy,Express Lane
TRF-103058,2025-05-08 10:00:00,103,bike,26.1,864.0,clear,Express Lane
TRF-103059,2025-05-08 11:00:00,108,car,50.5,575.0,clear,Express Lane
TRF-103060,2025-05-08 12:00:00,108,car,32.0,89.0,clear,Lane 1
TRF-103061,2025-05-08 13:00:00,102,truck,47.9,213.0,clear,Express Lane
TRF-103062,2025-05-08 14:00:00,104,van,51.0,867.0,clear,Lane 1
TRF-103063,2025-05-08 15:00:00,106,bus,57.6,1051.0,clear,Lane 1
TRF-103064,2025-05-08 16:00:00,102,bus,58.2,782.0,clear,Express Lane
TRF-103065,2025-05-08 17:00:00,102,bike,31.3,752.0,rainy,Lane 2
TRF-103066,2025-05-08 18:00:00,101,bike,51.4,359.0,cloudy,Lane 3
TRF-103067,2025-05-08 19:00:00,105,bike,65.2,810.0,foggy,Lane 1
TRF-103068,2025-05-08 20:00:00,104,bike,27.2,1058.0,rainy,Lane 2
TRF-103069,2025-05-08 21:00:00,102,car,79.4,431.0,foggy,Express Lane
TRF-103070,2025-05-08 22:00:00,101,car,30.5,657.0,clear,Lane 1
TRF-103071,2025-05-08 23:00:00,106,motorcycle,77.3,232.0,cloudy,Lane 3
TRF-103072,2025-05-09 00:00:00,103,car,30.8,1090.0,rainy,Express Lane
TRF-103073,2025-05-09 01:00:00,107,bus,47.0,83.0,rainy,Lane 2
TRF-103074,2025-05-09 02:00:00,107,bike,44.5,317.0,clear,Lane 1
TRF-103075,2025-05-09 03:00:00,104,bus,23.4,1098.0,rainy,Express Lane
TRF-103076,2025-05-09 04:00:00,102,car,60.6,313.0,clear,Express Lane
TRF-103077,2025-05-09 05:00:00,107,car,61.5,862.0,foggy,Express Lane
TRF-103078,2025-05-09 06:00:00,105,bike,59.2,611.0,clear,Lane 2
TRF-103079,2025-05-09 07:00:00,107,truck,43.5,71.0,rainy,Express Lane
TRF-103080,2025-05-09 08:00:00,107,bus,35.4,301.0,rainy,Lane 3
TRF-103081,2025-05-09 09:00:00,107,bus,67.8,946.0,snowy,Lane 3
TRF-103082,2025-05-09 10:00:00,108,bike,51.8,600.0,rainy,Lane 3
TRF-103083,2025-05-09 11:00:00,101,bus,34.4,781.0,clear,Lane 3
TRF-103084,2025-05-09 12:00:00,102,car,51.9,76.0,clear,Lane 2
TRF-103085,2025-05-09 13:00:00,105,truck,17.9,155.0,rainy,Lane 1
TRF-103086,2025-05-09 14:00:00,102,bus,49.9,501.0,clear,Express Lane
TRF-103087,2025-05-09 15:00:00,108,bus,59.8,840.0,clear,Lane 3
TRF-103088,2025-05-09 16:00:00,104,car,44.8,650.0,clear,Lane 2
TRF-103089,2025-05-09 17:00:00,104,truck,60.8,706.0,clear,Express Lane
TRF-103090,2025-05-09 18:00:00,104,truck,62.6,399.0,clear,Express Lane
TRF-103091,2025-05-09 19:00:00,106,bus,53.0,800.0,clear,Express Lane
TRF-103092,2025-05-09 20:00:00,107,van,79.8,617.0,foggy,Lane 3
TRF-103093,2025-05-09 21:00:00,106,truck,72.4,36.0,cloudy,Lane 3
TRF-103094,2025-05-09 22:00:00,101,truck,59.3,727.0,foggy,Express Lane
TRF-103095,2025-05-09 23:00:00,104,car,54.4,94.0,snowy,Express Lane
TRF-103096,2025-05-10 00:00:00,108,bus,43.4,231.0,rainy,Lane 2
TRF-103097,2025-05-10 01:00:00,105,bike,36.4,171.0,clear,Lane 2
TRF-103098,2025-05-10 02:00:00,102,car,62.4,846.0,snowy,Express Lane
TRF-103099,2025-05-10 03:00:00,107,van,44.4,246.0,clear,Lane 2
TRF-103100,2025-05-10 04:00:00,103,car,29.7,1020.0,rainy,Lane 3
TRF-103101,2025-05-10 05:00:00,105,bus,33.6,291.0,clear,Lane 3
TRF-103102,2025-05-10 06:00:00,107,bike,35.9,313.0,rainy,Express Lane
TRF-103103,2025-05-10 07:00:00,106,car,79.6,131.0,rainy,Lane 1
TRF-103104,2025-05-10 08:00:00,106,bike,63.3,406.0,clear,Lane 3
TRF-103105,2025-05-10 09:00:00,105,truck,48.6,235.0,clear,Lane 1
TRF-103106,2025-05-10 10:00:00,106,car,55.5,560.0,foggy,Lane 3
TRF-103107,2025-05-10 11:00:00,104,bus,57.5,790.0,rainy,Lane 1
TRF-103108,2025-05-10 12:00:00,101,truck,32.4,39.0,rainy,Lane 1
TRF-103109,2025-05-10 13:00:00,102,truck,27.0,180.0,foggy,Lane 1
TRF-103110,2025-05-10 14:00:00,101,bike,66.9,1090.0,clear,Lane 2
TRF-103111,2025-05-10 15:00:00,107,truck,23.7,805.0,clear,Lane 2
TRF-103112,2025-05-10 16:00:00,102,truck,47.7,1058.0,clear,Lane 1
TRF-103113,2025-05-10 17:00:00,108,bike,35.0,919.0,clear,Express Lane
TRF-103114,2025-05-10 18:00:00,102,truck,52.0,432.0,clear,Lane 2
TRF-103115,2025-05-10 19:00:00,101,truck,43.4,968.0,cloudy,Lane 3
TRF-103116,2025-05-10 20:00:00,105,bike,57.6,840.0,clear,Lane 2
TRF-103117,2025-05-10 21:00:00,102,motorcycle,6.4,1088.0,cloudy,Lane 2
TRF-103118,2025-05-10 22:00:00,108,truck,68.2,528.0,rainy,Lane 3
TRF-103119,2025-05-10 23:00:00,108,bike,61.2,541.0,clear,Lane 3
TRF-103120,2025-05-11 00:00:00,108,truck,66.2,346.0,foggy,Lane 1
TRF-103121,2025-05-11 01:00:00,101,van,64.1,332.0,clear,Lane 2
TRF-103122,2025-05-11 02:00:00,102,car,53.6,111.0,clear,Express Lane
TRF-103123,2025-05-11 03:00:00,103,bike,36.5,687.0,foggy,Lane 3
TRF-103124,2025-05-11 04:00:00,105,bike,55.9,222.0,foggy,Lane 3
TRF-103125,2025-05-11 05:00:00,104,truck,53.2,253.0,clear,Lane 2
TRF-103126,2025-05-11 06:00:00,102,truck,63.8,82.0,foggy,Express Lane
TRF-103127,2025-05-11 07:00:00,108,van,59.2,1044.0,clear,Lane 2
TRF-103128,2025-05-11 08:00:00,103,car,49.7,374.0,clear,Lane 1
TRF-103129,2025-05-11 09:00:00,104,motorcycle,55.8,1016.0,rainy,Express Lane
TRF-103130,2025-05-11 10:00:00,104,bike,57.4,670.0,foggy,Lane 2
TRF-103131,2025-05-11 11:00:00,107,bike,67.6,240.0,clear,Lane 3
TRF-103132,2025-05-11 12:00:00,102,van,79.2,893.0,snowy,Lane 2
TRF-103133,2025-05-11 13:00:00,101,bus,58.7,805.0,clear,Lane 1
TRF-103134,2025-05-11 14:00:00,102,truck,57.5,944.0,rainy,Express Lane
TRF-103135,2025-05-11 15:00:00,103,truck,44.0,212.0,rainy,Express Lane
TRF-103136,2025-05-11 16:00:00,104,car,41.8,535.0,snowy,Lane 2
TRF-103137,2025-05-11 17:00:00,102,truck,34.9,41.0,clear,Lane 2
TRF-103138,2025-05-11 18:00:00,101,bike,5.0,122.0,cloudy,Express Lane
TRF-103139,2025-05-11 19:00:00,107,bus,32.9,359.0,snowy,Lane 2
TRF-103140,2025-05-11 20:00:00,102,truck,44.9,219.0,foggy,Lane 3
TRF-103141,2025-05-11 21:00:00,105,car,42.5,895.0,foggy,Lane 3
TRF-103142,2025-05-11 22:00:00,107,bus,56.2,983.0,foggy,Express Lane
TRF-103143,2025-05-11 23:00:00,101,truck,33.5,1051.0,cloudy,Lane 3
TRF-103144,2025-05-12 00:00:00,103,truck,34.3,322.0,rainy,Express Lane
TRF-103145,2025-05-12 01:00:00,104,bike,10.0,290.0,cloudy,Lane 3
TRF-103146,2025-05-12 02:00:00,102,truck,56.5,739.0,snowy,Lane 1
TRF-103147,2025-05-12 03:00:00,101,car,32.0,352.0,snowy,Lane 3
TRF-103148,2025-05-12 04:00:00,107,truck,35.1,39.0,clear,Lane 3
TRF-103149,2025-05-12 05:00:00,105,bike,58.2,994.0,clear,Lane 1
TRF-103150,2025-05-12 06:00:00,101,truck,32.1,117.0,clear,Lane 3
TRF-103151,2025-05-12 07:00:00,106,bus,54.8,369.0,snowy,Lane 3
TRF-103152,2025-05-12 08:00:00,108,bus,26.3,716.0,rainy,Lane 3
TRF-103153,2025-05-12 09:00:00,105,car,47.6,238.0,snowy,Lane 2
TRF-103154,2025-05-12 10:00:00,107,van,37.0,951.0,cloudy,Lane 1
TRF-103155,2025-05-12 11:00:00,103,truck,43.2,292.0,clear,Lane 3
TRF-103156,2025-05-12 12:00:00,104,truck,75.2,699.0,clear,Express Lane
TRF-103157,2025-05-12 13:00:00,107,car,18.5,49.0,foggy,Express Lane
TRF-103158,2025-05-12 14:00:00,108,bus,73.6,597.0,rainy,Express Lane
TRF-103159,2025-05-12 15:00:00,103,bus,31.5,999.0,cloudy,Lane 1
TRF-103160,2025-05-12 16:00:00,102,car,63.6,169.0,rainy,Express Lane
TRF-103161,2025-05-12 17:00:00,101,car,67.2,300.0,clear,Lane 3
TRF-103162,2025-05-12 18:00:00,106,bike,55.7,313.0,clear,Lane 2
TRF-103163,2025-05-12 19:00:00,105,bus,26.1,395.0,snowy,Lane 3
TRF-103164,2025-05-12 20:00:00,105,car,52.9,513.0,foggy,Lane 3
TRF-103165,2025-05-12 21:00:00,101,bike,94.1,32.0,rainy,Express Lane
TRF-103166,2025-05-12 22:00:00,106,car,48.2,1033.0,clear,Express Lane
TRF-103167,2025-05-12 23:00:00,101,bike,46.2,813.0,clear,Lane 2
TRF-103168,2025-05-13 00:00:00,102,truck,44.5,193.0,cloudy,Lane 2
TRF-103169,2025-05-13 01:00:00,108,car,57.3,417.0,clear,Lane 1
TRF-103170,2025-05-13 02:00:00,103,bike,46.4,1024.0,snowy,Express Lane
TRF-103171,2025-05-13 03:00:00,107,truck,53.1,1062.0,clear,Lane 1
TRF-103172,2025-05-13 04:00:00,105,bus,42.7,1045.0,clear,Express Lane
TRF-103173,2025-05-13 05:00:00,102,car,29.3,41.0,rainy,Lane 3
TRF-103174,2025-05-13 06:00:00,103,van,89.8,103.0,rainy,Express Lane
TRF-103175,2025-05-13 07:00:00,102,bus,47.9,267.0,foggy,Lane 3
TRF-103176,2025-05-13 08:00:00,106,truck,105.6,944.0,rainy,Express Lane
TRF-103177,2025-05-13 09:00:00,105,car,55.6,263.0,cloudy,Lane 2
TRF-103178,2025-05-13 10:00:00,107,car,58.8,901.0,foggy,Express Lane
TRF-103179,2025-05-13 11:00:00,101,bike,47.9,182.0,cloudy,Lane 3
TRF-103180,2025-05-13 12:00:00,101,truck,37.3,557.0,rainy,Lane 1
TRF-103181,2025-05-13 13:00:00,103,car,42.8,840.0,rainy,Lane 2
TRF-103182,2025-05-13 14:00:00,107,bike,33.0,85.0,clear,Lane 2
TRF-103183,2025-05-13 15:00:00,108,bike,31.4,644.0,cloudy,Lane 2
TRF-103184,2025-05-13 16:00:00,104,car,80.1,963.0,foggy,Lane 3
TRF-103185,2025-05-13 17:00:00,106,truck,62.4,692.0,snowy,Express Lane
TRF-103186,2025-05-13 18:00:00,103,bike,75.0,329.0,rainy,Express Lane
TRF-103187,2025-05-13 19:00:00,104,truck,68.2,1005.0,cloudy,Lane 1
TRF-103188,2025-05-13 20:00:00,102,truck,37.2,659.0,clear,Lane 2
TRF-103189,2025-05-13 21:00:00,106,truck,20.3,173.0,snowy,Lane 1
TRF-103190,2025-05-13 22:00:00,102,truck,39.7,258.0,clear,Lane 2
TRF-103191,2025-05-13 23:00:00,108,truck,49.7,495.0,clear,Lane 2
TRF-103192,2025-05-14 00:00:00,107,truck,68.6,166.0,cloudy,Express Lane
TRF-103193,2025-05-14 01:00:00,105,car,47.0,269.0,cloudy,Lane 1
TRF-103194,2025-05-14 02:00:00,106,car,101.4,478.0,clear,Express Lane
TRF-103195,2025-05-14 03:00:00,104,truck,40.2,180.0,rainy,Lane 2
TRF-103196,2025-05-14 04:00:00,108,truck,58.6,832.0,cloudy,Lane 3
TRF-103197,2025-05-14 05:00:00,105,bike,37.2,382.0,foggy,Lane 1
TRF-103198,2025-05-14 06:00:00,101,motorcycle,55.3,495.0,rainy,Lane 1
TRF-103199,2025-05-14 07:00:00,104,bike,45.7,1093.0,cloudy,Express Lane
TRF-103200,2025-05-14 08:00:00,103,car,43.5,683.0,clear,Lane 2
TRF-103201,2025-05-14 09:00:00,101,bike,36.9,82.0,rainy,Express Lane
TRF-103202,2025-05-14 10:00:00,108,truck,50.7,380.0,foggy,Lane 1
TRF-103203,2025-05-14 11:00:00,101,bus,63.1,768.0,foggy,Lane 3
TRF-103204,2025-05-14 12:00:00,103,bike,30.4,369.0,rainy,Lane 2
TRF-103205,2025-05-14 13:00:00,106,motorcycle,47.1,94.0,foggy,Lane 3
TRF-103206,2025-05-14 14:00:00,101,bike,56.9,325.0,clear,Lane 3
TRF-103207,2025-05-14 15:00:00,107,motorcycle,60.3,971.0,rainy,Lane 3
TRF-103208,2025-05-14 16:00:00,104,truck,81.5,234.0,foggy,Express Lane
TRF-103209,2025-05-14 17:00:00,105,bike,58.4,676.0,rainy,Lane 1
TRF-103210,2025-05-14 18:00:00,101,truck,40.8,164.0,clear,Express Lane
TRF-103211,2025-05-14 19:00:00,104,truck,37.8,407.0,clear,Lane 2
TRF-103212,2025-05-14 20:00:00,102,bus,37.6,897.0,clear,Lane 2
TRF-103213,2025-05-14 21:00:00,104,bike,36.6,609.0,clear,Lane 3
TRF-103214,2025-05-14 22:00:00,105,truck,51.9,1046.0,rainy,Lane 3
TRF-103215,2025-05-14 23:00:00,104,bike,55.6,739.0,clear,Lane 2
TRF-103216,2025-05-15 00:00:00,103,bike,62.8,96.0,snowy,Lane 2
TRF-103217,2025-05-15 01:00:00,108,car,60.0,32.0,clear,Lane 3
TRF-103218,2025-05-15 02:00:00,105,truck,70.4,539.0,clear,Lane 2
TRF-103219,2025-05-15 03:00:00,108,bus,36.0,806.0,clear,Lane 3
TRF-103220,2025-05-15 04:00:00,106,car,77.5,131.0,foggy,Lane 3
TRF-103221,2025-05-15 05:00:00,108,car,36.7,828.0,clear,Lane 3
TRF-103222,2025-05-15 06:00:00,102,car,54.3,763.0,snowy,Lane 3
TRF-103223,2025-05-15 07:00:00,103,car,44.5,1074.0,clear,Lane 1
TRF-103224,2025-05-15 08:00:00,106,bus,47.6,416.0,foggy,Lane 2
TRF-103225,2025-05-15 09:00:00,104,truck,60.1,562.0,clear,Lane 2
TRF-103226,2025-05-15 10:00:00,105,bus,22.1,121.0,rainy,Lane 2
TRF-103227,2025-05-15 11:00:00,102,truck,33.0,868.0,clear,Lane 3
TRF-103228,2025-05-15 12:00:00,103,truck,61.5,534.0,clear,Express Lane
TRF-103229,2025-05-15 13:00:00,106,bike,48.0,870.0,snowy,Express Lane
TRF-103230,2025-05-15 14:00:00,106,car,43.4,716.0,rainy,Lane 1
TRF-103231,2025-05-15 15:00:00,102,bike,27.8,754.0,clear,Lane 2
TRF-103232,2025-05-15 16:00:00,107,van,43.5,177.0,foggy,Lane 3
TRF-103233,2025-05-15 17:00:00,104,bus,60.3,963.0,cloudy,Lane 3
TRF-103234,2025-05-15 18:00:00,102,truck,37.9,913.0,clear,Lane 1
TRF-103235,2025-05-15 19:00:00,106,motorcycle,72.6,343.0,rainy,Lane 1
TRF-103236,2025-05-15 20:00:00,101,truck,67.4,686.0,foggy,Lane 3
TRF-103237,2025-05-15 21:00:00,103,bus,41.7,327.0,snowy,Express Lane
TRF-103238,2025-05-15 22:00:00,102,bus,37.3,252.0,clear,Lane 2
TRF-103239,2025-05-15 23:00:00,107,van,5.0,382.0,foggy,Lane 3
TRF-103240,2025-05-16 00:00:00,106,car,28.6,445.0,snowy,Lane 1
TRF-103241,2025-05-16 01:00:00,104,truck,27.5,91.0,clear,Lane 3
TRF-103242,2025-05-16 02:00:00,108,car,22.2,637.0,clear,Express Lane
TRF-103243,2025-05-16 03:00:00,106,motorcycle,47.4,653.0,cloudy,Lane 3
TRF-103244,2025-05-16 04:00:00,104,car,53.6,405.0,clear,Lane 1
TRF-103245,2025-05-16 05:00:00,102,truck,80.7,628.0,rainy,Lane 1
TRF-103246,2025-05-16 06:00:00,104,bike,49.2,434.0,clear,Lane 3
TRF-103247,2025-05-16 07:00:00,105,car,11.4,958.0,foggy,Lane 1
TRF-103248,2025-05-16 08:00:00,105,motorcycle,34.5,419.0,snowy,Express Lane
TRF-103249,2025-05-16 09:00:00,105,car,59.0,795.0,rainy,Lane 2
TRF-103250,2025-05-16 10:00:00,107,bus,46.5,377.0,clear,Lane 2
TRF-103251,2025-05-16 11:00:00,107,car,63.4,987.0,foggy,Lane 2
TRF-103252,2025-05-16 12:00:00,101,bike,38.8,560.0,rainy,Lane 1
TRF-103253,2025-05-16 13:00:00,107,truck,68.7,359.0,foggy,Express Lane
TRF-103254,2025-05-16 14:00:00,108,car,52.4,1003.0,clear,Express Lane
TRF-103255,2025-05-16 15:00:00,102,truck,52.9,121.0,rainy,Lane 3
TRF-103256,2025-05-16 16:00:00,106,motorcycle,50.7,219.0,clear,Lane 3
TRF-103257,2025-05-16 17:00:00,106,van,34.2,601.0,foggy,Lane 3
TRF-103258,2025-05-16 18:00:00,101,car,47.0,234.0,foggy,Express Lane
TRF-103259,2025-05-16 19:00:00,107,motorcycle,53.3,241.0,cloudy,Express Lane
TRF-103260,2025-05-16 20:00:00,108,bus,22.8,799.0,rainy,Lane 3
TRF-103261,2025-05-16 21:00:00,104,car,49.4,118.0,clear,Express Lane
TRF-103262,2025-05-16 22:00:00,101,truck,69.9,984.0,foggy,Lane 2
TRF-103263,2025-05-16 23:00:00,108,van,55.8,392.0,clear,Lane 3
TRF-103264,2025-05-17 00:00:00,104,truck,72.6,361.0,clear,Lane 3
TRF-103265,2025-05-17 01:00:00,108,van,55.3,950.0,foggy,Lane 1
TRF-103266,2025-05-17 02:00:00,104,truck,31.8,737.0,foggy,Lane 1
TRF-103267,2025-05-17 03:00:00,103,car,62.2,873.0,clear,Lane 3
TRF-103268,2025-05-17 04:00:00,108,bus,27.5,724.0,clear,Lane 2
TRF-103269,2025-05-17 05:00:00,106,car,44.2,451.0,cloudy,Express Lane
TRF-103270,2025-05-17 06:00:00,105,bus,43.0,792.0,clear,Lane 2
TRF-103271,2025-05-17 07:00:00,107,truck,35.8,765.0,foggy,Lane 2
TRF-103272,2025-05-17 08:00:00,104,car,90.8,739.0,clear,Express Lane
TRF-103273,2025-05-17 09:00:00,103,truck,46.7,278.0,clear,Lane 1
TRF-103274,2025-05-17 10:00:00,108,motorcycle,80.6,210.0,clear,Express Lane
TRF-103275,2025-05-17 11:00:00,106,motorcycle,54.2,512.0,snowy,Lane 2
TRF-103276,2025-05-17 12:00:00,105,motorcycle,33.2,818.0,cloudy,Express Lane
TRF-103277,2025-05-17 13:00:00,104,bike,40.6,277.0,cloudy,Lane 1
TRF-103278,2025-05-17 14:00:00,108,truck,47.3,348.0,clear,Express Lane
TRF-103279,2025-05-17 15:00:00,108,bike,47.9,993.0,clear,Express Lane
TRF-103280,2025-05-17 16:00:00,104,truck,43.1,729.0,clear,Express Lane
TRF-103281,2025-05-17 17:00:00,101,car,58.3,560.0,clear,Lane 2
TRF-103282,2025-05-17 18:00:00,101,bus,54.6,592.0,clear,Express Lane
TRF-103283,2025-05-17 19:00:00,106,car,60.4,152.0,clear,Express Lane
TRF-103284,2025-05-17 20:00:00,105,truck,75.5,779.0,clear,Lane 1
TRF-103285,2025-05-17 21:00:00,104,car,39.5,348.0,clear,Lane 1
TRF-103286,2025-05-17 22:00:00,106,truck,68.1,615.0,clear,Lane 1
TRF-103287,2025-05-17 23:00:00,106,car,73.1,274.0,rainy,Express Lane
TRF-103288,2025-05-18 00:00:00,102,car,71.3,573.0,snowy,Lane 3
TRF-103289,2025-05-18 01:00:00,108,car,16.3,182.0,clear,Lane 1
TRF-103290,2025-05-18 02:00:00,107,bus,80.4,685.0,clear,Express Lane
TRF-103291,2025-05-18 03:00:00,108,bus,36.5,44.0,foggy,Lane 1
TRF-103292,2025-05-18 04:00:00,101,truck,14.9,274.0,foggy,Lane 1
TRF-103293,2025-05-18 05:00:00,105,bike,79.9,820.0,snowy,Express Lane
TRF-103294,2025-05-18 06:00:00,108,bus,57.2,596.0,rainy,Lane 2
TRF-103295,2025-05-18 07:00:00,104,motorcycle,58.0,583.0,rainy,Lane 1
TRF-103296,2025-05-18 08:00:00,106,car,42.0,928.0,cloudy,Lane 3
TRF-103297,2025-05-18 09:00:00,104,van,51.3,81.0,snowy,Lane 2
TRF-103298,2025-05-18 10:00:00,102,van,47.9,40.0,clear,Lane 2
TRF-103299,2025-05-18 11:00:00,105,car,36.8,852.0,rainy,Lane 3
TRF-103300,2025-05-18 12:00:00,106,bike,48.4,560.0,snowy,Lane 1
TRF-103301,2025-05-18 13:00:00,104,truck,50.0,560.0,clear,Express Lane
TRF-103302,2025-05-18 14:00:00,101,truck,24.2,633.0,foggy,Lane 1
TRF-103303,2025-05-18 15:00:00,107,truck,49.0,622.0,foggy,Lane 2
TRF-103304,2025-05-18 16:00:00,102,van,15.8,966.0,foggy,Lane 3
TRF-103305,2025-05-18 17:00:00,105,car,82.6,239.0,clear,Express Lane
TRF-103306,2025-05-18 18:00:00,102,truck,46.2,980.0,foggy,Lane 2
TRF-103307,2025-05-18 19:00:00,101,truck,28.7,1034.0,rainy,Lane 2
TRF-103308,2025-05-18 20:00:00,105,truck,57.2,640.0,snowy,Lane 1
TRF-103309,2025-05-18 21:00:00,102,bus,34.6,367.0,clear,Lane 1
TRF-103310,2025-05-18 22:00:00,103,bus,47.5,754.0,snowy,Lane 3
TRF-103311,2025-05-18 23:00:00,101,truck,56.2,844.0,clear,Lane 2
TRF-103312,2025-05-19 00:00:00,101,car,29.7,561.0,snowy,Lane 3
TRF-103313,2025-05-19 01:00:00,101,truck,83.1,788.0,cloudy,Lane 2
TRF-103314,2025-05-19 02:00:00,103,truck,84.8,35.0,rainy,Lane 3
TRF-103315,2025-05-19 03:00:00,103,car,38.5,614.0,cloudy,Lane 3
TRF-103316,2025-05-19 04:00:00,104,truck,27.8,648.0,clear,Lane 3
TRF-103317,2025-05-19 05:00:00,106,bike,38.5,826.0,snowy,Lane 3
TRF-103318,2025-05-19 06:00:00,107,bike,39.4,385.0,snowy,Express Lane
TRF-103319,2025-05-19 07:00:00,102,truck,68.0,248.0,clear,Express Lane
TRF-103320,2025-05-19 08:00:00,104,bike,38.8,396.0,rainy,Lane 2
TRF-103321,2025-05-19 09:00:00,102,truck,27.1,918.0,clear,Lane 3
TRF-103322,2025-05-19 10:00:00,107,bike,49.8,590.0,clear,Lane 2
TRF-103323,2025-05-19 11:00:00,106,motorcycle,21.2,393.0,rainy,Lane 3
TRF-103324,2025-05-19 12:00:00,103,car,67.2,534.0,clear,Lane 1
TRF-103325,2025-05-19 13:00:00,106,bus,58.8,206.0,rainy,Lane 2
TRF-103326,2025-05-19 14:00:00,103,car,37.2,842.0,foggy,Lane 2
TRF-103327,2025-05-19 15:00:00,107,car,39.2,606.0,foggy,Lane 2
TRF-103328,2025-05-19 16:00:00,106,bike,52.5,847.0,clear,Express Lane
TRF-103329,2025-05-19 17:00:00,104,car,28.1,848.0,foggy,Lane 3
TRF-103330,2025-05-19 18:00:00,105,bike,33.8,508.0,rainy,Lane 2
TRF-103331,2025-05-19 19:00:00,104,truck,43.9,751.0,foggy,Lane 3
TRF-103332,2025-05-19 20:00:00,102,bus,24.3,610.0,snowy,Lane 3
TRF-103333,2025-05-19 21:00:00,104,truck,39.8,775.0,clear,Lane 1
TRF-103334,2025-05-19 22:00:00,107,car,28.7,1068.0,clear,Lane 1
TRF-103335,2025-05-19 23:00:00,101,bus,73.7,907.0,snowy,Lane 1
TRF-103336,2025-05-20 00:00:00,102,bus,40.7,163.0,clear,Express Lane
TRF-103337,2025-05-20 01:00:00,106,motorcycle,31.0,747.0,rainy,Lane 3
TRF-103338,2025-05-20 02:00:00,102,motorcycle,60.1,1077.0,clear,Lane 2
TRF-103339,2025-05-20 03:00:00,105,bus,36.7,406.0,foggy,Lane 2
TRF-103340,2025-05-20 04:00:00,103,truck,28.2,681.0,clear,Lane 1
TRF-103341,2025-05-20 05:00:00,106,car,64.0,195.0,foggy,Lane 2
TRF-103342,2025-05-20 06:00:00,108,truck,42.2,1094.0,clear,Express Lane
TRF-103343,2025-05-20 07:00:00,102,car,63.1,301.0,foggy,Lane 1
TRF-103344,2025-05-20 08:00:00,106,car,47.7,1019.0,cloudy,Express Lane
TRF-103345,2025-05-20 09:00:00,106,car,50.3,195.0,cloudy,Lane 1
TRF-103346,2025-05-20 10:00:00,106,truck,58.1,791.0,foggy,Express Lane
TRF-103347,2025-05-20 11:00:00,103,truck,36.6,678.0,foggy,Lane 2
TRF-103348,2025-05-20 12:00:00,108,bike,33.4,874.0,clear,Lane 2
TRF-103349,2025-05-20 13:00:00,107,bus,69.6,580.0,clear,Express Lane
TRF-103350,2025-05-20 14:00:00,104,van,58.4,628.0,rainy,Lane 3
TRF-103351,2025-05-20 15:00:00,106,van,46.8,184.0,clear,Lane 2
TRF-103352,2025-05-20 16:00:00,101,van,62.3,446.0,clear,Lane 2
TRF-103353,2025-05-20 17:00:00,107,bus,57.7,96.0,foggy,Lane 1
TRF-103354,2025-05-20 18:00:00,105,truck,65.0,546.0,cloudy,Lane 3
TRF-103355,2025-05-20 19:00:00,103,bike,27.4,1036.0,clear,Lane 2
TRF-103356,2025-05-20 20:00:00,102,bike,46.8,617.0,snowy,Express Lane
TRF-103357,2025-05-20 21:00:00,103,car,47.9,801.0,cloudy,Lane 3
TRF-103358,2025-05-20 22:00:00,102,truck,78.2,789.0,foggy,Lane 3
TRF-103359,2025-05-20 23:00:00,103,motorcycle,38.4,1069.0,snowy,Lane 1
TRF-103360,2025-05-21 00:00:00,102,car,50.9,205.0,cloudy,Lane 1
TRF-103361,2025-05-21 01:00:00,106,motorcycle,48.3,351.0,rainy,Lane 2
TRF-103362,2025-05-21 02:00:00,104,bus,25.6,165.0,clear,Lane 1
TRF-103363,2025-05-21 03:00:00,102,car,42.8,457.0,clear,Lane 3
TRF-103364,2025-05-21 04:00:00,108,motorcycle,19.6,960.0,foggy,Express Lane
TRF-103365,2025-05-21 05:00:00,102,car,45.0,940.0,foggy,Lane 1
TRF-103366,2025-05-21 06:00:00,101,motorcycle,29.3,709.0,clear,Lane 1
TRF-103367,2025-05-21 07:00:00,102,bike,51.1,351.0,clear,Express Lane
TRF-103368,2025-05-21 08:00:00,101,truck,42.4,810.0,clear,Lane 3
TRF-103369,2025-05-21 09:00:00,105,van,42.1,200.0,clear,Lane 3
TRF-103370,2025-05-21 10:00:00,106,van,76.0,953.0,clear,Lane 1
TRF-103371,2025-05-21 11:00:00,101,truck,49.3,158.0,foggy,Lane 1
TRF-103372,2025-05-21 12:00:00,104,truck,81.8,709.0,clear,Express Lane
TRF-103373,2025-05-21 13:00:00,107,bus,56.0,560.0,clear,Lane 1
TRF-103374,2025-05-21 14:00:00,106,van,62.7,90.0,clear,Lane 3
TRF-103375,2025-05-21 15:00:00,101,bike,32.3,502.0,rainy,Lane 3
TRF-103376,2025-05-21 16:00:00,106,car,35.5,767.0,rainy,Express Lane
TRF-103377,2025-05-21 17:00:00,108,car,48.3,426.0,cloudy,Express Lane
TRF-103378,2025-05-21 18:00:00,106,bus,69.8,833.0,clear,Lane 1
TRF-103379,2025-05-21 19:00:00,106,bike,41.5,986.0,snowy,Lane 2
TRF-103380,2025-05-21 20:00:00,105,truck,22.2,684.0,clear,Express Lane
TRF-103381,2025-05-21 21:00:00,104,truck,55.2,631.0,clear,Lane 3
TRF-103382,2025-05-21 22:00:00,103,bike,49.2,297.0,clear,Lane 1
TRF-103383,2025-05-21 23:00:00,103,bus,38.1,105.0,clear,Express Lane
TRF-103384,2025-05-22 00:00:00,101,truck,41.3,927.0,cloudy,Lane 3
TRF-103385,2025-05-22 01:00:00,106,car,32.3,1061.0,snowy,Lane 1
TRF-103386,2025-05-22 02:00:00,101,bike,64.6,851.0,clear,Express Lane
TRF-103387,2025-05-22 03:00:00,105,truck,48.4,117.0,cloudy,Lane 1
TRF-103388,2025-05-22 04:00:00,105,truck,52.3,554.0,foggy,Lane 1
TRF-103389,2025-05-22 05:00:00,102,motorcycle,37.3,855.0,foggy,Lane 2
TRF-103390,2025-05-22 06:00:00,108,car,72.1,604.0,foggy,Express Lane
TRF-103391,2025-05-22 07:00:00,105,car,52.0,716.0,foggy,Express Lane
TRF-103392,2025-05-22 08:00:00,102,car,9.5,1004.0,foggy,Express Lane
TRF-103393,2025-05-22 09:00:00,104,bus,56.3,535.0,clear,Lane 2
TRF-103394,2025-05-22 10:00:00,101,motorcycle,43.2,103.0,clear,Lane 3
TRF-103395,2025-05-22 11:00:00,107,car,45.0,835.0,cloudy,Express Lane
TRF-103396,2025-05-22 12:00:00,104,bus,65.9,610.0,foggy,Express Lane
TRF-103397,2025-05-22 13:00:00,105,truck,49.6,252.0,clear,Lane 3
TRF-103398,2025-05-22 14:00:00,104,bus,78.8,926.0,foggy,Express Lane
TRF-103399,2025-05-22 15:00:00,104,truck,49.9,415.0,clear,Lane 2
TRF-103400,2025-05-22 16:00:00,108,bus,39.6,151.0,rainy,Express Lane
TRF-103401,2025-05-22 17:00:00,108,truck,15.4,762.0,snowy,Lane 1
TRF-103402,2025-05-22 18:00:00,108,bike,47.9,852.0,foggy,Lane 2
TRF-103403,2025-05-22 19:00:00,104,van,42.2,486.0,foggy,Lane 2
TRF-103404,2025-05-22 20:00:00,105,truck,74.4,193.0,snowy,Lane 1
TRF-103405,2025-05-22 21:00:00,107,truck,39.7,121.0,clear,Lane 3
TRF-103406,2025-05-22 22:00:00,106,van,47.9,365.0,clear,Lane 2
TRF-103407,2025-05-22 23:00:00,104,car,27.3,615.0,snowy,Express Lane
TRF-103408,2025-05-23 00:00:00,102,truck,34.1,964.0,rainy,Lane 3
TRF-103409,2025-05-23 01:00:00,105,bike,68.3,343.0,foggy,Lane 2
TRF-103410,2025-05-23 02:00:00,104,bus,37.3,631.0,clear,Express Lane
TRF-103411,2025-05-23 03:00:00,107,bike,67.8,1023.0,rainy,Express Lane
TRF-103412,2025-05-23 04:00:00,106,van,33.1,939.0,rainy,Lane 2
TRF-103413,2025-05-23 05:00:00,108,motorcycle,34.9,590.0,clear,Lane 3
TRF-103414,2025-05-23 06:00:00,105,car,59.6,514.0,rainy,Lane 3
TRF-103415,2025-05-23 07:00:00,103,car,33.4,685.0,clear,Lane 1
TRF-103416,2025-05-23 08:00:00,106,van,43.1,656.0,foggy,Lane 1
TRF-103417,2025-05-23 09:00:00,102,van,55.1,95.0,foggy,Lane 2
TRF-103418,2025-05-23 10:00:00,104,truck,43.5,230.0,clear,Express Lane
TRF-103419,2025-05-23 11:00:00,107,truck,37.9,497.0,clear,Lane 2
TRF-103420,2025-05-23 12:00:00,103,motorcycle,26.3,463.0,clear,Lane 1
TRF-103421,2025-05-23 13:00:00,107,truck,47.9,167.0,clear,Lane 1
TRF-103422,2025-05-23 14:00:00,103,bus,77.5,1045.0,clear,Lane 2
TRF-103423,2025-05-23 15:00:00,105,bus,53.9,831.0,rainy,Lane 1
TRF-103424,2025-05-23 16:00:00,103,car,43.8,891.0,rainy,Lane 3
TRF-103425,2025-05-23 17:00:00,102,bus,44.8,165.0,snowy,Lane 2
TRF-103426,2025-05-23 18:00:00,102,truck,63.0,478.0,rainy,Lane 2
TRF-103427,2025-05-23 19:00:00,101,car,66.6,98.0,clear,Lane 2
TRF-103428,2025-05-23 20:00:00,102,truck,38.3,982.0,rainy,Lane 2
TRF-103429,2025-05-23 21:00:00,106,car,67.3,842.0,foggy,Lane 3
TRF-103430,2025-05-23 22:00:00,103,van,59.1,1044.0,clear,Lane 1
TRF-103431,2025-05-23 23:00:00,102,car,67.0,126.0,foggy,Lane 2
TRF-103432,2025-05-24 00:00:00,105,van,19.2,406.0,rainy,Lane 2
TRF-103433,2025-05-24 01:00:00,107,truck,40.5,38.0,cloudy,Express Lane
TRF-103434,2025-05-24 02:00:00,108,truck,44.9,1034.0,foggy,Lane 2
TRF-103435,2025-05-24 03:00:00,107,truck,39.6,360.0,foggy,Lane 2
TRF-103436,2025-05-24 04:00:00,101,truck,82.5,280.0,clear,Express Lane
TRF-103437,2025-05-24 05:00:00,107,truck,40.6,389.0,cloudy,Lane 3
TRF-103438,2025-05-24 06:00:00,103,truck,56.4,378.0,clear,Lane 1
TRF-103439,2025-05-24 07:00:00,101,bus,50.8,153.0,clear,Lane 3
TRF-103440,2025-05-24 08:00:00,103,truck,42.8,663.0,rainy,Lane 2
TRF-103441,2025-05-24 09:00:00,105,bike,35.2,228.0,clear,Lane 2
TRF-103442,2025-05-24 10:00:00,101,bus,85.0,858.0,snowy,Lane 3
TRF-103443,2025-05-24 11:00:00,104,truck,44.0,947.0,snowy,Lane 2
TRF-103444,2025-05-24 12:00:00,106,truck,63.8,59.0,rainy,Lane 3
TRF-103445,2025-05-24 13:00:00,106,bus,47.8,625.0,snowy,Lane 3
TRF-103446,2025-05-24 14:00:00,103,truck,39.7,1068.0,foggy,Lane 1
TRF-103447,2025-05-24 15:00:00,107,truck,49.9,684.0,rainy,Lane 1
TRF-103448,2025-05-24 16:00:00,108,van,53.5,850.0,cloudy,Lane 1
TRF-103449,2025-05-24 17:00:00,108,bus,39.5,489.0,rainy,Lane 1
TRF-103450,2025-05-24 18:00:00,104,truck,34.2,52.0,clear,Lane 3
TRF-103451,2025-05-24 19:00:00,101,bus,56.6,355.0,foggy,Lane 2
TRF-103452,2025-05-24 20:00:00,104,car,50.1,906.0,cloudy,Lane 3
TRF-103453,2025-05-24 21:00:00,104,bike,36.3,714.0,foggy,Lane 2
TRF-103454,2025-05-24 22:00:00,107,truck,31.1,292.0,foggy,Lane 1
TRF-103455,2025-05-24 23:00:00,108,van,54.3,836.0,clear,Express Lane
TRF-103456,2025-05-25 00:00:00,101,bike,13.5,462.0,clear,Lane 2
TRF-103457,2025-05-25 01:00:00,105,bike,43.3,560.0,clear,Lane 2
TRF-103458,2025-05-25 02:00:00,107,bus,50.4,537.0,clear,Express Lane
TRF-103459,2025-05-25 03:00:00,104,car,79.3,78.0,foggy,Lane 3
TRF-103460,2025-05-25 04:00:00,104,motorcycle,48.2,197.0,clear,Lane 1
TRF-103461,2025-05-25 05:00:00,105,motorcycle,42.6,470.0,clear,Lane 3
TRF-103462,2025-05-25 06:00:00,104,car,53.1,623.0,rainy,Lane 2
TRF-103463,2025-05-25 07:00:00,104,car,35.1,257.0,foggy,Lane 2
TRF-103464,2025-05-25 08:00:00,104,car,44.1,243.0,foggy,Lane 2
TRF-103465,2025-05-25 09:00:00,106,truck,48.5,909.0,clear,Lane 3
TRF-103466,2025-05-25 10:00:00,107,car,59.3,637.0,foggy,Lane 3
TRF-103467,2025-05-25 11:00:00,102,motorcycle,35.9,560.0,foggy,Express Lane
TRF-103468,2025-05-25 12:00:00,107,van,47.9,1071.0,foggy,Lane 3
TRF-103469,2025-05-25 13:00:00,105,car,15.8,496.0,rainy,Lane 1
TRF-103470,2025-05-25 14:00:00,104,bike,57.3,373.0,clear,Lane 2
TRF-103471,2025-05-25 15:00:00,107,motorcycle,43.9,353.0,clear,Lane 3
TRF-103472,2025-05-25 16:00:00,106,bus,81.9,891.0,clear,Lane 3
TRF-103473,2025-05-25 17:00:00,108,truck,54.3,707.0,rainy,Lane 3
TRF-103474,2025-05-25 18:00:00,105,car,32.4,709.0,clear,Lane 3
TRF-103475,2025-05-25 19:00:00,103,car,28.3,877.0,clear,Lane 3
TRF-103476,2025-05-25 20:00:00,107,truck,59.9,605.0,foggy,Lane 3
TRF-103477,2025-05-25 21:00:00,103,bus,80.3,574.0,cloudy,Lane 3
TRF-103478,2025-05-25 22:00:00,104,bike,74.8,87.0,clear,Lane 1
TRF-103479,2025-05-25 23:00:00,106,motorcycle,26.2,93.0,cloudy,Lane 3
TRF-103480,2025-05-26 00:00:00,106,motorcycle,51.7,928.0,foggy,Express Lane
TRF-103481,2025-05-26 01:00:00,107,bike,68.3,154.0,rainy,Lane 1
TRF-103482,2025-05-26 02:00:00,105,car,23.9,90.0,clear,Lane 1
TRF-103483,2025-05-26 03:00:00,105,bus,47.9,409.0,clear,Express Lane
TRF-103484,2025-05-26 04:00:00,106,car,35.3,1007.0,clear,Lane 2
TRF-103485,2025-05-26 05:00:00,105,car,44.1,95.0,clear,Lane 2
TRF-103486,2025-05-26 06:00:00,106,truck,53.0,827.0,clear,Lane 1
TRF-103487,2025-05-26 07:00:00,107,bike,67.2,784.0,clear,Lane 1
TRF-103488,2025-05-26 08:00:00,102,van,75.6,661.0,clear,Lane 3
TRF-103489,2025-05-26 09:00:00,106,bike,42.2,987.0,rainy,Lane 1
TRF-103490,2025-05-26 10:00:00,103,bus,39.4,256.0,cloudy,Lane 3
TRF-103491,2025-05-26 11:00:00,105,truck,38.2,221.0,rainy,Lane 3
TRF-103492,2025-05-26 12:00:00,106,car,62.0,781.0,clear,Lane 2
TRF-103493,2025-05-26 13:00:00,106,car,65.9,985.0,clear,Lane 1
TRF-103494,2025-05-26 14:00:00,107,truck,64.1,128.0,rainy,Lane 3
TRF-103495,2025-05-26 15:00:00,105,van,52.9,373.0,snowy,Lane 1
TRF-103496,2025-05-26 16:00:00,102,motorcycle,54.6,272.0,clear,Lane 3
TRF-103497,2025-05-26 17:00:00,107,bus,43.9,49.0,rainy,Lane 2
TRF-103498,2025-05-26 18:00:00,102,bus,45.5,388.0,cloudy,Lane 3
TRF-103499,2025-05-26 19:00:00,108,van,63.4,462.0,clear,Lane 2
TRF-103500,2025-05-26 20:00:00,107,car,52.8,1029.0,clear,Express Lane
TRF-103501,2025-05-26 21:00:00,105,bike,39.5,640.0,snowy,Lane 2
TRF-103502,2025-05-26 22:00:00,101,bike,67.8,516.0,foggy,Lane 2
TRF-103503,2025-05-26 23:00:00,105,car,37.1,359.0,rainy,Lane 2
TRF-103504,2025-05-27 00:00:00,105,truck,50.6,214.0,cloudy,Express Lane
TRF-103505,2025-05-27 01:00:00,102,car,25.7,364.0,snowy,Lane 2
TRF-103506,2025-05-27 02:00:00,102,van,31.0,535.0,cloudy,Lane 1
TRF-103507,2025-05-27 03:00:00,105,truck,48.3,492.0,foggy,Lane 1
TRF-103508,2025-05-27 04:00:00,105,truck,35.5,1024.0,rainy,Express Lane
TRF-103509,2025-05-27 05:00:00,105,bike,43.9,32.0,clear,Express Lane
TRF-103510,2025-05-27 06:00:00,102,car,69.8,698.0,clear,Express Lane
TRF-103511,2025-05-27 07:00:00,105,car,45.8,204.0,rainy,Lane 3
TRF-103512,2025-05-27 08:00:00,105,truck,64.2,1029.0,cloudy,Lane 2
TRF-103513,2025-05-27 09:00:00,108,bike,33.9,327.0,clear,Lane 2
TRF-103514,2025-05-27 10:00:00,104,car,57.9,147.0,rainy,Express Lane
TRF-103515,2025-05-27 11:00:00,101,car,30.0,818.0,snowy,Express Lane
TRF-103516,2025-05-27 12:00:00,103,motorcycle,43.5,671.0,clear,Lane 1
TRF-103517,2025-05-27 13:00:00,101,car,58.6,235.0,foggy,Lane 1
TRF-103518,2025-05-27 14:00:00,104,bike,48.2,1088.0,rainy,Lane 2
TRF-103519,2025-05-27 15:00:00,103,truck,65.0,59.0,clear,Lane 1
TRF-103520,2025-05-27 16:00:00,107,car,60.0,971.0,snowy,Lane 1
TRF-103521,2025-05-27 17:00:00,105,car,42.4,852.0,foggy,Lane 2
TRF-103522,2025-05-27 18:00:00,104,bike,71.3,286.0,cloudy,Express Lane
TRF-103523,2025-05-27 19:00:00,108,bus,55.9,211.0,rainy,Express Lane
TRF-103524,2025-05-27 20:00:00,107,van,43.6,237.0,foggy,Lane 2
TRF-103525,2025-05-27 21:00:00,105,truck,50.6,908.0,snowy,Express Lane
TRF-103526,2025-05-27 22:00:00,102,car,49.6,371.0,clear,Express Lane
TRF-103527,2025-05-27 23:00:00,106,van,51.6,407.0,snowy,Lane 2
TRF-103528,2025-05-28 00:00:00,104,car,45.4,440.0,clear,Lane 3
TRF-103529,2025-05-28 01:00:00,102,bus,54.7,412.0,snowy,Express Lane
TRF-103530,2025-05-28 02:00:00,104,truck,62.2,866.0,clear,Lane 2
TRF-103531,2025-05-28 03:00:00,108,truck,55.7,600.0,clear,Lane 3
TRF-103532,2025-05-28 04:00:00,104,car,55.0,398.0,rainy,Lane 1
TRF-103533,2025-05-28 05:00:00,102,bike,46.2,309.0,clear,Express Lane
TRF-103534,2025-05-28 06:00:00,108,car,32.1,101.0,clear,Lane 2
TRF-103535,2025-05-28 07:00:00,103,bus,27.7,652.0,cloudy,Lane 1
TRF-103536,2025-05-28 08:00:00,101,truck,35.3,534.0,foggy,Lane 1
TRF-103537,2025-05-28 09:00:00,105,bus,40.5,979.0,foggy,Lane 3
TRF-103538,2025-05-28 10:00:00,104,bus,78.1,135.0,rainy,Lane 2
TRF-103539,2025-05-28 11:00:00,105,truck,70.5,560.0,clear,Lane 3
TRF-103540,2025-05-28 12:00:00,106,bike,37.3,43.0,clear,Lane 1
TRF-103541,2025-05-28 13:00:00,102,bike,56.1,34.0,rainy,Express Lane
TRF-103542,2025-05-28 14:00:00,105,motorcycle,46.8,1048.0,rainy,Lane 3
TRF-103543,2025-05-28 15:00:00,102,truck,52.2,240.0,rainy,Lane 2
TRF-103544,2025-05-28 16:00:00,105,bus,38.1,356.0,snowy,Lane 2
TRF-103545,2025-05-28 17:00:00,101,motorcycle,88.4,887.0,clear,Lane 1
TRF-103546,2025-05-28 18:00:00,101,truck,81.6,495.0,snowy,Lane 2
TRF-103547,2025-05-28 19:00:00,108,bus,42.7,775.0,rainy,Lane 3
TRF-103548,2025-05-28 20:00:00,101,motorcycle,37.3,206.0,foggy,Lane 3
TRF-103549,2025-05-28 21:00:00,108,truck,64.7,161.0,clear,Express Lane
TRF-103550,2025-05-28 22:00:00,101,bus,26.2,806.0,snowy,Lane 1
TRF-103551,2025-05-28 23:00:00,101,van,63.2,445.0,cloudy,Lane 1
TRF-103552,2025-05-29 00:00:00,101,car,50.3,373.0,rainy,Lane 3
TRF-103553,2025-05-29 01:00:00,102,van,22.2,514.0,clear,Lane 1
TRF-103554,2025-05-29 02:00:00,104,truck,45.3,607.0,snowy,Lane 3
TRF-103555,2025-05-29 03:00:00,108,van,36.2,374.0,clear,Lane 3
TRF-103556,2025-05-29 04:00:00,105,van,50.9,504.0,clear,Express Lane
TRF-103557,2025-05-29 05:00:00,101,car,49.0,554.0,foggy,Lane 3
TRF-103558,2025-05-29 06:00:00,102,van,23.7,75.0,clear,Lane 3
TRF-103559,2025-05-29 07:00:00,102,truck,42.0,560.0,clear,Express Lane
TRF-103560,2025-05-29 08:00:00,102,bus,58.3,52.0,clear,Lane 1
TRF-103561,2025-05-29 09:00:00,108,truck,61.4,96.0,foggy,Lane 3
TRF-103562,2025-05-29 10:00:00,104,motorcycle,41.5,655.0,foggy,Lane 2
TRF-103563,2025-05-29 11:00:00,108,truck,56.2,235.0,rainy,Express Lane
TRF-103564,2025-05-29 12:00:00,105,truck,52.8,287.0,clear,Lane 1
TRF-103565,2025-05-29 13:00:00,104,bike,47.1,575.0,clear,Express Lane
TRF-103566,2025-05-29 14:00:00,103,truck,56.3,837.0,rainy,Lane 3
TRF-103567,2025-05-29 15:00:00,107,car,31.3,282.0,foggy,Lane 1
TRF-103568,2025-05-29 16:00:00,102,bike,48.0,182.0,cloudy,Lane 2
TRF-103569,2025-05-29 17:00:00,108,bike,19.1,106.0,clear,Express Lane
TRF-103570,2025-05-29 18:00:00,103,truck,47.0,732.0,clear,Lane 2
TRF-103571,2025-05-29 19:00:00,106,motorcycle,73.7,569.0,rainy,Express Lane
TRF-103572,2025-05-29 20:00:00,108,bike,42.2,754.0,clear,Lane 3
TRF-103573,2025-05-29 21:00:00,101,motorcycle,71.9,398.0,clear,Express Lane
TRF-103574,2025-05-29 22:00:00,107,car,42.5,597.0,clear,Lane 2
TRF-103575,2025-05-29 23:00:00,101,car,28.5,653.0,clear,Express Lane
TRF-103576,2025-05-30 00:00:00,104,truck,60.0,184.0,rainy,Lane 3
TRF-103577,2025-05-30 01:00:00,107,truck,56.4,823.0,cloudy,Lane 3
TRF-103578,2025-05-30 02:00:00,108,bus,89.7,300.0,foggy,Express Lane
TRF-103579,2025-05-30 03:00:00,105,truck,30.4,591.0,rainy,Lane 1
TRF-103580,2025-05-30 04:00:00,103,bus,54.4,161.0,snowy,Lane 3
TRF-103581,2025-05-30 05:00:00,105,bike,55.1,874.0,snowy,Express Lane
TRF-103582,2025-05-30 06:00:00,108,truck,67.0,294.0,rainy,Lane 3
TRF-103583,2025-05-30 07:00:00,104,bus,57.5,249.0,snowy,Lane 3
TRF-103584,2025-05-30 08:00:00,101,car,42.8,928.0,rainy,Lane 3
TRF-103585,2025-05-30 09:00:00,107,car,28.7,966.0,foggy,Lane 3
TRF-103586,2025-05-30 10:00:00,105,bus,54.2,1018.0,snowy,Lane 3
TRF-103587,2025-05-30 11:00:00,108,bus,54.7,318.0,cloudy,Lane 3
TRF-103588,2025-05-30 12:00:00,105,van,59.4,780.0,cloudy,Lane 1
TRF-103589,2025-05-30 13:00:00,108,truck,42.8,349.0,rainy,Lane 1
TRF-103590,2025-05-30 14:00:00,101,bike,53.0,347.0,cloudy,Lane 3
TRF-103591,2025-05-30 15:00:00,107,car,20.2,516.0,rainy,Lane 1
TRF-103592,2025-05-30 16:00:00,103,bike,29.5,617.0,cloudy,Lane 3
TRF-103593,2025-05-30 17:00:00,101,truck,64.8,68.0,clear,Lane 3
TRF-103594,2025-05-30 18:00:00,105,van,51.2,972.0,foggy,Express Lane
TRF-103595,2025-05-30 19:00:00,103,truck,56.6,134.0,cloudy,Lane 2
TRF-103596,2025-05-30 20:00:00,108,bus,37.2,536.0,cloudy,Lane 1
TRF-103597,2025-05-30 21:00:00,103,bike,34.9,599.0,clear,Lane 2
TRF-103598,2025-05-30 22:00:00,108,van,40.4,358.0,clear,Lane 3
TRF-103599,2025-05-30 23:00:00,101,truck,52.3,1013.0,clear,Express Lane
TRF-103600,2025-05-31 00:00:00,105,bike,60.3,337.0,foggy,Lane 3
TRF-103601,2025-05-31 01:00:00,104,van,43.5,251.0,cloudy,Lane 3
TRF-103602,2025-05-31 02:00:00,105,motorcycle,18.1,685.0,rainy,Express Lane
TRF-103603,2025-05-31 03:00:00,108,bike,55.2,1080.0,cloudy,Express Lane
TRF-103604,2025-05-31 04:00:00,102,car,52.8,702.0,rainy,Lane 1
TRF-103605,2025-05-31 05:00:00,107,truck,56.6,180.0,snowy,Express Lane
TRF-103606,2025-05-31 06:00:00,106,car,63.4,202.0,clear,Lane 1
TRF-103607,2025-05-31 07:00:00,104,bike,62.0,752.0,rainy,Lane 1
TRF-103608,2025-05-31 08:00:00,103,van,72.5,1008.0,rainy,Lane 1
TRF-103609,2025-05-31 09:00:00,104,truck,48.5,1075.0,rainy,Lane 2
TRF-103610,2025-05-31 10:00:00,107,truck,40.2,839.0,foggy,Lane 2
TRF-103611,2025-05-31 11:00:00,103,bike,66.7,906.0,clear,Lane 1
TRF-103612,2025-05-31 12:00:00,107,truck,64.4,650.0,foggy,Lane 1
TRF-103613,2025-05-31 13:00:00,103,bike,43.8,76.0,clear,Lane 2
TRF-103614,2025-05-31 14:00:00,104,motorcycle,67.9,919.0,snowy,Lane 1
TRF-103615,2025-05-31 15:00:00,103,truck,49.3,869.0,rainy,Lane 3
TRF-103616,2025-05-31 16:00:00,103,bike,71.0,599.0,clear,Lane 3
TRF-103617,2025-05-31 17:00:00,102,car,79.1,567.0,snowy,Express Lane
TRF-103618,2025-05-31 18:00:00,105,car,95.5,73.0,foggy,Lane 1
TRF-103619,2025-05-31 19:00:00,105,truck,49.1,626.0,cloudy,Lane 1
TRF-103620,2025-05-31 20:00:00,106,bike,73.5,51.0,clear,Lane 3
TRF-103621,2025-05-31 21:00:00,106,car,63.4,255.0,rainy,Lane 1
TRF-103622,2025-05-31 22:00:00,108,motorcycle,65.0,578.0,rainy,Lane 3
TRF-103623,2025-05-31 23:00:00,108,car,55.6,403.0,clear,Lane 3
TRF-103624,2025-06-01 00:00:00,108,motorcycle,65.1,642.0,snowy,Lane 1
TRF-103625,2025-06-01 01:00:00,102,motorcycle,23.3,683.0,foggy,Lane 1
TRF-103626,2025-06-01 02:00:00,106,van,47.5,1057.0,clear,Lane 3
TRF-103627,2025-06-01 03:00:00,107,truck,36.2,53.0,clear,Lane 1
TRF-103628,2025-06-01 04:00:00,108,bike,34.7,862.0,clear,Lane 1
TRF-103629,2025-06-01 05:00:00,108,bike,22.2,568.0,clear,Lane 2
TRF-103630,2025-06-01 06:00:00,104,bike,38.5,401.0,clear,Lane 2
TRF-103631,2025-06-01 07:00:00,101,bike,44.9,942.0,clear,Lane 3
TRF-103632,2025-06-01 08:00:00,107,car,51.3,787.0,clear,Lane 3
TRF-103633,2025-06-01 09:00:00,108,car,47.8,815.0,rainy,Express Lane
TRF-103634,2025-06-01 10:00:00,108,van,66.9,1043.0,clear,Express Lane
TRF-103635,2025-06-01 11:00:00,108,car,31.9,69.0,foggy,Lane 3
TRF-103636,2025-06-01 12:00:00,101,truck,13.0,1092.0,clear,Lane 2
TRF-103637,2025-06-01 13:00:00,101,van,57.6,914.0,clear,Lane 3
TRF-103638,2025-06-01 14:00:00,102,car,47.2,774.0,clear,Lane 3
TRF-103639,2025-06-01 15:00:00,107,motorcycle,46.8,595.0,clear,Lane 2
TRF-103640,2025-06-01 16:00:00,102,car,35.2,331.0,foggy,Express Lane
TRF-103641,2025-06-01 17:00:00,103,bus,64.4,991.0,snowy,Lane 3
TRF-103642,2025-06-01 18:00:00,101,bus,40.5,963.0,snowy,Express Lane
TRF-103643,2025-06-01 19:00:00,104,motorcycle,32.1,584.0,foggy,Lane 1
TRF-103644,2025-06-01 20:00:00,106,car,78.1,33.0,foggy,Lane 2
TRF-103645,2025-06-01 21:00:00,104,truck,60.4,560.0,foggy,Lane 3
TRF-103646,2025-06-01 22:00:00,106,bus,47.3,439.0,clear,Lane 3
TRF-103647,2025-06-01 23:00:00,101,car,5.0,294.0,rainy,Express Lane
TRF-103648,2025-06-02 00:00:00,101,motorcycle,43.8,44.0,foggy,Lane 1
TRF-103649,2025-06-02 01:00:00,101,motorcycle,47.6,117.0,cloudy,Lane 2
TRF-103650,2025-06-02 02:00:00,102,car,74.3,128.0,clear,Lane 1
TRF-103651,2025-06-02 03:00:00,107,truck,16.5,1037.0,clear,Lane 1
TRF-103652,2025-06-02 04:00:00,106,truck,76.1,246.0,snowy,Lane 3
TRF-103653,2025-06-02 05:00:00,107,motorcycle,55.9,439.0,clear,Express Lane
TRF-103654,2025-06-02 06:00:00,102,car,26.3,220.0,foggy,Express Lane
TRF-103655,2025-06-02 07:00:00,102,motorcycle,64.6,646.0,rainy,Lane 3
TRF-103656,2025-06-02 08:00:00,105,bus,43.6,1080.0,cloudy,Lane 3
TRF-103657,2025-06-02 09:00:00,104,motorcycle,18.1,624.0,foggy,Lane 1
TRF-103658,2025-06-02 10:00:00,104,car,40.0,259.0,rainy,Express Lane
TRF-103659,2025-06-02 11:00:00,103,truck,52.6,829.0,clear,Lane 2
TRF-103660,2025-06-02 12:00:00,108,bus,49.1,559.0,clear,Lane 3
TRF-103661,2025-06-02 13:00:00,102,bike,59.6,100.0,foggy,Lane 1
TRF-103662,2025-06-02 14:00:00,106,car,67.8,146.0,snowy,Express Lane
TRF-103663,2025-06-02 15:00:00,105,car,28.2,129.0,foggy,Lane 3
TRF-103664,2025-06-02 16:00:00,105,bus,47.6,629.0,foggy,Lane 1
TRF-103665,2025-06-02 17:00:00,108,bike,37.0,889.0,clear,Express Lane
TRF-103666,2025-06-02 18:00:00,107,truck,25.5,324.0,foggy,Lane 2
TRF-103667,2025-06-02 19:00:00,108,truck,47.1,1034.0,clear,Lane 1
TRF-103668,2025-06-02 20:00:00,108,bus,55.8,663.0,clear,Lane 2
TRF-103669,2025-06-02 21:00:00,108,car,56.8,86.0,rainy,Lane 1
TRF-103670,2025-06-02 22:00:00,104,van,40.9,1066.0,snowy,Lane 2
TRF-103671,2025-06-02 23:00:00,102,bus,29.9,222.0,rainy,Express Lane
TRF-103672,2025-06-03 00:00:00,103,van,36.4,1023.0,cloudy,Lane 2
TRF-103673,2025-06-03 01:00:00,102,bike,14.2,1076.0,rainy,Lane 2
TRF-103674,2025-06-03 02:00:00,107,motorcycle,26.6,59.0,clear,Lane 2
TRF-103675,2025-06-03 03:00:00,101,bike,28.2,339.0,rainy,Express Lane
TRF-103676,2025-06-03 04:00:00,108,truck,63.2,601.0,foggy,Lane 3
TRF-103677,2025-06-03 05:00:00,102,truck,63.2,95.0,snowy,Lane 3
TRF-103678,2025-06-03 06:00:00,107,car,86.3,195.0,snowy,Lane 1
TRF-103679,2025-06-03 07:00:00,101,truck,52.3,593.0,rainy,Lane 3
TRF-103680,2025-06-03 08:00:00,101,car,39.3,209.0,clear,Lane 2
TRF-103681,2025-06-03 09:00:00,108,bus,48.2,573.0,clear,Express Lane
TRF-103682,2025-06-03 10:00:00,103,truck,45.0,755.0,clear,Lane 3
TRF-103683,2025-06-03 11:00:00,106,van,36.6,806.0,clear,Express Lane
TRF-103684,2025-06-03 12:00:00,104,car,53.8,1070.0,foggy,Lane 2
TRF-103685,2025-06-03 13:00:00,102,motorcycle,51.5,155.0,foggy,Lane 3
TRF-103686,2025-06-03 14:00:00,101,bike,46.5,111.0,foggy,Lane 1
TRF-103687,2025-06-03 15:00:00,102,bike,42.7,1093.0,rainy,Lane 1
TRF-103688,2025-06-03 16:00:00,106,van,59.4,1000.0,foggy,Lane 2
TRF-103689,2025-06-03 17:00:00,104,car,38.0,467.0,foggy,Express Lane
TRF-103690,2025-06-03 18:00:00,106,bus,40.7,997.0,rainy,Lane 2
TRF-103691,2025-06-03 19:00:00,104,motorcycle,56.6,559.0,cloudy,Lane 3
TRF-103692,2025-06-03 20:00:00,105,car,66.2,963.0,clear,Express Lane
TRF-103693,2025-06-03 21:00:00,104,car,64.6,763.0,cloudy,Express Lane
TRF-103694,2025-06-03 22:00:00,108,truck,43.3,586.0,clear,Express Lane
TRF-103695,2025-06-03 23:00:00,103,van,25.2,270.0,clear,Express Lane
TRF-103696,2025-06-04 00:00:00,106,bike,42.8,363.0,rainy,Lane 3
TRF-103697,2025-06-04 01:00:00,101,bike,49.3,77.0,snowy,Express Lane
TRF-103698,2025-06-04 02:00:00,108,motorcycle,27.9,492.0,cloudy,Express Lane
TRF-103699,2025-06-04 03:00:00,105,car,42.5,346.0,clear,Lane 2
TRF-103700,2025-06-04 04:00:00,103,motorcycle,69.7,560.0,clear,Lane 1
TRF-103701,2025-06-04 05:00:00,102,car,50.7,401.0,clear,Express Lane
TRF-103702,2025-06-04 06:00:00,108,bike,38.3,1063.0,foggy,Lane 1
TRF-103703,2025-06-04 07:00:00,106,car,48.5,617.0,clear,Express Lane
TRF-103704,2025-06-04 08:00:00,107,bike,49.5,452.0,foggy,Express Lane
TRF-103705,2025-06-04 09:00:00,107,bus,41.3,862.0,clear,Lane 2
TRF-103706,2025-06-04 10:00:00,101,bike,61.9,991.0,cloudy,Lane 1
TRF-103707,2025-06-04 11:00:00,104,motorcycle,15.1,756.0,clear,Lane 2
TRF-103708,2025-06-04 12:00:00,101,car,56.5,505.0,clear,Lane 3
TRF-103709,2025-06-04 13:00:00,107,car,37.7,274.0,cloudy,Lane 1
TRF-103710,2025-06-04 14:00:00,102,bus,66.8,721.0,foggy,Lane 1
TRF-103711,2025-06-04 15:00:00,105,car,47.9,517.0,clear,Lane 2
TRF-103712,2025-06-04 16:00:00,105,car,64.9,882.0,clear,Express Lane
TRF-103713,2025-06-04 17:00:00,106,truck,47.9,782.0,foggy,Express Lane
TRF-103714,2025-06-04 18:00:00,105,van,53.8,957.0,clear,Lane 3
TRF-103715,2025-06-04 19:00:00,106,truck,47.9,1058.0,clear,Express Lane
TRF-103716,2025-06-04 20:00:00,108,truck,68.3,246.0,foggy,Lane 1
TRF-103717,2025-06-04 21:00:00,106,truck,44.6,988.0,clear,Lane 1
TRF-103718,2025-06-04 22:00:00,108,truck,35.0,339.0,foggy,Lane 3
TRF-103719,2025-06-04 23:00:00,106,bike,73.2,67.0,clear,Lane 3
TRF-103720,2025-06-05 00:00:00,107,bike,43.0,934.0,rainy,Lane 2
TRF-103721,2025-06-05 01:00:00,107,truck,57.4,262.0,foggy,Lane 1
TRF-103722,2025-06-05 02:00:00,104,car,64.9,542.0,rainy,Lane 1
TRF-103723,2025-06-05 03:00:00,108,car,32.2,179.0,foggy,Lane 3
TRF-103724,2025-06-05 04:00:00,103,van,55.6,244.0,clear,Lane 3
TRF-103725,2025-06-05 05:00:00,108,truck,58.0,428.0,clear,Lane 1
TRF-103726,2025-06-05 06:00:00,106,motorcycle,20.1,560.0,foggy,Lane 3
TRF-103727,2025-06-05 07:00:00,106,car,53.8,218.0,foggy,Express Lane
TRF-103728,2025-06-05 08:00:00,103,car,41.6,689.0,rainy,Lane 2
TRF-103729,2025-06-05 09:00:00,101,truck,77.2,57.0,rainy,Express Lane
TRF-103730,2025-06-05 10:00:00,106,bus,63.6,706.0,foggy,Lane 2
TRF-103731,2025-06-05 11:00:00,104,bike,55.9,164.0,foggy,Lane 3
TRF-103732,2025-06-05 12:00:00,105,motorcycle,11.3,334.0,rainy,Lane 1
TRF-103733,2025-06-05 13:00:00,105,bus,56.0,524.0,clear,Express Lane
TRF-103734,2025-06-05 14:00:00,102,truck,34.3,753.0,clear,Express Lane
TRF-103735,2025-06-05 15:00:00,102,bus,63.7,889.0,foggy,Lane 3
TRF-103736,2025-06-05 16:00:00,105,car,45.1,420.0,foggy,Express Lane
TRF-103737,2025-06-05 17:00:00,105,van,38.7,1068.0,clear,Lane 1
TRF-103738,2025-06-05 18:00:00,107,car,40.1,628.0,rainy,Lane 2
TRF-103739,2025-06-05 19:00:00,104,car,41.3,948.0,clear,Express Lane
TRF-103740,2025-06-05 20:00:00,103,bus,23.7,921.0,clear,Lane 2
TRF-103741,2025-06-05 21:00:00,102,truck,26.1,252.0,cloudy,Lane 2
TRF-103742,2025-06-05 22:00:00,107,bike,42.0,857.0,rainy,Lane 1
TRF-103743,2025-06-05 23:00:00,107,car,76.0,295.0,clear,Lane 3
TRF-103744,2025-06-06 00:00:00,103,truck,60.9,282.0,clear,Lane 1
TRF-103745,2025-06-06 01:00:00,107,van,62.5,228.0,rainy,Lane 1
TRF-103746,2025-06-06 02:00:00,108,bus,69.6,957.0,cloudy,Lane 2
TRF-103747,2025-06-06 03:00:00,104,car,53.1,436.0,clear,Lane 3
TRF-103748,2025-06-06 04:00:00,105,car,39.8,515.0,clear,Lane 1
TRF-103749,2025-06-06 05:00:00,106,truck,40.6,882.0,clear,Lane 3
TRF-103750,2025-06-06 06:00:00,103,bus,33.1,392.0,cloudy,Lane 1
TRF-103751,2025-06-06 07:00:00,105,truck,62.6,241.0,clear,Lane 1
TRF-103752,2025-06-06 08:00:00,105,truck,31.1,730.0,clear,Lane 2
TRF-103753,2025-06-06 09:00:00,101,motorcycle,85.6,906.0,cloudy,Lane 2
TRF-103754,2025-06-06 10:00:00,108,car,31.7,643.0,rainy,Lane 2
TRF-103755,2025-06-06 11:00:00,103,bike,70.0,945.0,foggy,Lane 3
TRF-103756,2025-06-06 12:00:00,107,bike,70.1,172.0,clear,Lane 1
TRF-103757,2025-06-06 13:00:00,106,car,59.2,987.0,clear,Express Lane
TRF-103758,2025-06-06 14:00:00,103,car,77.2,894.0,clear,Lane 2
TRF-103759,2025-06-06 15:00:00,107,motorcycle,44.5,89.0,cloudy,Lane 3
TRF-103760,2025-06-06 16:00:00,105,car,50.3,551.0,clear,Lane 3
TRF-103761,2025-06-06 17:00:00,106,bus,52.0,338.0,clear,Lane 1
TRF-103762,2025-06-06 18:00:00,107,car,58.6,370.0,snowy,Express Lane
TRF-103763,2025-06-06 19:00:00,104,truck,15.3,929.0,clear,Express Lane
TRF-103764,2025-06-06 20:00:00,107,car,46.1,560.0,snowy,Express Lane
TRF-103765,2025-06-06 21:00:00,101,bike,63.4,269.0,foggy,Express Lane
TRF-103766,2025-06-06 22:00:00,108,car,41.3,254.0,clear,Lane 2
TRF-103767,2025-06-06 23:00:00,105,car,83.3,308.0,foggy,Express Lane
TRF-103768,2025-06-07 00:00:00,107,car,50.3,458.0,foggy,Lane 2
TRF-103769,2025-06-07 01:00:00,108,truck,57.3,431.0,rainy,Express Lane
TRF-103770,2025-06-07 02:00:00,102,van,47.9,75.0,rainy,Lane 2
TRF-103771,2025-06-07 03:00:00,102,bike,50.3,543.0,snowy,Lane 2
TRF-103772,2025-06-07 04:00:00,108,car,75.6,1053.0,snowy,Express Lane
TRF-103773,2025-06-07 05:00:00,108,bike,58.5,333.0,foggy,Lane 3
TRF-103774,2025-06-07 06:00:00,101,bus,58.5,181.0,clear,Express Lane
TRF-103775,2025-06-07 07:00:00,104,van,32.0,380.0,cloudy,Lane 2
TRF-103776,2025-06-07 08:00:00,105,car,67.9,734.0,cloudy,Lane 2
TRF-103777,2025-06-07 09:00:00,103,motorcycle,37.1,121.0,foggy,Lane 3
TRF-103778,2025-06-07 10:00:00,101,bike,44.6,135.0,clear,Lane 1
TRF-103779,2025-06-07 11:00:00,104,car,47.9,770.0,foggy,Lane 1
TRF-103780,2025-06-07 12:00:00,108,truck,41.4,161.0,foggy,Lane 3
TRF-103781,2025-06-07 13:00:00,103,motorcycle,54.3,798.0,clear,Lane 3
TRF-103782,2025-06-07 14:00:00,108,bike,47.0,487.0,snowy,Express Lane
TRF-103783,2025-06-07 15:00:00,108,motorcycle,47.7,928.0,rainy,Lane 2
TRF-103784,2025-06-07 16:00:00,102,bus,45.3,1074.0,cloudy,Lane 1
TRF-103785,2025-06-07 17:00:00,102,bike,29.3,278.0,rainy,Express Lane
TRF-103786,2025-06-07 18:00:00,103,truck,57.8,221.0,snowy,Lane 1
TRF-103787,2025-06-07 19:00:00,101,bike,47.9,614.0,foggy,Express Lane
TRF-103788,2025-06-07 20:00:00,102,bus,37.5,197.0,foggy,Lane 2
TRF-103789,2025-06-07 21:00:00,105,van,40.0,200.0,clear,Express Lane
TRF-103790,2025-06-07 22:00:00,108,van,64.4,565.0,clear,Lane 2
TRF-103791,2025-06-07 23:00:00,106,bike,43.3,437.0,snowy,Express Lane
TRF-103792,2025-06-08 00:00:00,107,car,49.7,530.0,rainy,Lane 2
TRF-103793,2025-06-08 01:00:00,103,car,32.1,128.0,rainy,Express Lane
TRF-103794,2025-06-08 02:00:00,103,truck,46.9,865.0,clear,Express Lane
TRF-103795,2025-06-08 03:00:00,102,van,32.2,276.0,rainy,Lane 2
TRF-103796,2025-06-08 04:00:00,101,truck,37.1,713.0,foggy,Lane 3
TRF-103797,2025-06-08 05:00:00,108,bike,34.2,742.0,clear,Lane 3
TRF-103798,2025-06-08 06:00:00,105,bike,63.5,136.0,rainy,Express Lane
TRF-103799,2025-06-08 07:00:00,101,bus,24.1,874.0,cloudy,Lane 2
TRF-103800,2025-06-08 08:00:00,104,car,52.8,75.0,clear,Lane 1
TRF-103801,2025-06-08 09:00:00,104,car,44.0,425.0,foggy,Lane 1
TRF-103802,2025-06-08 10:00:00,106,bike,73.1,645.0,clear,Lane 1
TRF-103803,2025-06-08 11:00:00,102,car,62.0,979.0,foggy,Lane 1
TRF-103804,2025-06-08 12:00:00,102,car,25.7,703.0,clear,Lane 1
TRF-103805,2025-06-08 13:00:00,102,car,37.9,266.0,rainy,Lane 2
TRF-103806,2025-06-08 14:00:00,106,motorcycle,47.7,658.0,rainy,Express Lane
TRF-103807,2025-06-08 15:00:00,104,bike,37.9,199.0,clear,Lane 1
TRF-103808,2025-06-08 16:00:00,101,bike,64.3,850.0,clear,Lane 3
TRF-103809,2025-06-08 17:00:00,106,bike,51.1,421.0,cloudy,Lane 3
TRF-103810,2025-06-08 18:00:00,106,bus,44.5,530.0,clear,Lane 1
TRF-103811,2025-06-08 19:00:00,101,car,65.7,203.0,clear,Lane 3
TRF-103812,2025-06-08 20:00:00,102,truck,26.8,622.0,clear,Lane 2
TRF-103813,2025-06-08 21:00:00,105,bike,43.2,201.0,clear,Lane 1
TRF-103814,2025-06-08 22:00:00,101,car,52.5,987.0,clear,Express Lane
TRF-103815,2025-06-08 23:00:00,104,car,45.5,705.0,clear,Lane 2
TRF-103816,2025-06-09 00:00:00,103,bike,5.0,838.0,clear,Lane 3
TRF-103817,2025-06-09 01:00:00,108,car,54.1,652.0,snowy,Lane 1
TRF-103818,2025-06-09 02:00:00,103,van,57.0,748.0,clear,Lane 2
TRF-103819,2025-06-09 03:00:00,107,car,29.8,367.0,clear,Lane 2
TRF-103820,2025-06-09 04:00:00,107,truck,8.7,966.0,rainy,Lane 2
TRF-103821,2025-06-09 05:00:00,106,bike,47.9,407.0,clear,Lane 2
TRF-103822,2025-06-09 06:00:00,108,bus,47.9,1065.0,clear,Lane 2
TRF-103823,2025-06-09 07:00:00,103,truck,46.0,447.0,clear,Lane 3
TRF-103824,2025-06-09 08:00:00,105,bus,12.6,360.0,clear,Lane 1
TRF-103825,2025-06-09 09:00:00,102,car,51.7,1012.0,snowy,Lane 2
TRF-103826,2025-06-09 10:00:00,104,truck,66.5,309.0,foggy,Lane 2
TRF-103827,2025-06-09 11:00:00,107,bike,65.2,910.0,foggy,Lane 3
TRF-103828,2025-06-09 12:00:00,105,car,70.0,476.0,rainy,Express Lane
TRF-103829,2025-06-09 13:00:00,104,bus,26.2,860.0,clear,Lane 1
TRF-103830,2025-06-09 14:00:00,104,van,63.8,764.0,cloudy,Lane 1
TRF-103831,2025-06-09 15:00:00,102,car,31.2,1081.0,rainy,Express Lane
TRF-103832,2025-06-09 16:00:00,108,car,62.2,222.0,rainy,Lane 1
TRF-103833,2025-06-09 17:00:00,106,bike,34.7,842.0,rainy,Lane 1
TRF-103834,2025-06-09 18:00:00,103,van,54.3,991.0,clear,Express Lane
TRF-103835,2025-06-09 19:00:00,102,truck,75.6,453.0,clear,Lane 1
TRF-103836,2025-06-09 20:00:00,105,bus,64.8,735.0,foggy,Lane 3
TRF-103837,2025-06-09 21:00:00,106,truck,31.4,120.0,rainy,Lane 2
TRF-103838,2025-06-09 22:00:00,105,truck,27.5,677.0,clear,Lane 1
TRF-103839,2025-06-09 23:00:00,106,car,62.0,824.0,rainy,Lane 1
TRF-103840,2025-06-10 00:00:00,108,bike,71.8,770.0,clear,Lane 2
TRF-103841,2025-06-10 01:00:00,107,car,55.7,174.0,foggy,Lane 2
TRF-103842,2025-06-10 02:00:00,105,car,38.8,481.0,snowy,Lane 1
TRF-103843,2025-06-10 03:00:00,102,bus,48.8,271.0,clear,Lane 3
TRF-103844,2025-06-10 04:00:00,106,bus,55.8,1084.0,rainy,Lane 2
TRF-103845,2025-06-10 05:00:00,106,bus,46.4,802.0,foggy,Lane 2
TRF-103846,2025-06-10 06:00:00,104,car,31.4,505.0,rainy,Express Lane
TRF-103847,2025-06-10 07:00:00,104,car,67.1,130.0,foggy,Lane 3
TRF-103848,2025-06-10 08:00:00,101,car,81.8,839.0,clear,Lane 2
TRF-103849,2025-06-10 09:00:00,105,truck,73.7,820.0,clear,Lane 2
TRF-103850,2025-06-10 10:00:00,104,truck,8.9,662.0,cloudy,Lane 1
TRF-103851,2025-06-10 11:00:00,101,van,68.8,906.0,clear,Lane 2
TRF-103852,2025-06-10 12:00:00,107,truck,58.4,618.0,foggy,Lane 2
TRF-103853,2025-06-10 13:00:00,107,truck,36.2,302.0,clear,Express Lane
TRF-103854,2025-06-10 14:00:00,104,bike,12.7,911.0,clear,Lane 3
TRF-103855,2025-06-10 15:00:00,105,motorcycle,46.0,87.0,rainy,Lane 2
TRF-103856,2025-06-10 16:00:00,106,bike,54.5,788.0,snowy,Lane 3
TRF-103857,2025-06-10 17:00:00,103,bike,28.1,1012.0,foggy,Lane 3
TRF-103858,2025-06-10 18:00:00,108,bike,70.2,974.0,rainy,Lane 3
TRF-103859,2025-06-10 19:00:00,105,car,69.7,416.0,clear,Express Lane
TRF-103860,2025-06-10 20:00:00,108,car,56.4,74.0,clear,Lane 2
TRF-103861,2025-06-10 21:00:00,102,car,23.3,320.0,rainy,Express Lane
TRF-103862,2025-06-10 22:00:00,107,car,43.3,844.0,snowy,Lane 3
TRF-103863,2025-06-10 23:00:00,104,truck,61.0,269.0,foggy,Lane 1
TRF-103864,2025-06-11 00:00:00,104,car,59.8,305.0,clear,Lane 2
TRF-103865,2025-06-11 01:00:00,108,truck,35.4,447.0,clear,Lane 2
TRF-103866,2025-06-11 02:00:00,106,truck,38.1,236.0,rainy,Lane 3
TRF-103867,2025-06-11 03:00:00,108,car,35.0,394.0,clear,Lane 3
TRF-103868,2025-06-11 04:00:00,102,truck,42.9,862.0,foggy,Lane 3
TRF-103869,2025-06-11 05:00:00,106,bus,39.2,597.0,clear,Lane 3
TRF-103870,2025-06-11 06:00:00,102,truck,36.0,189.0,rainy,Lane 1
TRF-103871,2025-06-11 07:00:00,103,motorcycle,45.5,125.0,clear,Express Lane
TRF-103872,2025-06-11 08:00:00,107,van,48.7,454.0,clear,Lane 2
TRF-103873,2025-06-11 09:00:00,104,car,67.6,628.0,clear,Lane 3
TRF-103874,2025-06-11 10:00:00,104,truck,15.9,297.0,clear,Express Lane
TRF-103875,2025-06-11 11:00:00,103,bike,69.9,73.0,clear,Lane 1
TRF-103876,2025-06-11 12:00:00,101,car,34.5,624.0,clear,Express Lane
TRF-103877,2025-06-11 13:00:00,107,motorcycle,81.5,1041.0,rainy,Lane 3
TRF-103878,2025-06-11 14:00:00,106,car,60.1,38.0,clear,Express Lane
TRF-103879,2025-06-11 15:00:00,103,truck,57.9,698.0,foggy,Express Lane
TRF-103880,2025-06-11 16:00:00,106,bike,46.1,410.0,clear,Lane 1
TRF-103881,2025-06-11 17:00:00,108,car,85.1,756.0,foggy,Lane 2
TRF-103882,2025-06-11 18:00:00,105,bus,47.4,144.0,foggy,Lane 1
TRF-103883,2025-06-11 19:00:00,104,car,75.2,417.0,cloudy,Lane 3
TRF-103884,2025-06-11 20:00:00,106,car,37.7,468.0,foggy,Lane 2
TRF-103885,2025-06-11 21:00:00,102,car,60.9,939.0,clear,Express Lane
TRF-103886,2025-06-11 22:00:00,106,bus,82.2,874.0,clear,Lane 3
TRF-103887,2025-06-11 23:00:00,105,truck,32.7,964.0,snowy,Express Lane
TRF-103888,2025-06-12 00:00:00,107,truck,56.8,905.0,foggy,Express Lane
TRF-103889,2025-06-12 01:00:00,104,motorcycle,35.3,57.0,foggy,Express Lane
TRF-103890,2025-06-12 02:00:00,108,truck,55.7,665.0,foggy,Express Lane
TRF-103891,2025-06-12 03:00:00,103,van,82.1,106.0,foggy,Express Lane
TRF-103892,2025-06-12 04:00:00,108,truck,31.2,616.0,foggy,Lane 2
TRF-103893,2025-06-12 05:00:00,105,bike,50.8,263.0,clear,Lane 3
TRF-103894,2025-06-12 06:00:00,104,car,33.0,358.0,rainy,Lane 1
TRF-103895,2025-06-12 07:00:00,106,car,45.7,1058.0,foggy,Express Lane
TRF-103896,2025-06-12 08:00:00,107,van,59.2,377.0,snowy,Lane 2
TRF-103897,2025-06-12 09:00:00,101,bike,42.6,786.0,foggy,Lane 1
TRF-103898,2025-06-12 10:00:00,107,van,76.3,448.0,foggy,Lane 1
TRF-103899,2025-06-12 11:00:00,101,car,56.7,420.0,clear,Express Lane
TRF-103900,2025-06-12 12:00:00,102,truck,24.2,619.0,clear,Lane 3
TRF-103901,2025-06-12 13:00:00,107,truck,53.8,144.0,clear,Express Lane
TRF-103902,2025-06-12 14:00:00,104,bus,74.3,33.0,clear,Express Lane
TRF-103903,2025-06-12 15:00:00,101,bike,57.8,672.0,clear,Lane 2
TRF-103904,2025-06-12 16:00:00,103,van,52.7,38.0,clear,Lane 1
TRF-103905,2025-06-12 17:00:00,104,bus,42.6,147.0,rainy,Lane 3
TRF-103906,2025-06-12 18:00:00,103,car,46.3,885.0,snowy,Lane 3
TRF-103907,2025-06-12 19:00:00,107,van,48.2,729.0,clear,Lane 1
TRF-103908,2025-06-12 20:00:00,103,truck,5.0,961.0,cloudy,Express Lane
TRF-103909,2025-06-12 21:00:00,101,bus,56.3,154.0,foggy,Lane 1
TRF-103910,2025-06-12 22:00:00,104,motorcycle,65.9,252.0,clear,Express Lane
TRF-103911,2025-06-12 23:00:00,106,truck,34.5,560.0,clear,Express Lane
TRF-103912,2025-06-13 00:00:00,105,truck,52.2,1046.0,clear,Express Lane
TRF-103913,2025-06-13 01:00:00,101,truck,54.4,847.0,clear,Lane 1
TRF-103914,2025-06-13 02:00:00,101,truck,62.6,288.0,cloudy,Lane 3
TRF-103915,2025-06-13 03:00:00,106,car,48.2,96.0,foggy,Express Lane
TRF-103916,2025-06-13 04:00:00,104,truck,57.7,912.0,foggy,Lane 2
TRF-103917,2025-06-13 05:00:00,104,truck,27.1,1001.0,snowy,Lane 3
TRF-103918,2025-06-13 06:00:00,108,bike,29.7,308.0,clear,Lane 1
TRF-103919,2025-06-13 07:00:00,107,truck,55.8,618.0,clear,Lane 3
TRF-103920,2025-06-13 08:00:00,103,truck,43.9,301.0,foggy,Lane 2
TRF-103921,2025-06-13 09:00:00,107,truck,19.5,531.0,clear,Lane 3
TRF-103922,2025-06-13 10:00:00,106,bike,54.3,687.0,clear,Lane 3
TRF-103923,2025-06-13 11:00:00,107,bike,25.1,922.0,cloudy,Lane 3
TRF-103924,2025-06-13 12:00:00,106,truck,96.6,597.0,rainy,Lane 3
TRF-103925,2025-06-13 13:00:00,104,bike,8.8,247.0,clear,Lane 3
TRF-103926,2025-06-13 14:00:00,103,motorcycle,48.9,714.0,foggy,Lane 1
TRF-103927,2025-06-13 15:00:00,107,car,27.9,188.0,snowy,Lane 2
TRF-103928,2025-06-13 16:00:00,101,bike,64.5,389.0,rainy,Lane 1
TRF-103929,2025-06-13 17:00:00,102,car,40.7,573.0,rainy,Lane 3
TRF-103930,2025-06-13 18:00:00,108,car,66.2,320.0,foggy,Express Lane
TRF-103931,2025-06-13 19:00:00,105,car,61.8,65.0,clear,Lane 3
TRF-103932,2025-06-13 20:00:00,101,bus,28.8,1008.0,foggy,Lane 3
TRF-103933,2025-06-13 21:00:00,104,motorcycle,34.9,889.0,rainy,Lane 2
TRF-103934,2025-06-13 22:00:00,105,car,41.8,95.0,snowy,Lane 1
TRF-103935,2025-06-13 23:00:00,102,bus,46.8,826.0,cloudy,Lane 1
TRF-103936,2025-06-14 00:00:00,102,car,44.5,186.0,rainy,Express Lane
TRF-103937,2025-06-14 01:00:00,103,van,61.1,150.0,snowy,Express Lane
TRF-103938,2025-06-14 02:00:00,105,truck,52.2,221.0,clear,Express Lane
TRF-103939,2025-06-14 03:00:00,103,van,37.0,386.0,foggy,Lane 3
TRF-103940,2025-06-14 04:00:00,101,car,31.6,560.0,snowy,Lane 1
TRF-103941,2025-06-14 05:00:00,106,bike,33.3,509.0,clear,Express Lane
TRF-103942,2025-06-14 06:00:00,106,van,53.9,826.0,cloudy,Lane 2
TRF-103943,2025-06-14 07:00:00,106,truck,44.5,983.0,clear,Lane 1
TRF-103944,2025-06-14 08:00:00,105,truck,85.4,217.0,rainy,Lane 3
TRF-103945,2025-06-14 09:00:00,106,van,48.0,505.0,rainy,Lane 1
TRF-103946,2025-06-14 10:00:00,101,van,51.4,946.0,clear,Lane 1
TRF-103947,2025-06-14 11:00:00,103,bus,15.6,678.0,rainy,Lane 1
TRF-103948,2025-06-14 12:00:00,105,bus,23.9,191.0,rainy,Lane 1
TRF-103949,2025-06-14 13:00:00,103,car,27.8,831.0,cloudy,Express Lane
TRF-103950,2025-06-14 14:00:00,105,bike,38.4,76.0,rainy,Lane 2
TRF-103951,2025-06-14 15:00:00,103,bike,21.3,53.0,snowy,Lane 3
TRF-103952,2025-06-14 16:00:00,102,bus,27.2,203.0,clear,Lane 1
TRF-103953,2025-06-14 17:00:00,103,truck,60.0,908.0,clear,Lane 1
TRF-103954,2025-06-14 18:00:00,106,truck,32.5,803.0,foggy,Express Lane
TRF-103955,2025-06-14 19:00:00,102,bus,47.3,259.0,clear,Express Lane
TRF-103956,2025-06-14 20:00:00,103,truck,58.7,732.0,rainy,Lane 1
TRF-103957,2025-06-14 21:00:00,105,truck,65.0,147.0,snowy,Lane 2
TRF-103958,2025-06-14 22:00:00,105,truck,53.3,82.0,foggy,Lane 3
TRF-103959,2025-06-14 23:00:00,108,truck,54.3,977.0,foggy,Express Lane
TRF-103960,2025-06-15 00:00:00,105,bike,65.6,601.0,foggy,Express Lane
TRF-103961,2025-06-15 01:00:00,104,car,55.5,552.0,clear,Lane 2
TRF-103962,2025-06-15 02:00:00,101,bike,66.6,801.0,rainy,Express Lane
TRF-103963,2025-06-15 03:00:00,105,truck,9.4,811.0,foggy,Lane 3
TRF-103964,2025-06-15 04:00:00,102,motorcycle,46.5,684.0,rainy,Lane 1
TRF-103965,2025-06-15 05:00:00,108,truck,49.0,142.0,foggy,Lane 3
TRF-103966,2025-06-15 06:00:00,105,truck,45.9,128.0,clear,Lane 3
TRF-103967,2025-06-15 07:00:00,104,truck,50.2,502.0,clear,Lane 3
TRF-103968,2025-06-15 08:00:00,106,bus,40.7,1076.0,clear,Lane 1
TRF-103969,2025-06-15 09:00:00,102,bus,62.2,268.0,rainy,Lane 2
TRF-103970,2025-06-15 10:00:00,104,bus,38.4,650.0,clear,Lane 1
TRF-103971,2025-06-15 11:00:00,106,truck,44.1,701.0,foggy,Express Lane
TRF-103972,2025-06-15 12:00:00,107,van,74.0,416.0,foggy,Lane 2
TRF-103973,2025-06-15 13:00:00,107,truck,71.5,635.0,clear,Lane 2
TRF-103974,2025-06-15 14:00:00,102,truck,50.8,151.0,cloudy,Express Lane
TRF-103975,2025-06-15 15:00:00,103,bike,36.5,592.0,foggy,Express Lane
TRF-103976,2025-06-15 16:00:00,101,bus,18.6,346.0,rainy,Lane 2
TRF-103977,2025-06-15 17:00:00,108,bus,45.6,49.0,foggy,Express Lane
TRF-103978,2025-06-15 18:00:00,101,truck,57.1,571.0,clear,Lane 2
TRF-103979,2025-06-15 19:00:00,104,bus,35.0,434.0,foggy,Express Lane
TRF-103980,2025-06-15 20:00:00,106,bus,48.1,1007.0,clear,Lane 2
TRF-103981,2025-06-15 21:00:00,101,truck,41.7,722.0,foggy,Lane 1
TRF-103982,2025-06-15 22:00:00,106,truck,17.0,141.0,cloudy,Lane 1
TRF-103983,2025-06-15 23:00:00,106,van,50.1,1063.0,rainy,Express Lane
TRF-103984,2025-06-16 00:00:00,104,car,55.8,408.0,snowy,Express Lane
TRF-103985,2025-06-16 01:00:00,104,van,50.9,969.0,clear,Lane 2
TRF-103986,2025-06-16 02:00:00,104,truck,77.0,267.0,snowy,Lane 3
TRF-103987,2025-06-16 03:00:00,101,car,42.2,673.0,snowy,Express Lane
TRF-103988,2025-06-16 04:00:00,107,bus,40.8,359.0,foggy,Lane 1
TRF-103989,2025-06-16 05:00:00,104,bike,87.0,214.0,clear,Express Lane
TRF-103990,2025-06-16 06:00:00,108,bike,25.5,511.0,clear,Lane 2
TRF-103991,2025-06-16 07:00:00,101,bike,36.8,630.0,foggy,Lane 2
TRF-103992,2025-06-16 08:00:00,104,car,54.5,391.0,cloudy,Express Lane
TRF-103993,2025-06-16 09:00:00,105,truck,68.3,1089.0,clear,Express Lane
TRF-103994,2025-06-16 10:00:00,106,bus,64.8,545.0,cloudy,Lane 3
TRF-103995,2025-06-16 11:00:00,108,van,29.3,359.0,snowy,Lane 3
TRF-103996,2025-06-16 12:00:00,104,truck,77.3,298.0,rainy,Lane 2
TRF-103997,2025-06-16 13:00:00,102,bike,56.4,984.0,foggy,Lane 3
TRF-103998,2025-06-16 14:00:00,106,truck,33.3,407.0,cloudy,Lane 1
TRF-103999,2025-06-16 15:00:00,106,truck,34.8,322.0,clear,Express Lane
TRF-104000,2025-06-16 16:00:00,104,bus,49.3,389.0,foggy,Express Lane
TRF-104001,2025-06-16 17:00:00,107,car,86.7,553.0,rainy,Lane 2
TRF-104002,2025-06-16 18:00:00,103,bus,51.8,653.0,clear,Express Lane
TRF-104003,2025-06-16 19:00:00,107,bus,86.6,1089.0,snowy,Lane 1
TRF-104004,2025-06-16 20:00:00,104,car,47.9,373.0,clear,Lane 2
TRF-104005,2025-06-16 21:00:00,106,van,47.9,647.0,clear,Express Lane
TRF-104006,2025-06-16 22:00:00,108,truck,73.3,604.0,clear,Lane 1
TRF-104007,2025-06-16 23:00:00,102,motorcycle,31.0,426.0,cloudy,Lane 2
TRF-104008,2025-06-17 00:00:00,108,car,36.9,450.0,foggy,Lane 1
TRF-104009,2025-06-17 01:00:00,108,van,53.0,690.0,snowy,Express Lane
TRF-104010,2025-06-17 02:00:00,106,bus,47.5,431.0,rainy,Lane 3
TRF-104011,2025-06-17 03:00:00,107,bike,64.1,75.0,clear,Lane 2
TRF-104012,2025-06-17 04:00:00,102,van,57.0,716.0,clear,Express Lane
TRF-104013,2025-06-17 05:00:00,101,truck,45.9,183.0,rainy,Lane 2
TRF-104014,2025-06-17 06:00:00,105,truck,78.6,290.0,foggy,Lane 2
TRF-104015,2025-06-17 07:00:00,106,car,39.5,674.0,foggy,Lane 2
TRF-104016,2025-06-17 08:00:00,104,truck,30.0,316.0,cloudy,Lane 1
TRF-104017,2025-06-17 09:00:00,101,truck,56.3,874.0,rainy,Lane 2
TRF-104018,2025-06-17 10:00:00,105,bus,47.7,668.0,rainy,Lane 3
TRF-104019,2025-06-17 11:00:00,104,van,52.4,734.0,foggy,Express Lane
TRF-104020,2025-06-17 12:00:00,108,motorcycle,61.3,186.0,rainy,Lane 1
TRF-104021,2025-06-17 13:00:00,103,bike,44.7,643.0,clear,Lane 2
TRF-104022,2025-06-17 14:00:00,104,van,47.9,458.0,snowy,Lane 2
TRF-104023,2025-06-17 15:00:00,102,truck,52.8,1011.0,clear,Express Lane
TRF-104024,2025-06-17 16:00:00,102,car,39.9,881.0,cloudy,Lane 1
TRF-104025,2025-06-17 17:00:00,103,van,58.6,296.0,clear,Lane 1
TRF-104026,2025-06-17 18:00:00,101,car,46.5,88.0,foggy,Lane 2
TRF-104027,2025-06-17 19:00:00,105,truck,50.0,646.0,cloudy,Lane 1
TRF-104028,2025-06-17 20:00:00,104,truck,28.1,200.0,rainy,Lane 3
TRF-104029,2025-06-17 21:00:00,102,truck,30.1,686.0,foggy,Lane 2
TRF-104030,2025-06-17 22:00:00,101,car,67.1,866.0,clear,Lane 2
TRF-104031,2025-06-17 23:00:00,103,car,25.8,1053.0,foggy,Lane 1
TRF-104032,2025-06-18 00:00:00,107,truck,45.8,851.0,snowy,Lane 3
TRF-104033,2025-06-18 01:00:00,106,van,53.9,763.0,clear,Lane 3
TRF-104034,2025-06-18 02:00:00,107,car,73.4,427.0,clear,Lane 2
TRF-104035,2025-06-18 03:00:00,107,bike,39.3,1068.0,foggy,Lane 3
TRF-104036,2025-06-18 04:00:00,102,truck,61.7,998.0,clear,Lane 3
TRF-104037,2025-06-18 05:00:00,108,bike,45.8,491.0,clear,Lane 3
TRF-104038,2025-06-18 06:00:00,108,motorcycle,8.8,167.0,cloudy,Lane 2
TRF-104039,2025-06-18 07:00:00,103,car,48.8,791.0,clear,Express Lane
TRF-104040,2025-06-18 08:00:00,104,bus,46.8,179.0,cloudy,Lane 2
TRF-104041,2025-06-18 09:00:00,108,van,55.7,892.0,clear,Express Lane
TRF-104042,2025-06-18 10:00:00,107,van,36.4,810.0,foggy,Lane 3
TRF-104043,2025-06-18 11:00:00,108,bus,38.4,622.0,cloudy,Lane 3
TRF-104044,2025-06-18 12:00:00,107,truck,69.6,329.0,foggy,Lane 2
TRF-104045,2025-06-18 13:00:00,105,car,41.9,788.0,cloudy,Lane 2
TRF-104046,2025-06-18 14:00:00,102,truck,13.6,914.0,snowy,Lane 1
TRF-104047,2025-06-18 15:00:00,102,truck,56.8,533.0,foggy,Lane 1
TRF-104048,2025-06-18 16:00:00,104,truck,63.5,831.0,snowy,Lane 3
TRF-104049,2025-06-18 17:00:00,108,motorcycle,63.4,847.0,snowy,Lane 2
TRF-104050,2025-06-18 18:00:00,108,bus,36.9,339.0,clear,Lane 2
TRF-104051,2025-06-18 19:00:00,106,car,48.0,603.0,cloudy,Lane 2
TRF-104052,2025-06-18 20:00:00,101,van,57.6,625.0,foggy,Lane 3
TRF-104053,2025-06-18 21:00:00,105,van,65.4,56.0,clear,Lane 1
TRF-104054,2025-06-18 22:00:00,102,car,57.0,410.0,snowy,Lane 2
TRF-104055,2025-06-18 23:00:00,105,car,62.0,160.0,foggy,Lane 2
TRF-104056,2025-06-19 00:00:00,102,bike,34.8,668.0,clear,Express Lane
TRF-104057,2025-06-19 01:00:00,105,car,6.8,1049.0,cloudy,Lane 1
TRF-104058,2025-06-19 02:00:00,103,motorcycle,67.0,314.0,clear,Lane 2
TRF-104059,2025-06-19 03:00:00,107,car,31.0,766.0,cloudy,Lane 2
TRF-104060,2025-06-19 04:00:00,102,bus,44.9,262.0,clear,Express Lane
TRF-104061,2025-06-19 05:00:00,105,van,62.5,640.0,clear,Lane 1
TRF-104062,2025-06-19 06:00:00,108,car,48.5,251.0,clear,Lane 1
TRF-104063,2025-06-19 07:00:00,101,van,60.6,482.0,snowy,Lane 2
TRF-104064,2025-06-19 08:00:00,103,van,92.2,333.0,cloudy,Lane 2
TRF-104065,2025-06-19 09:00:00,103,van,57.9,965.0,clear,Lane 2
TRF-104066,2025-06-19 10:00:00,101,truck,34.9,293.0,clear,Express Lane
TRF-104067,2025-06-19 11:00:00,105,car,22.0,394.0,rainy,Express Lane
TRF-104068,2025-06-19 12:00:00,108,car,60.2,771.0,clear,Express Lane
TRF-104069,2025-06-19 13:00:00,104,bike,49.5,485.0,snowy,Express Lane
TRF-104070,2025-06-19 14:00:00,101,motorcycle,23.2,534.0,clear,Express Lane
TRF-104071,2025-06-19 15:00:00,105,motorcycle,69.2,357.0,foggy,Lane 1
TRF-104072,2025-06-19 16:00:00,101,truck,61.0,848.0,foggy,Lane 2
TRF-104073,2025-06-19 17:00:00,101,van,47.8,765.0,clear,Lane 1
TRF-104074,2025-06-19 18:00:00,102,bike,87.4,521.0,rainy,Express Lane
TRF-104075,2025-06-19 19:00:00,105,bike,66.4,490.0,rainy,Lane 2
TRF-104076,2025-06-19 20:00:00,104,motorcycle,30.2,595.0,rainy,Lane 3
TRF-104077,2025-06-19 21:00:00,107,truck,69.1,849.0,cloudy,Lane 2
TRF-104078,2025-06-19 22:00:00,102,motorcycle,52.6,545.0,rainy,Lane 2
TRF-104079,2025-06-19 23:00:00,101,bike,82.1,447.0,clear,Lane 2
TRF-104080,2025-06-20 00:00:00,107,motorcycle,65.0,437.0,clear,Lane 3
TRF-104081,2025-06-20 01:00:00,106,car,47.9,873.0,clear,Lane 1
TRF-104082,2025-06-20 02:00:00,107,bus,55.7,64.0,rainy,Lane 2
TRF-104083,2025-06-20 03:00:00,101,van,26.6,560.0,cloudy,Lane 1
TRF-104084,2025-06-20 04:00:00,101,bus,38.8,919.0,clear,Lane 1
TRF-104085,2025-06-20 05:00:00,108,car,51.8,597.0,rainy,Lane 3
TRF-104086,2025-06-20 06:00:00,105,bike,23.3,258.0,rainy,Lane 3
TRF-104087,2025-06-20 07:00:00,105,motorcycle,56.4,1005.0,foggy,Lane 2
TRF-104088,2025-06-20 08:00:00,102,car,34.6,1030.0,foggy,Express Lane
TRF-104089,2025-06-20 09:00:00,104,van,40.9,834.0,clear,Express Lane
TRF-104090,2025-06-20 10:00:00,102,truck,60.8,593.0,cloudy,Express Lane
TRF-104091,2025-06-20 11:00:00,103,bus,38.0,944.0,snowy,Lane 2
TRF-104092,2025-06-20 12:00:00,101,bus,56.5,44.0,clear,Express Lane
TRF-104093,2025-06-20 13:00:00,107,truck,50.6,924.0,cloudy,Express Lane
TRF-104094,2025-06-20 14:00:00,106,van,28.9,883.0,snowy,Lane 3
TRF-104095,2025-06-20 15:00:00,101,car,63.9,369.0,rainy,Lane 3
TRF-104096,2025-06-20 16:00:00,101,bike,64.8,392.0,clear,Lane 2
TRF-104097,2025-06-20 17:00:00,102,bike,65.8,209.0,foggy,Express Lane
TRF-104098,2025-06-20 18:00:00,106,truck,82.3,618.0,cloudy,Lane 2
TRF-104099,2025-06-20 19:00:00,106,car,40.6,244.0,rainy,Express Lane
TRF-104100,2025-06-20 20:00:00,106,truck,12.9,1098.0,rainy,Lane 1
TRF-104101,2025-06-20 21:00:00,102,car,36.2,381.0,rainy,Lane 2
TRF-104102,2025-06-20 22:00:00,101,truck,65.3,50.0,rainy,Lane 3
TRF-104103,2025-06-20 23:00:00,102,bus,46.5,1018.0,foggy,Express Lane
TRF-104104,2025-06-21 00:00:00,105,van,22.7,594.0,foggy,Express Lane
TRF-104105,2025-06-21 01:00:00,105,car,17.7,698.0,cloudy,Lane 1
TRF-104106,2025-06-21 02:00:00,102,truck,73.6,973.0,foggy,Lane 1
TRF-104107,2025-06-21 03:00:00,106,car,59.0,398.0,foggy,Lane 1
TRF-104108,2025-06-21 04:00:00,108,van,39.1,688.0,clear,Lane 1
TRF-104109,2025-06-21 05:00:00,101,bike,81.9,723.0,foggy,Lane 1
TRF-104110,2025-06-21 06:00:00,102,truck,95.7,1052.0,clear,Lane 1
TRF-104111,2025-06-21 07:00:00,102,truck,66.6,388.0,clear,Express Lane
TRF-104112,2025-06-21 08:00:00,102,truck,61.6,532.0,clear,Lane 3
TRF-104113,2025-06-21 09:00:00,108,bike,57.5,61.0,rainy,Lane 3
TRF-104114,2025-06-21 10:00:00,108,truck,63.4,387.0,snowy,Lane 2
TRF-104115,2025-06-21 11:00:00,103,motorcycle,83.3,91.0,clear,Express Lane
TRF-104116,2025-06-21 12:00:00,105,car,30.5,481.0,snowy,Express Lane
TRF-104117,2025-06-21 13:00:00,107,truck,41.9,435.0,rainy,Lane 3
TRF-104118,2025-06-21 14:00:00,106,bus,47.1,1035.0,foggy,Lane 3
TRF-104119,2025-06-21 15:00:00,104,car,58.3,386.0,rainy,Lane 2
TRF-104120,2025-06-21 16:00:00,108,van,76.2,160.0,foggy,Lane 1
TRF-104121,2025-06-21 17:00:00,107,car,55.4,1075.0,clear,Express Lane
TRF-104122,2025-06-21 18:00:00,108,bike,59.3,625.0,rainy,Lane 3
TRF-104123,2025-06-21 19:00:00,106,truck,60.2,255.0,clear,Express Lane
TRF-104124,2025-06-21 20:00:00,104,bike,48.4,982.0,rainy,Lane 3
TRF-104125,2025-06-21 21:00:00,103,truck,40.5,423.0,rainy,Lane 1
TRF-104126,2025-06-21 22:00:00,102,car,49.3,900.0,rainy,Lane 1
TRF-104127,2025-06-21 23:00:00,103,car,36.2,116.0,snowy,Express Lane
TRF-104128,2025-06-22 00:00:00,108,car,36.5,552.0,clear,Lane 3
TRF-104129,2025-06-22 01:00:00,103,car,54.6,122.0,rainy,Express Lane
TRF-104130,2025-06-22 02:00:00,107,car,39.4,833.0,clear,Lane 1
TRF-104131,2025-06-22 03:00:00,101,car,81.2,182.0,clear,Express Lane
TRF-104132,2025-06-22 04:00:00,108,car,50.6,383.0,rainy,Lane 3
TRF-104133,2025-06-22 05:00:00,108,bus,72.5,908.0,rainy,Lane 1
TRF-104134,2025-06-22 06:00:00,107,bike,25.6,637.0,clear,Express Lane
TRF-104135,2025-06-22 07:00:00,105,truck,26.1,1012.0,foggy,Lane 2
TRF-104136,2025-06-22 08:00:00,104,truck,46.0,946.0,rainy,Express Lane
TRF-104137,2025-06-22 09:00:00,102,van,64.9,944.0,foggy,Express Lane
TRF-104138,2025-06-22 10:00:00,107,bus,39.2,438.0,foggy,Lane 3
TRF-104139,2025-06-22 11:00:00,104,truck,46.2,240.0,foggy,Lane 1
TRF-104140,2025-06-22 12:00:00,106,car,66.0,412.0,rainy,Lane 1
TRF-104141,2025-06-22 13:00:00,104,truck,41.0,900.0,rainy,Lane 2
TRF-104142,2025-06-22 14:00:00,106,car,34.4,1058.0,clear,Express Lane
TRF-104143,2025-06-22 15:00:00,107,car,60.8,440.0,cloudy,Express Lane
TRF-104144,2025-06-22 16:00:00,108,motorcycle,24.5,33.0,rainy,Express Lane
TRF-104145,2025-06-22 17:00:00,108,van,41.3,970.0,clear,Lane 1
TRF-104146,2025-06-22 18:00:00,105,truck,50.1,460.0,clear,Lane 1
TRF-104147,2025-06-22 19:00:00,107,bike,57.5,441.0,foggy,Express Lane
TRF-104148,2025-06-22 20:00:00,106,bike,62.8,64.0,rainy,Express Lane
TRF-104149,2025-06-22 21:00:00,104,truck,65.6,937.0,rainy,Lane 1
TRF-104150,2025-06-22 22:00:00,104,car,42.6,109.0,clear,Lane 3
TRF-104151,2025-06-22 23:00:00,106,truck,65.2,104.0,snowy,Lane 2
TRF-104152,2025-06-23 00:00:00,103,motorcycle,57.1,840.0,cloudy,Lane 2
TRF-104153,2025-06-23 01:00:00,105,bus,61.0,313.0,rainy,Lane 2
TRF-104154,2025-06-23 02:00:00,101,car,36.6,756.0,foggy,Lane 3
TRF-104155,2025-06-23 03:00:00,108,truck,60.0,366.0,foggy,Express Lane
TRF-104156,2025-06-23 04:00:00,102,truck,45.3,615.0,foggy,Lane 1
TRF-104157,2025-06-23 05:00:00,104,car,48.9,596.0,snowy,Lane 3
TRF-104158,2025-06-23 06:00:00,102,truck,51.0,112.0,cloudy,Lane 2
TRF-104159,2025-06-23 07:00:00,101,truck,86.0,347.0,rainy,Express Lane
TRF-104160,2025-06-23 08:00:00,107,car,31.5,904.0,foggy,Lane 2
TRF-104161,2025-06-23 09:00:00,102,car,69.4,708.0,snowy,Lane 2
TRF-104162,2025-06-23 10:00:00,101,truck,73.7,729.0,clear,Lane 3
TRF-104163,2025-06-23 11:00:00,108,truck,62.9,863.0,foggy,Express Lane
TRF-104164,2025-06-23 12:00:00,106,bike,38.4,984.0,rainy,Lane 3
TRF-104165,2025-06-23 13:00:00,103,bike,78.5,1016.0,rainy,Lane 1
TRF-104166,2025-06-23 14:00:00,108,motorcycle,42.0,48.0,clear,Lane 3
TRF-104167,2025-06-23 15:00:00,104,bus,60.4,843.0,snowy,Lane 1
TRF-104168,2025-06-23 16:00:00,101,bike,50.2,33.0,foggy,Lane 1
TRF-104169,2025-06-23 17:00:00,102,bus,41.4,496.0,foggy,Lane 1
TRF-104170,2025-06-23 18:00:00,104,car,57.8,219.0,snowy,Express Lane
TRF-104171,2025-06-23 19:00:00,103,truck,81.8,92.0,clear,Express Lane
TRF-104172,2025-06-23 20:00:00,106,truck,52.6,1043.0,cloudy,Lane 2
TRF-104173,2025-06-23 21:00:00,107,van,83.6,1055.0,clear,Lane 1
TRF-104174,2025-06-23 22:00:00,104,motorcycle,44.7,96.0,foggy,Express Lane
TRF-104175,2025-06-23 23:00:00,107,truck,49.4,907.0,clear,Lane 3
TRF-104176,2025-06-24 00:00:00,101,van,25.9,161.0,rainy,Lane 3
TRF-104177,2025-06-24 01:00:00,103,bus,38.0,634.0,clear,Express Lane
TRF-104178,2025-06-24 02:00:00,102,bus,44.1,970.0,clear,Express Lane
TRF-104179,2025-06-24 03:00:00,103,truck,42.1,1022.0,rainy,Lane 2
TRF-104180,2025-06-24 04:00:00,103,motorcycle,30.7,313.0,foggy,Lane 2
TRF-104181,2025-06-24 05:00:00,105,motorcycle,34.3,578.0,snowy,Lane 2
TRF-104182,2025-06-24 06:00:00,103,bike,42.8,1081.0,rainy,Lane 3
TRF-104183,2025-06-24 07:00:00,103,truck,69.4,931.0,clear,Lane 3
TRF-104184,2025-06-24 08:00:00,108,car,21.1,1062.0,rainy,Lane 1
TRF-104185,2025-06-24 09:00:00,104,car,10.5,931.0,clear,Lane 3
TRF-104186,2025-06-24 10:00:00,102,motorcycle,16.3,371.0,clear,Express Lane
TRF-104187,2025-06-24 11:00:00,108,bus,32.7,95.0,clear,Lane 2
TRF-104188,2025-06-24 12:00:00,108,van,59.5,636.0,clear,Lane 1
TRF-104189,2025-06-24 13:00:00,104,bus,41.6,775.0,clear,Lane 1
TRF-104190,2025-06-24 14:00:00,104,bus,41.3,561.0,foggy,Express Lane
TRF-104191,2025-06-24 15:00:00,101,bike,40.9,387.0,clear,Lane 2
TRF-104192,2025-06-24 16:00:00,104,van,14.2,405.0,clear,Lane 1
TRF-104193,2025-06-24 17:00:00,105,car,63.5,93.0,foggy,Lane 2
TRF-104194,2025-06-24 18:00:00,105,car,71.6,207.0,clear,Lane 2
TRF-104195,2025-06-24 19:00:00,108,van,42.0,264.0,cloudy,Lane 2
TRF-104196,2025-06-24 20:00:00,107,bike,49.5,894.0,cloudy,Lane 3
TRF-104197,2025-06-24 21:00:00,101,car,50.1,791.0,rainy,Lane 2
TRF-104198,2025-06-24 22:00:00,107,bike,28.8,69.0,foggy,Lane 2
TRF-104199,2025-06-24 23:00:00,107,bus,40.1,380.0,clear,Express Lane
TRF-104200,2025-06-25 00:00:00,108,truck,80.1,570.0,clear,Express Lane
TRF-104201,2025-06-25 01:00:00,106,bus,47.9,995.0,clear,Lane 1
TRF-104202,2025-06-25 02:00:00,108,motorcycle,52.0,991.0,cloudy,Lane 1
TRF-104203,2025-06-25 03:00:00,102,truck,35.5,860.0,cloudy,Lane 2
TRF-104204,2025-06-25 04:00:00,102,truck,40.3,59.0,clear,Express Lane
TRF-104205,2025-06-25 05:00:00,104,motorcycle,59.6,560.0,clear,Lane 1
TRF-104206,2025-06-25 06:00:00,104,motorcycle,32.9,75.0,snowy,Lane 3
TRF-104207,2025-06-25 07:00:00,106,bus,77.2,166.0,cloudy,Express Lane
TRF-104208,2025-06-25 08:00:00,104,truck,18.9,804.0,clear,Express Lane
TRF-104209,2025-06-25 09:00:00,102,truck,36.6,585.0,clear,Express Lane
TRF-104210,2025-06-25 10:00:00,107,truck,21.4,462.0,rainy,Lane 3
TRF-104211,2025-06-25 11:00:00,108,bike,71.8,876.0,rainy,Lane 1
TRF-104212,2025-06-25 12:00:00,103,truck,47.3,236.0,clear,Lane 1
TRF-104213,2025-06-25 13:00:00,105,motorcycle,42.8,475.0,rainy,Lane 1
TRF-104214,2025-06-25 14:00:00,103,car,55.2,360.0,rainy,Lane 1
TRF-104215,2025-06-25 15:00:00,103,car,73.2,625.0,foggy,Lane 1
TRF-104216,2025-06-25 16:00:00,102,truck,51.9,554.0,foggy,Express Lane
TRF-104217,2025-06-25 17:00:00,103,van,68.6,778.0,rainy,Lane 3
TRF-104218,2025-06-25 18:00:00,108,motorcycle,42.7,388.0,cloudy,Lane 2
TRF-104219,2025-06-25 19:00:00,106,bike,30.7,881.0,snowy,Lane 1
TRF-104220,2025-06-25 20:00:00,101,truck,52.2,560.0,foggy,Lane 2
TRF-104221,2025-06-25 21:00:00,104,bus,35.4,387.0,clear,Lane 1
TRF-104222,2025-06-25 22:00:00,101,bus,60.4,784.0,clear,Express Lane
TRF-104223,2025-06-25 23:00:00,107,bus,40.6,578.0,foggy,Express Lane
TRF-104224,2025-06-26 00:00:00,108,car,46.5,836.0,clear,Lane 2
TRF-104225,2025-06-26 01:00:00,108,motorcycle,7.7,81.0,rainy,Lane 1
TRF-104226,2025-06-26 02:00:00,105,car,45.8,342.0,cloudy,Lane 1
TRF-104227,2025-06-26 03:00:00,108,car,43.6,417.0,clear,Lane 3
TRF-104228,2025-06-26 04:00:00,104,car,68.9,168.0,clear,Lane 3
TRF-104229,2025-06-26 05:00:00,108,bike,47.9,48.0,clear,Express Lane
TRF-104230,2025-06-26 06:00:00,103,bus,48.4,350.0,foggy,Lane 3
TRF-104231,2025-06-26 07:00:00,105,bike,18.7,124.0,clear,Lane 3
TRF-104232,2025-06-26 08:00:00,104,car,40.1,159.0,cloudy,Express Lane
TRF-104233,2025-06-26 09:00:00,106,bus,69.0,560.0,cloudy,Lane 1
TRF-104234,2025-06-26 10:00:00,106,bike,44.4,289.0,cloudy,Lane 3
TRF-104235,2025-06-26 11:00:00,106,bus,28.8,1016.0,rainy,Lane 2
TRF-104236,2025-06-26 12:00:00,106,car,68.7,1092.0,foggy,Lane 3
TRF-104237,2025-06-26 13:00:00,103,truck,18.8,846.0,foggy,Express Lane
TRF-104238,2025-06-26 14:00:00,108,truck,46.0,183.0,clear,Lane 2
TRF-104239,2025-06-26 15:00:00,101,bus,58.0,582.0,clear,Express Lane
TRF-104240,2025-06-26 16:00:00,104,car,50.3,151.0,cloudy,Lane 2
TRF-104241,2025-06-26 17:00:00,103,car,25.7,786.0,clear,Lane 1
TRF-104242,2025-06-26 18:00:00,106,truck,31.3,576.0,snowy,Lane 3
TRF-104243,2025-06-26 19:00:00,107,car,35.4,429.0,foggy,Lane 3
TRF-104244,2025-06-26 20:00:00,108,car,62.1,1086.0,clear,Lane 2
TRF-104245,2025-06-26 21:00:00,101,truck,51.1,435.0,clear,Express Lane
TRF-104246,2025-06-26 22:00:00,107,bus,41.0,393.0,foggy,Express Lane
TRF-104247,2025-06-26 23:00:00,105,car,55.4,1009.0,snowy,Lane 2
TRF-104248,2025-06-27 00:00:00,107,car,34.5,192.0,clear,Lane 3
TRF-104249,2025-06-27 01:00:00,105,motorcycle,61.3,793.0,cloudy,Lane 2
TRF-104250,2025-06-27 02:00:00,105,van,56.1,580.0,clear,Lane 1
TRF-104251,2025-06-27 03:00:00,106,motorcycle,44.0,160.0,snowy,Lane 3
TRF-104252,2025-06-27 04:00:00,105,bus,45.1,682.0,rainy,Express Lane
TRF-104253,2025-06-27 05:00:00,102,car,41.8,1037.0,clear,Lane 1
TRF-104254,2025-06-27 06:00:00,104,truck,65.9,299.0,foggy,Lane 1
TRF-104255,2025-06-27 07:00:00,104,van,51.9,933.0,rainy,Lane 3
TRF-104256,2025-06-27 08:00:00,106,car,44.1,816.0,rainy,Express Lane
TRF-104257,2025-06-27 09:00:00,102,bus,30.5,394.0,snowy,Lane 3
TRF-104258,2025-06-27 10:00:00,107,bike,58.6,640.0,rainy,Lane 2
TRF-104259,2025-06-27 11:00:00,103,truck,57.8,961.0,clear,Lane 1
TRF-104260,2025-06-27 12:00:00,107,truck,38.5,618.0,clear,Lane 3
TRF-104261,2025-06-27 13:00:00,108,motorcycle,40.4,237.0,clear,Lane 3
TRF-104262,2025-06-27 14:00:00,103,truck,45.9,377.0,snowy,Lane 1
TRF-104263,2025-06-27 15:00:00,105,van,27.2,74.0,clear,Lane 2
TRF-104264,2025-06-27 16:00:00,101,bike,49.3,376.0,clear,Express Lane
TRF-104265,2025-06-27 17:00:00,103,car,18.4,743.0,cloudy,Lane 3
TRF-104266,2025-06-27 18:00:00,101,motorcycle,25.0,676.0,foggy,Lane 1
TRF-104267,2025-06-27 19:00:00,104,truck,38.8,398.0,clear,Lane 1
TRF-104268,2025-06-27 20:00:00,101,van,36.7,563.0,cloudy,Lane 2
TRF-104269,2025-06-27 21:00:00,104,bus,56.1,387.0,rainy,Lane 3
TRF-104270,2025-06-27 22:00:00,102,bus,53.1,524.0,rainy,Lane 1
TRF-104271,2025-06-27 23:00:00,102,truck,72.8,934.0,rainy,Lane 2
TRF-104272,2025-06-28 00:00:00,106,van,49.7,89.0,snowy,Lane 3
TRF-104273,2025-06-28 01:00:00,106,bus,51.7,327.0,clear,Express Lane
TRF-104274,2025-06-28 02:00:00,105,car,27.1,88.0,rainy,Express Lane
TRF-104275,2025-06-28 03:00:00,103,bus,27.1,260.0,clear,Lane 3
TRF-104276,2025-06-28 04:00:00,105,bike,49.2,826.0,snowy,Lane 3
TRF-104277,2025-06-28 05:00:00,104,truck,49.5,477.0,cloudy,Lane 3
TRF-104278,2025-06-28 06:00:00,105,bike,53.2,642.0,foggy,Lane 3
TRF-104279,2025-06-28 07:00:00,101,bike,70.9,397.0,snowy,Lane 2
TRF-104280,2025-06-28 08:00:00,104,bike,27.9,583.0,clear,Lane 1
TRF-104281,2025-06-28 09:00:00,106,truck,78.4,1082.0,snowy,Lane 2
TRF-104282,2025-06-28 10:00:00,102,car,21.2,1017.0,clear,Lane 1
TRF-104283,2025-06-28 11:00:00,106,truck,54.7,306.0,clear,Lane 2
TRF-104284,2025-06-28 12:00:00,103,car,47.9,638.0,rainy,Lane 3
TRF-104285,2025-06-28 13:00:00,104,car,61.0,732.0,cloudy,Lane 2
TRF-104286,2025-06-28 14:00:00,104,car,21.3,860.0,snowy,Lane 1
TRF-104287,2025-06-28 15:00:00,101,van,5.0,67.0,rainy,Express Lane
TRF-104288,2025-06-28 16:00:00,103,truck,50.6,318.0,clear,Lane 3
TRF-104289,2025-06-28 17:00:00,102,motorcycle,47.9,1004.0,foggy,Express Lane
TRF-104290,2025-06-28 18:00:00,107,truck,67.9,481.0,clear,Lane 1
TRF-104291,2025-06-28 19:00:00,104,truck,49.4,57.0,rainy,Lane 3
TRF-104292,2025-06-28 20:00:00,104,van,34.6,731.0,clear,Lane 3
TRF-104293,2025-06-28 21:00:00,101,car,38.3,786.0,cloudy,Lane 3
TRF-104294,2025-06-28 22:00:00,105,bike,105.9,363.0,snowy,Express Lane
TRF-104295,2025-06-28 23:00:00,108,motorcycle,47.9,590.0,foggy,Express Lane
TRF-104296,2025-06-29 00:00:00,102,bike,57.4,233.0,cloudy,Lane 1
TRF-104297,2025-06-29 01:00:00,106,bus,55.2,408.0,cloudy,Lane 1
TRF-104298,2025-06-29 02:00:00,103,bike,57.9,931.0,foggy,Lane 2
TRF-104299,2025-06-29 03:00:00,104,motorcycle,56.4,1073.0,cloudy,Lane 1
TRF-104300,2025-06-29 04:00:00,104,van,43.2,1037.0,foggy,Lane 2
TRF-104301,2025-06-29 05:00:00,106,bus,16.3,941.0,clear,Express Lane
TRF-104302,2025-06-29 06:00:00,102,bike,50.8,425.0,clear,Lane 1
TRF-104303,2025-06-29 07:00:00,108,car,47.8,382.0,rainy,Lane 3
TRF-104304,2025-06-29 08:00:00,105,car,50.2,543.0,clear,Lane 2
TRF-104305,2025-06-29 09:00:00,104,motorcycle,58.2,575.0,clear,Lane 2
TRF-104306,2025-06-29 10:00:00,108,car,40.6,311.0,clear,Lane 2
TRF-104307,2025-06-29 11:00:00,102,bus,36.8,702.0,clear,Express Lane
TRF-104308,2025-06-29 12:00:00,106,car,64.2,635.0,rainy,Lane 2
TRF-104309,2025-06-29 13:00:00,101,bus,42.1,789.0,clear,Lane 1
TRF-104310,2025-06-29 14:00:00,105,van,39.1,395.0,rainy,Lane 2
TRF-104311,2025-06-29 15:00:00,103,car,37.6,549.0,foggy,Lane 3
TRF-104312,2025-06-29 16:00:00,104,bus,58.7,139.0,rainy,Express Lane
TRF-104313,2025-06-29 17:00:00,102,bike,44.2,935.0,foggy,Express Lane
TRF-104314,2025-06-29 18:00:00,101,bike,87.8,982.0,snowy,Lane 1
TRF-104315,2025-06-29 19:00:00,103,bike,49.0,709.0,rainy,Lane 3
TRF-104316,2025-06-29 20:00:00,107,bus,26.3,988.0,foggy,Express Lane
TRF-104317,2025-06-29 21:00:00,102,truck,40.1,353.0,clear,Express Lane
TRF-104318,2025-06-29 22:00:00,102,bike,47.9,41.0,cloudy,Express Lane
TRF-104319,2025-06-29 23:00:00,103,motorcycle,37.2,1076.0,rainy,Lane 1
TRF-104320,2025-06-30 00:00:00,101,van,47.7,293.0,cloudy,Lane 1
TRF-104321,2025-06-30 01:00:00,107,car,65.6,409.0,clear,Express Lane
TRF-104322,2025-06-30 02:00:00,108,truck,68.3,109.0,rainy,Lane 2
TRF-104323,2025-06-30 03:00:00,108,truck,38.6,454.0,clear,Express Lane
TRF-104324,2025-06-30 04:00:00,106,bus,43.4,645.0,rainy,Lane 3
TRF-104325,2025-06-30 05:00:00,101,bus,49.7,465.0,clear,Lane 3
TRF-104326,2025-06-30 06:00:00,105,bus,72.2,951.0,cloudy,Express Lane
TRF-104327,2025-06-30 07:00:00,104,motorcycle,28.2,824.0,clear,Express Lane
TRF-104328,2025-06-30 08:00:00,103,motorcycle,54.5,1020.0,rainy,Express Lane
TRF-104329,2025-06-30 09:00:00,106,truck,49.0,481.0,foggy,Lane 3
TRF-104330,2025-06-30 10:00:00,107,truck,31.9,289.0,rainy,Lane 1
TRF-104331,2025-06-30 11:00:00,103,motorcycle,70.3,851.0,rainy,Lane 2
TRF-104332,2025-06-30 12:00:00,103,car,65.8,737.0,foggy,Lane 1
TRF-104333,2025-06-30 13:00:00,101,car,75.7,881.0,rainy,Lane 2
TRF-104334,2025-06-30 14:00:00,104,van,69.2,687.0,rainy,Lane 3
TRF-104335,2025-06-30 15:00:00,105,car,48.2,204.0,clear,Lane 3
TRF-104336,2025-06-30 16:00:00,108,truck,59.1,741.0,clear,Lane 3
TRF-104337,2025-06-30 17:00:00,102,van,54.0,614.0,snowy,Lane 3
TRF-104338,2025-06-30 18:00:00,102,car,47.9,215.0,foggy,Lane 1
TRF-104339,2025-06-30 19:00:00,103,bike,24.5,681.0,rainy,Lane 2
TRF-104340,2025-06-30 20:00:00,108,car,54.6,196.0,clear,Lane 3
TRF-104341,2025-06-30 21:00:00,108,car,49.7,172.0,rainy,Lane 2
TRF-104342,2025-06-30 22:00:00,104,car,41.9,560.0,cloudy,Lane 2
TRF-104343,2025-06-30 23:00:00,107,truck,46.3,101.0,rainy,Express Lane
TRF-104344,2025-07-01 00:00:00,107,bike,79.9,528.0,clear,Lane 1
TRF-104345,2025-07-01 01:00:00,106,car,8.8,176.0,clear,Lane 1
TRF-104346,2025-07-01 02:00:00,101,truck,59.5,920.0,foggy,Lane 1
TRF-104347,2025-07-01 03:00:00,104,bus,63.2,836.0,foggy,Lane 1
TRF-104348,2025-07-01 04:00:00,104,truck,65.4,875.0,rainy,Lane 2
TRF-104349,2025-07-01 05:00:00,101,car,23.2,920.0,clear,Lane 3
TRF-104350,2025-07-01 06:00:00,108,bus,42.7,842.0,foggy,Lane 3
TRF-104351,2025-07-01 07:00:00,107,van,41.8,1000.0,clear,Lane 2
TRF-104352,2025-07-01 08:00:00,107,bike,53.3,96.0,foggy,Lane 3
TRF-104353,2025-07-01 09:00:00,108,van,27.7,867.0,clear,Express Lane
TRF-104354,2025-07-01 10:00:00,107,bike,54.8,956.0,snowy,Lane 2
TRF-104355,2025-07-01 11:00:00,103,bus,32.1,370.0,foggy,Lane 2
TRF-104356,2025-07-01 12:00:00,104,bus,42.6,131.0,rainy,Express Lane
TRF-104357,2025-07-01 13:00:00,102,truck,72.2,981.0,clear,Express Lane
TRF-104358,2025-07-01 14:00:00,101,truck,63.2,936.0,clear,Lane 3
TRF-104359,2025-07-01 15:00:00,107,bus,50.2,371.0,foggy,Lane 1
TRF-104360,2025-07-01 16:00:00,106,bike,22.9,857.0,clear,Lane 1
TRF-104361,2025-07-01 17:00:00,107,motorcycle,54.0,708.0,snowy,Express Lane
TRF-104362,2025-07-01 18:00:00,107,motorcycle,55.2,163.0,cloudy,Lane 3
TRF-104363,2025-07-01 19:00:00,105,motorcycle,10.2,1083.0,rainy,Lane 1
TRF-104364,2025-07-01 20:00:00,103,motorcycle,54.3,904.0,cloudy,Express Lane
TRF-104365,2025-07-01 21:00:00,101,car,28.6,1025.0,clear,Lane 3
TRF-104366,2025-07-01 22:00:00,105,bus,21.4,414.0,rainy,Lane 3
TRF-104367,2025-07-01 23:00:00,105,van,27.8,627.0,rainy,Lane 3
TRF-104368,2025-07-02 00:00:00,106,bike,9.1,38.0,snowy,Lane 1
TRF-104369,2025-07-02 01:00:00,104,van,40.7,165.0,foggy,Lane 2
TRF-104370,2025-07-02 02:00:00,106,car,29.9,1005.0,foggy,Express Lane
TRF-104371,2025-07-02 03:00:00,104,truck,68.5,1008.0,rainy,Express Lane
TRF-104372,2025-07-02 04:00:00,104,truck,41.5,72.0,foggy,Lane 2
TRF-104373,2025-07-02 05:00:00,101,bus,35.0,1084.0,rainy,Lane 1
TRF-104374,2025-07-02 06:00:00,107,motorcycle,19.3,816.0,rainy,Lane 1
TRF-104375,2025-07-02 07:00:00,101,bus,40.3,142.0,foggy,Express Lane
TRF-104376,2025-07-02 08:00:00,103,truck,72.4,761.0,rainy,Lane 2
TRF-104377,2025-07-02 09:00:00,104,truck,75.9,41.0,rainy,Lane 2
TRF-104378,2025-07-02 10:00:00,105,car,41.4,901.0,cloudy,Lane 2
TRF-104379,2025-07-02 11:00:00,107,van,46.7,275.0,clear,Lane 2
TRF-104380,2025-07-02 12:00:00,102,truck,60.7,538.0,foggy,Lane 3
TRF-104381,2025-07-02 13:00:00,103,bike,29.5,73.0,snowy,Lane 3
TRF-104382,2025-07-02 14:00:00,101,car,54.6,636.0,foggy,Express Lane
TRF-104383,2025-07-02 15:00:00,106,bus,90.6,538.0,cloudy,Lane 2
TRF-104384,2025-07-02 16:00:00,103,motorcycle,61.8,337.0,rainy,Lane 3
TRF-104385,2025-07-02 17:00:00,103,bus,61.2,896.0,clear,Lane 2
TRF-104386,2025-07-02 18:00:00,107,bus,72.2,941.0,rainy,Lane 1
TRF-104387,2025-07-02 19:00:00,103,truck,64.3,65.0,snowy,Express Lane
TRF-104388,2025-07-02 20:00:00,103,car,43.4,740.0,foggy,Lane 3
TRF-104389,2025-07-02 21:00:00,102,bike,26.8,970.0,clear,Lane 3
TRF-104390,2025-07-02 22:00:00,108,bus,45.6,990.0,clear,Lane 1
TRF-104391,2025-07-02 23:00:00,106,truck,30.5,265.0,clear,Express Lane
TRF-104392,2025-07-03 00:00:00,106,truck,42.9,390.0,rainy,Lane 2
TRF-104393,2025-07-03 01:00:00,106,car,32.3,897.0,cloudy,Lane 3
TRF-104394,2025-07-03 02:00:00,104,bus,41.0,54.0,snowy,Lane 3
TRF-104395,2025-07-03 03:00:00,105,truck,21.3,844.0,clear,Lane 3
TRF-104396,2025-07-03 04:00:00,108,bus,35.5,981.0,clear,Lane 2
TRF-104397,2025-07-03 05:00:00,106,truck,55.3,1013.0,foggy,Lane 3
TRF-104398,2025-07-03 06:00:00,103,van,59.8,1054.0,rainy,Lane 1
TRF-104399,2025-07-03 07:00:00,103,bike,55.9,387.0,rainy,Express Lane
TRF-104400,2025-07-03 08:00:00,106,car,41.2,147.0,snowy,Lane 3
TRF-104401,2025-07-03 09:00:00,107,bike,50.2,508.0,clear,Express Lane
TRF-104402,2025-07-03 10:00:00,106,truck,83.0,706.0,snowy,Lane 1
TRF-104403,2025-07-03 11:00:00,103,car,35.0,488.0,rainy,Express Lane
TRF-104404,2025-07-03 12:00:00,104,car,76.9,142.0,rainy,Lane 1
TRF-104405,2025-07-03 13:00:00,101,car,22.0,1073.0,clear,Express Lane
TRF-104406,2025-07-03 14:00:00,101,car,17.2,487.0,snowy,Lane 2
TRF-104407,2025-07-03 15:00:00,108,car,45.3,669.0,foggy,Lane 2
TRF-104408,2025-07-03 16:00:00,108,car,47.3,605.0,snowy,Express Lane
TRF-104409,2025-07-03 17:00:00,106,bus,27.6,829.0,rainy,Lane 3
TRF-104410,2025-07-03 18:00:00,102,truck,42.1,432.0,foggy,Express Lane
TRF-104411,2025-07-03 19:00:00,106,truck,55.2,282.0,clear,Lane 1
TRF-104412,2025-07-03 20:00:00,107,bike,30.5,987.0,rainy,Express Lane
TRF-104413,2025-07-03 21:00:00,106,bus,66.3,691.0,clear,Lane 1
TRF-104414,2025-07-03 22:00:00,108,car,68.3,698.0,rainy,Lane 2
TRF-104415,2025-07-03 23:00:00,101,bike,70.4,757.0,rainy,Lane 3
TRF-104416,2025-07-04 00:00:00,103,car,31.7,641.0,clear,Lane 3
TRF-104417,2025-07-04 01:00:00,106,truck,34.0,1008.0,foggy,Lane 1
TRF-104418,2025-07-04 02:00:00,103,bike,44.9,708.0,rainy,Lane 3
TRF-104419,2025-07-04 03:00:00,103,car,43.1,598.0,clear,Express Lane
TRF-104420,2025-07-04 04:00:00,102,car,42.1,572.0,clear,Lane 3
TRF-104421,2025-07-04 05:00:00,103,van,61.6,548.0,rainy,Express Lane
TRF-104422,2025-07-04 06:00:00,101,bike,59.0,41.0,cloudy,Lane 1
TRF-104423,2025-07-04 07:00:00,104,van,32.3,39.0,clear,Express Lane
TRF-104424,2025-07-04 08:00:00,104,truck,27.5,186.0,snowy,Lane 2
TRF-104425,2025-07-04 09:00:00,105,bus,25.7,1041.0,rainy,Express Lane
TRF-104426,2025-07-04 10:00:00,107,motorcycle,32.2,754.0,foggy,Lane 3
TRF-104427,2025-07-04 11:00:00,106,van,63.2,170.0,rainy,Lane 2
TRF-104428,2025-07-04 12:00:00,107,bike,50.6,668.0,rainy,Lane 3
TRF-104429,2025-07-04 13:00:00,101,car,64.7,166.0,rainy,Lane 2
TRF-104430,2025-07-04 14:00:00,103,car,17.4,720.0,rainy,Lane 3
TRF-104431,2025-07-04 15:00:00,104,motorcycle,52.9,472.0,clear,Lane 3
TRF-104432,2025-07-04 16:00:00,107,truck,52.7,560.0,clear,Lane 3
TRF-104433,2025-07-04 17:00:00,101,bike,69.6,306.0,clear,Lane 3
TRF-104434,2025-07-04 18:00:00,104,van,40.6,962.0,foggy,Express Lane
TRF-104435,2025-07-04 19:00:00,103,van,39.4,670.0,rainy,Express Lane
TRF-104436,2025-07-04 20:00:00,107,truck,75.1,140.0,clear,Lane 3
TRF-104437,2025-07-04 21:00:00,104,van,44.9,1097.0,clear,Lane 1
TRF-104438,2025-07-04 22:00:00,106,bus,51.2,920.0,foggy,Lane 3
TRF-104439,2025-07-04 23:00:00,108,car,56.6,240.0,foggy,Lane 1
TRF-104440,2025-07-05 00:00:00,106,car,18.0,372.0,clear,Lane 3
TRF-104441,2025-07-05 01:00:00,105,truck,48.7,390.0,clear,Lane 2
TRF-104442,2025-07-05 02:00:00,105,car,25.6,440.0,clear,Express Lane
TRF-104443,2025-07-05 03:00:00,104,truck,46.4,788.0,clear,Lane 2
TRF-104444,2025-07-05 04:00:00,108,bike,42.7,537.0,clear,Lane 2
TRF-104445,2025-07-05 05:00:00,101,bus,38.9,261.0,cloudy,Express Lane
TRF-104446,2025-07-05 06:00:00,106,van,59.3,833.0,snowy,Express Lane
TRF-104447,2025-07-05 07:00:00,101,van,49.8,263.0,clear,Lane 1
TRF-104448,2025-07-05 08:00:00,108,car,28.9,549.0,rainy,Lane 1
TRF-104449,2025-07-05 09:00:00,101,car,28.3,331.0,snowy,Lane 2
TRF-104450,2025-07-05 10:00:00,108,car,63.1,129.0,foggy,Lane 1
TRF-104451,2025-07-05 11:00:00,104,motorcycle,47.3,282.0,clear,Lane 2
TRF-104452,2025-07-05 12:00:00,101,bike,22.4,337.0,clear,Lane 3
TRF-104453,2025-07-05 13:00:00,106,truck,40.5,823.0,cloudy,Lane 3
TRF-104454,2025-07-05 14:00:00,103,car,45.2,832.0,snowy,Lane 3
TRF-104455,2025-07-05 15:00:00,105,bus,25.8,416.0,foggy,Express Lane
TRF-104456,2025-07-05 16:00:00,103,van,36.5,161.0,snowy,Lane 3
TRF-104457,2025-07-05 17:00:00,101,car,64.5,250.0,rainy,Lane 1
TRF-104458,2025-07-05 18:00:00,103,car,92.8,91.0,rainy,Lane 2
TRF-104459,2025-07-05 19:00:00,106,bus,53.4,861.0,rainy,Lane 1
TRF-104460,2025-07-05 20:00:00,106,truck,23.6,761.0,foggy,Lane 2
TRF-104461,2025-07-05 21:00:00,101,car,44.1,432.0,clear,Lane 3
TRF-104462,2025-07-05 22:00:00,104,car,50.2,200.0,clear,Express Lane
TRF-104463,2025-07-05 23:00:00,103,car,47.9,43.0,clear,Lane 2
TRF-104464,2025-07-06 00:00:00,104,bike,62.6,299.0,clear,Lane 1
TRF-104465,2025-07-06 01:00:00,104,car,72.6,742.0,snowy,Lane 2
TRF-104466,2025-07-06 02:00:00,108,bike,48.0,901.0,rainy,Lane 3
TRF-104467,2025-07-06 03:00:00,102,car,48.3,658.0,clear,Express Lane
TRF-104468,2025-07-06 04:00:00,101,bus,14.0,560.0,foggy,Lane 1
TRF-104469,2025-07-06 05:00:00,105,car,29.8,733.0,snowy,Lane 1
TRF-104470,2025-07-06 06:00:00,106,truck,23.5,456.0,clear,Lane 2
TRF-104471,2025-07-06 07:00:00,106,motorcycle,32.9,145.0,rainy,Lane 3
TRF-104472,2025-07-06 08:00:00,101,car,27.3,265.0,foggy,Lane 2
TRF-104473,2025-07-06 09:00:00,108,car,28.5,42.0,clear,Lane 1
TRF-104474,2025-07-06 10:00:00,107,truck,67.6,97.0,cloudy,Lane 2
TRF-104475,2025-07-06 11:00:00,107,car,13.4,772.0,rainy,Lane 2
TRF-104476,2025-07-06 12:00:00,107,car,44.4,866.0,clear,Lane 3
TRF-104477,2025-07-06 13:00:00,108,bike,63.6,420.0,snowy,Lane 2
TRF-104478,2025-07-06 14:00:00,105,truck,47.9,133.0,foggy,Express Lane
TRF-104479,2025-07-06 15:00:00,106,bike,71.9,643.0,cloudy,Lane 3
TRF-104480,2025-07-06 16:00:00,101,truck,37.2,802.0,clear,Lane 2
TRF-104481,2025-07-06 17:00:00,108,car,79.5,333.0,foggy,Lane 3
TRF-104482,2025-07-06 18:00:00,106,truck,19.8,408.0,foggy,Lane 1
TRF-104483,2025-07-06 19:00:00,104,bus,71.9,117.0,clear,Lane 3
TRF-104484,2025-07-06 20:00:00,103,truck,31.9,659.0,clear,Lane 3
TRF-104485,2025-07-06 21:00:00,103,truck,74.0,654.0,clear,Express Lane
TRF-104486,2025-07-06 22:00:00,108,truck,39.6,395.0,foggy,Express Lane
TRF-104487,2025-07-06 23:00:00,106,truck,67.9,906.0,foggy,Lane 2
TRF-104488,2025-07-07 00:00:00,102,van,70.9,761.0,clear,Express Lane
TRF-104489,2025-07-07 01:00:00,105,bus,37.6,1028.0,foggy,Lane 2
TRF-104490,2025-07-07 02:00:00,107,bike,66.4,485.0,clear,Lane 1
TRF-104491,2025-07-07 03:00:00,105,bike,47.5,444.0,clear,Express Lane
TRF-104492,2025-07-07 04:00:00,105,truck,21.7,484.0,cloudy,Lane 3
TRF-104493,2025-07-07 05:00:00,108,truck,57.1,540.0,clear,Lane 1
TRF-104494,2025-07-07 06:00:00,104,bike,29.7,964.0,foggy,Lane 2
TRF-104495,2025-07-07 07:00:00,105,car,36.2,238.0,snowy,Lane 3
TRF-104496,2025-07-07 08:00:00,103,bus,31.9,400.0,rainy,Express Lane
TRF-104497,2025-07-07 09:00:00,104,bike,54.8,832.0,foggy,Lane 1
TRF-104498,2025-07-07 10:00:00,101,motorcycle,30.3,115.0,rainy,Lane 2
TRF-104499,2025-07-07 11:00:00,105,truck,25.9,676.0,clear,Lane 2
TRF-104500,2025-07-07 12:00:00,105,bus,29.2,850.0,cloudy,Express Lane
TRF-104501,2025-07-07 13:00:00,101,bus,35.2,324.0,clear,Express Lane
TRF-104502,2025-07-07 14:00:00,105,bus,56.9,535.0,clear,Lane 1
TRF-104503,2025-07-07 15:00:00,101,bike,64.4,856.0,cloudy,Lane 3
TRF-104504,2025-07-07 16:00:00,104,truck,64.1,146.0,clear,Lane 1
TRF-104505,2025-07-07 17:00:00,103,truck,47.4,678.0,rainy,Lane 2
TRF-104506,2025-07-07 18:00:00,101,truck,47.9,385.0,clear,Lane 3
TRF-104507,2025-07-07 19:00:00,102,truck,44.7,805.0,clear,Lane 3
TRF-104508,2025-07-07 20:00:00,108,car,56.0,1052.0,clear,Lane 1
TRF-104509,2025-07-07 21:00:00,108,bike,68.2,265.0,rainy,Lane 2
TRF-104510,2025-07-07 22:00:00,101,truck,45.3,971.0,cloudy,Lane 1
TRF-104511,2025-07-07 23:00:00,108,bus,57.6,98.0,rainy,Lane 1
TRF-104512,2025-07-08 00:00:00,105,truck,25.7,296.0,rainy,Lane 2
TRF-104513,2025-07-08 01:00:00,107,car,63.3,844.0,clear,Lane 3
TRF-104514,2025-07-08 02:00:00,107,truck,51.9,411.0,foggy,Express Lane
TRF-104515,2025-07-08 03:00:00,108,van,29.4,403.0,rainy,Lane 3
TRF-104516,2025-07-08 04:00:00,104,truck,47.9,714.0,snowy,Lane 1
TRF-104517,2025-07-08 05:00:00,106,car,25.7,535.0,foggy,Lane 3
TRF-104518,2025-07-08 06:00:00,104,motorcycle,7.1,266.0,snowy,Express Lane
TRF-104519,2025-07-08 07:00:00,106,car,63.2,354.0,rainy,Lane 2
TRF-104520,2025-07-08 08:00:00,107,truck,54.9,619.0,foggy,Lane 3
TRF-104521,2025-07-08 09:00:00,107,bus,26.2,819.0,clear,Express Lane
TRF-104522,2025-07-08 10:00:00,101,bus,54.4,783.0,snowy,Lane 2
TRF-104523,2025-07-08 11:00:00,103,van,69.1,761.0,snowy,Express Lane
TRF-104524,2025-07-08 12:00:00,102,car,52.7,50.0,snowy,Express Lane
TRF-104525,2025-07-08 13:00:00,104,truck,91.9,334.0,clear,Express Lane
TRF-104526,2025-07-08 14:00:00,105,truck,32.7,633.0,clear,Lane 3
TRF-104527,2025-07-08 15:00:00,106,truck,7.8,836.0,snowy,Lane 1
TRF-104528,2025-07-08 16:00:00,108,car,22.6,1039.0,foggy,Express Lane
TRF-104529,2025-07-08 17:00:00,105,van,6.7,474.0,foggy,Lane 2
TRF-104530,2025-07-08 18:00:00,103,bike,86.5,295.0,clear,Lane 2
TRF-104531,2025-07-08 19:00:00,106,truck,47.9,1026.0,rainy,Lane 2
TRF-104532,2025-07-08 20:00:00,104,bus,47.9,630.0,rainy,Lane 3
TRF-104533,2025-07-08 21:00:00,101,motorcycle,41.6,662.0,cloudy,Lane 1
TRF-104534,2025-07-08 22:00:00,105,truck,31.7,786.0,cloudy,Lane 3
TRF-104535,2025-07-08 23:00:00,103,bus,16.9,353.0,rainy,Express Lane
TRF-104536,2025-07-09 00:00:00,104,bike,40.9,118.0,rainy,Lane 1
TRF-104537,2025-07-09 01:00:00,107,bus,63.2,445.0,snowy,Lane 2
TRF-104538,2025-07-09 02:00:00,107,truck,44.0,711.0,foggy,Lane 3
TRF-104539,2025-07-09 03:00:00,104,motorcycle,19.2,434.0,rainy,Lane 2
TRF-104540,2025-07-09 04:00:00,104,bus,59.8,394.0,foggy,Lane 3
TRF-104541,2025-07-09 05:00:00,104,car,63.1,414.0,foggy,Express Lane
TRF-104542,2025-07-09 06:00:00,106,car,38.5,38.0,clear,Lane 1
TRF-104543,2025-07-09 07:00:00,104,bus,36.2,544.0,clear,Lane 1
TRF-104544,2025-07-09 08:00:00,105,truck,17.2,338.0,rainy,Lane 2
TRF-104545,2025-07-09 09:00:00,103,bus,59.3,199.0,snowy,Lane 1
TRF-104546,2025-07-09 10:00:00,106,bus,39.7,176.0,rainy,Express Lane
TRF-104547,2025-07-09 11:00:00,104,truck,5.0,109.0,foggy,Lane 3
TRF-104548,2025-07-09 12:00:00,102,bus,21.3,833.0,rainy,Lane 3
TRF-104549,2025-07-09 13:00:00,108,car,58.1,481.0,rainy,Lane 2
TRF-104550,2025-07-09 14:00:00,102,motorcycle,41.8,1007.0,rainy,Express Lane
TRF-104551,2025-07-09 15:00:00,103,van,27.6,836.0,snowy,Lane 2
TRF-104552,2025-07-09 16:00:00,107,motorcycle,49.0,786.0,clear,Lane 2
TRF-104553,2025-07-09 17:00:00,101,bus,32.9,324.0,clear,Express Lane
TRF-104554,2025-07-09 18:00:00,101,truck,36.4,642.0,clear,Lane 2
TRF-104555,2025-07-09 19:00:00,108,bus,43.1,912.0,foggy,Lane 3
TRF-104556,2025-07-09 20:00:00,107,truck,78.3,479.0,cloudy,Lane 2
TRF-104557,2025-07-09 21:00:00,106,van,78.3,98.0,foggy,Lane 1
TRF-104558,2025-07-09 22:00:00,106,bike,12.5,585.0,clear,Lane 1
TRF-104559,2025-07-09 23:00:00,106,car,46.8,938.0,clear,Lane 1
TRF-104560,2025-07-10 00:00:00,101,bus,21.9,529.0,clear,Express Lane
TRF-104561,2025-07-10 01:00:00,102,car,28.9,859.0,foggy,Lane 1
TRF-104562,2025-07-10 02:00:00,101,bike,14.5,531.0,cloudy,Express Lane
TRF-104563,2025-07-10 03:00:00,105,car,32.4,1003.0,snowy,Lane 2
TRF-104564,2025-07-10 04:00:00,104,bike,26.5,759.0,rainy,Lane 3
TRF-104565,2025-07-10 05:00:00,106,truck,66.5,930.0,clear,Lane 1
TRF-104566,2025-07-10 06:00:00,102,truck,32.8,689.0,cloudy,Express Lane
TRF-104567,2025-07-10 07:00:00,103,motorcycle,13.0,790.0,foggy,Lane 1
TRF-104568,2025-07-10 08:00:00,108,bus,47.9,83.0,rainy,Express Lane
TRF-104569,2025-07-10 09:00:00,103,bus,44.8,361.0,clear,Lane 1
TRF-104570,2025-07-10 10:00:00,104,van,43.3,988.0,rainy,Lane 1
TRF-104571,2025-07-10 11:00:00,102,bus,59.0,685.0,rainy,Lane 2
TRF-104572,2025-07-10 12:00:00,101,car,70.2,342.0,foggy,Lane 1
TRF-104573,2025-07-10 13:00:00,101,car,43.0,384.0,snowy,Express Lane
TRF-104574,2025-07-10 14:00:00,105,bus,52.8,254.0,clear,Lane 1
TRF-104575,2025-07-10 15:00:00,105,truck,43.5,643.0,rainy,Lane 1
TRF-104576,2025-07-10 16:00:00,101,bus,57.1,128.0,clear,Lane 3
TRF-104577,2025-07-10 17:00:00,103,truck,21.5,336.0,clear,Express Lane
TRF-104578,2025-07-10 18:00:00,108,car,59.1,824.0,foggy,Lane 3
TRF-104579,2025-07-10 19:00:00,106,truck,53.1,420.0,clear,Lane 1
TRF-104580,2025-07-10 20:00:00,103,car,30.7,403.0,foggy,Lane 3
TRF-104581,2025-07-10 21:00:00,108,car,87.8,233.0,foggy,Lane 1
TRF-104582,2025-07-10 22:00:00,105,truck,23.5,638.0,clear,Lane 1
TRF-104583,2025-07-10 23:00:00,104,car,53.9,662.0,clear,Lane 1
TRF-104584,2025-07-11 00:00:00,108,van,30.8,95.0,rainy,Express Lane
TRF-104585,2025-07-11 01:00:00,101,truck,58.4,160.0,foggy,Express Lane
TRF-104586,2025-07-11 02:00:00,105,car,84.0,808.0,clear,Lane 1
TRF-104587,2025-07-11 03:00:00,105,motorcycle,62.0,930.0,foggy,Lane 2
TRF-104588,2025-07-11 04:00:00,106,van,45.9,857.0,foggy,Lane 1
TRF-104589,2025-07-11 05:00:00,101,bus,64.7,121.0,foggy,Lane 3
TRF-104590,2025-07-11 06:00:00,106,car,37.4,768.0,snowy,Lane 2
TRF-104591,2025-07-11 07:00:00,101,truck,56.8,682.0,snowy,Lane 3
TRF-104592,2025-07-11 08:00:00,106,truck,49.6,83.0,foggy,Lane 2
TRF-104593,2025-07-11 09:00:00,108,motorcycle,26.1,687.0,cloudy,Lane 1
TRF-104594,2025-07-11 10:00:00,103,motorcycle,78.8,708.0,foggy,Express Lane
TRF-104595,2025-07-11 11:00:00,104,car,70.4,74.0,rainy,Express Lane
TRF-104596,2025-07-11 12:00:00,104,car,32.6,146.0,clear,Lane 1
TRF-104597,2025-07-11 13:00:00,101,bike,66.5,176.0,clear,Express Lane
TRF-104598,2025-07-11 14:00:00,102,van,26.8,688.0,rainy,Lane 1
TRF-104599,2025-07-11 15:00:00,107,car,56.3,1074.0,snowy,Lane 1
TRF-104600,2025-07-11 16:00:00,105,bike,48.9,565.0,foggy,Lane 2
TRF-104601,2025-07-11 17:00:00,105,bus,78.2,448.0,foggy,Lane 3
TRF-104602,2025-07-11 18:00:00,101,truck,54.0,1042.0,foggy,Lane 1
TRF-104603,2025-07-11 19:00:00,108,bike,20.2,600.0,rainy,Lane 1
TRF-104604,2025-07-11 20:00:00,106,bus,66.3,1027.0,clear,Lane 1
TRF-104605,2025-07-11 21:00:00,102,motorcycle,40.1,511.0,clear,Express Lane
TRF-104606,2025-07-11 22:00:00,103,truck,39.2,299.0,snowy,Lane 1
TRF-104607,2025-07-11 23:00:00,106,van,48.5,951.0,rainy,Lane 3
TRF-104608,2025-07-12 00:00:00,106,truck,37.7,721.0,clear,Lane 2
TRF-104609,2025-07-12 01:00:00,101,bus,80.3,841.0,cloudy,Express Lane
TRF-104610,2025-07-12 02:00:00,101,truck,62.5,271.0,clear,Express Lane
TRF-104611,2025-07-12 03:00:00,108,bus,27.4,960.0,cloudy,Express Lane
TRF-104612,2025-07-12 04:00:00,105,truck,34.9,427.0,snowy,Lane 1
TRF-104613,2025-07-12 05:00:00,101,bus,24.4,917.0,foggy,Lane 1
TRF-104614,2025-07-12 06:00:00,101,motorcycle,65.4,78.0,foggy,Lane 3
TRF-104615,2025-07-12 07:00:00,101,car,46.8,174.0,clear,Lane 3
TRF-104616,2025-07-12 08:00:00,108,car,30.4,946.0,clear,Lane 3
TRF-104617,2025-07-12 09:00:00,105,truck,76.3,427.0,rainy,Lane 2
TRF-104618,2025-07-12 10:00:00,103,car,57.1,800.0,rainy,Express Lane
TRF-104619,2025-07-12 11:00:00,103,car,51.3,700.0,clear,Lane 1
TRF-104620,2025-07-12 12:00:00,107,van,50.5,457.0,clear,Lane 3
TRF-104621,2025-07-12 13:00:00,107,bus,23.6,1070.0,snowy,Lane 2
TRF-104622,2025-07-12 14:00:00,101,bus,58.1,110.0,foggy,Lane 2
TRF-104623,2025-07-12 15:00:00,107,van,40.5,213.0,rainy,Lane 3
TRF-104624,2025-07-12 16:00:00,105,bus,63.7,496.0,rainy,Lane 1
TRF-104625,2025-07-12 17:00:00,108,truck,59.5,312.0,clear,Lane 3
TRF-104626,2025-07-12 18:00:00,103,car,46.9,119.0,foggy,Lane 3
TRF-104627,2025-07-12 19:00:00,106,bike,45.6,738.0,clear,Lane 3
TRF-104628,2025-07-12 20:00:00,103,motorcycle,77.9,671.0,cloudy,Lane 2
TRF-104629,2025-07-12 21:00:00,103,van,23.9,232.0,foggy,Lane 2
TRF-104630,2025-07-12 22:00:00,105,truck,37.7,628.0,foggy,Lane 2
TRF-104631,2025-07-12 23:00:00,107,bike,68.5,35.0,cloudy,Lane 2
TRF-104632,2025-07-13 00:00:00,106,motorcycle,74.7,386.0,clear,Lane 3
TRF-104633,2025-07-13 01:00:00,105,bus,45.5,84.0,rainy,Lane 1
TRF-104634,2025-07-13 02:00:00,101,van,35.4,176.0,snowy,Lane 2
TRF-104635,2025-07-13 03:00:00,108,bus,35.8,615.0,clear,Lane 3
TRF-104636,2025-07-13 04:00:00,104,car,22.2,1009.0,foggy,Express Lane
TRF-104637,2025-07-13 05:00:00,103,bus,84.0,765.0,clear,Express Lane
TRF-104638,2025-07-13 06:00:00,104,car,45.3,724.0,rainy,Lane 2
TRF-104639,2025-07-13 07:00:00,108,truck,56.4,883.0,cloudy,Express Lane
TRF-104640,2025-07-13 08:00:00,108,bike,56.6,277.0,cloudy,Lane 1
TRF-104641,2025-07-13 09:00:00,105,truck,74.7,161.0,foggy,Lane 3
TRF-104642,2025-07-13 10:00:00,105,bike,40.5,378.0,clear,Express Lane
TRF-104643,2025-07-13 11:00:00,105,truck,41.7,471.0,clear,Lane 1
TRF-104644,2025-07-13 12:00:00,104,motorcycle,63.0,285.0,cloudy,Lane 3
TRF-104645,2025-07-13 13:00:00,105,bus,15.7,534.0,clear,Express Lane
TRF-104646,2025-07-13 14:00:00,108,bike,74.8,445.0,clear,Lane 2
TRF-104647,2025-07-13 15:00:00,101,car,79.3,348.0,clear,Lane 2
TRF-104648,2025-07-13 16:00:00,105,car,52.4,345.0,snowy,Express Lane
TRF-104649,2025-07-13 17:00:00,102,bike,31.1,1015.0,clear,Lane 2
TRF-104650,2025-07-13 18:00:00,107,car,63.4,1027.0,clear,Lane 2
TRF-104651,2025-07-13 19:00:00,104,van,44.6,359.0,snowy,Lane 1
TRF-104652,2025-07-13 20:00:00,102,bus,50.6,830.0,foggy,Lane 3
TRF-104653,2025-07-13 21:00:00,105,bike,51.9,152.0,cloudy,Lane 2
TRF-104654,2025-07-13 22:00:00,108,truck,36.1,299.0,snowy,Express Lane
TRF-104655,2025-07-13 23:00:00,101,van,54.3,37.0,clear,Lane 2
TRF-104656,2025-07-14 00:00:00,103,car,21.7,759.0,foggy,Lane 1
TRF-104657,2025-07-14 01:00:00,106,bike,8.5,371.0,cloudy,Lane 1
TRF-104658,2025-07-14 02:00:00,107,truck,54.6,715.0,cloudy,Lane 2
TRF-104659,2025-07-14 03:00:00,106,bus,66.8,560.0,rainy,Express Lane
TRF-104660,2025-07-14 04:00:00,105,bus,38.8,365.0,foggy,Express Lane
TRF-104661,2025-07-14 05:00:00,107,bike,37.7,777.0,cloudy,Lane 1
TRF-104662,2025-07-14 06:00:00,107,bus,59.7,890.0,snowy,Express Lane
TRF-104663,2025-07-14 07:00:00,101,motorcycle,47.6,285.0,clear,Lane 1
TRF-104664,2025-07-14 08:00:00,107,van,37.8,145.0,foggy,Express Lane
TRF-104665,2025-07-14 09:00:00,104,truck,53.5,820.0,rainy,Lane 2
TRF-104666,2025-07-14 10:00:00,102,truck,48.1,79.0,cloudy,Lane 2
TRF-104667,2025-07-14 11:00:00,102,truck,25.5,584.0,cloudy,Lane 2
TRF-104668,2025-07-14 12:00:00,102,car,46.0,535.0,clear,Lane 2
TRF-104669,2025-07-14 13:00:00,104,truck,51.3,263.0,clear,Lane 3
TRF-104670,2025-07-14 14:00:00,106,bus,38.4,804.0,foggy,Express Lane
TRF-104671,2025-07-14 15:00:00,101,car,64.7,218.0,snowy,Lane 3
TRF-104672,2025-07-14 16:00:00,107,motorcycle,56.7,579.0,rainy,Express Lane
TRF-104673,2025-07-14 17:00:00,104,truck,43.0,553.0,cloudy,Lane 3
TRF-104674,2025-07-14 18:00:00,102,truck,50.4,850.0,foggy,Lane 1
TRF-104675,2025-07-14 19:00:00,105,motorcycle,41.2,43.0,foggy,Lane 1
TRF-104676,2025-07-14 20:00:00,103,car,44.0,996.0,clear,Express Lane
TRF-104677,2025-07-14 21:00:00,107,car,44.6,889.0,snowy,Lane 1
TRF-104678,2025-07-14 22:00:00,104,bus,16.1,462.0,rainy,Express Lane
TRF-104679,2025-07-14 23:00:00,108,bus,48.5,641.0,foggy,Express Lane
TRF-104680,2025-07-15 00:00:00,104,bus,53.7,491.0,clear,Lane 3
TRF-104681,2025-07-15 01:00:00,101,car,92.3,907.0,clear,Express Lane
TRF-104682,2025-07-15 02:00:00,101,truck,55.9,313.0,clear,Lane 1
TRF-104683,2025-07-15 03:00:00,104,van,36.2,652.0,foggy,Lane 3
TRF-104684,2025-07-15 04:00:00,102,bus,18.5,829.0,foggy,Lane 3
TRF-104685,2025-07-15 05:00:00,103,truck,29.0,746.0,clear,Lane 3
TRF-104686,2025-07-15 06:00:00,107,bike,39.0,563.0,rainy,Lane 3
TRF-104687,2025-07-15 07:00:00,101,car,39.3,711.0,foggy,Lane 1
TRF-104688,2025-07-15 08:00:00,107,bike,43.7,1050.0,cloudy,Lane 2
TRF-104689,2025-07-15 09:00:00,102,van,40.8,763.0,clear,Lane 1
TRF-104690,2025-07-15 10:00:00,107,bike,43.8,190.0,foggy,Express Lane
TRF-104691,2025-07-15 11:00:00,105,truck,40.4,203.0,cloudy,Lane 1
TRF-104692,2025-07-15 12:00:00,101,car,48.3,934.0,rainy,Express Lane
TRF-104693,2025-07-15 13:00:00,102,car,31.7,55.0,foggy,Lane 2
TRF-104694,2025-07-15 14:00:00,102,car,25.3,466.0,foggy,Lane 3
TRF-104695,2025-07-15 15:00:00,103,van,43.7,788.0,rainy,Lane 1
TRF-104696,2025-07-15 16:00:00,103,car,55.8,40.0,foggy,Lane 3
TRF-104697,2025-07-15 17:00:00,105,bus,27.9,648.0,foggy,Lane 3
TRF-104698,2025-07-15 18:00:00,102,car,37.7,1054.0,clear,Lane 3
TRF-104699,2025-07-15 19:00:00,106,truck,45.4,552.0,foggy,Lane 1
TRF-104700,2025-07-15 20:00:00,102,bus,44.9,117.0,foggy,Lane 2
TRF-104701,2025-07-15 21:00:00,103,truck,61.6,271.0,foggy,Lane 1
TRF-104702,2025-07-15 22:00:00,106,motorcycle,64.9,1038.0,cloudy,Lane 2
TRF-104703,2025-07-15 23:00:00,101,car,52.0,627.0,clear,Lane 2
TRF-104704,2025-07-16 00:00:00,101,van,69.8,140.0,rainy,Express Lane
TRF-104705,2025-07-16 01:00:00,107,truck,41.4,318.0,clear,Lane 2
TRF-104706,2025-07-16 02:00:00,104,truck,63.1,560.0,foggy,Express Lane
TRF-104707,2025-07-16 03:00:00,103,car,37.0,137.0,rainy,Lane 1
TRF-104708,2025-07-16 04:00:00,104,bike,53.3,830.0,clear,Lane 3
TRF-104709,2025-07-16 05:00:00,106,bike,59.6,766.0,clear,Lane 2
TRF-104710,2025-07-16 06:00:00,103,motorcycle,49.0,106.0,clear,Lane 3
TRF-104711,2025-07-16 07:00:00,105,car,30.6,232.0,rainy,Lane 2
TRF-104712,2025-07-16 08:00:00,102,car,17.9,880.0,clear,Express Lane
TRF-104713,2025-07-16 09:00:00,105,bike,58.0,829.0,foggy,Lane 1
TRF-104714,2025-07-16 10:00:00,106,bus,43.1,736.0,rainy,Express Lane
TRF-104715,2025-07-16 11:00:00,103,car,44.3,441.0,rainy,Express Lane
TRF-104716,2025-07-16 12:00:00,108,motorcycle,75.0,470.0,clear,Express Lane
TRF-104717,2025-07-16 13:00:00,106,van,31.0,82.0,rainy,Lane 1
TRF-104718,2025-07-16 14:00:00,108,bike,61.3,701.0,cloudy,Lane 1
TRF-104719,2025-07-16 15:00:00,102,car,34.7,38.0,cloudy,Lane 3
TRF-104720,2025-07-16 16:00:00,101,car,44.8,560.0,foggy,Lane 1
TRF-104721,2025-07-16 17:00:00,101,bike,28.5,112.0,clear,Express Lane
TRF-104722,2025-07-16 18:00:00,106,truck,34.6,1078.0,rainy,Express Lane
TRF-104723,2025-07-16 19:00:00,104,car,55.4,254.0,cloudy,Lane 1
TRF-104724,2025-07-16 20:00:00,103,truck,71.3,459.0,foggy,Lane 3
TRF-104725,2025-07-16 21:00:00,103,truck,55.6,864.0,foggy,Express Lane
TRF-104726,2025-07-16 22:00:00,101,motorcycle,53.5,924.0,clear,Lane 2
TRF-104727,2025-07-16 23:00:00,107,truck,93.9,789.0,clear,Lane 3
TRF-104728,2025-07-17 00:00:00,105,car,58.1,1024.0,cloudy,Express Lane
TRF-104729,2025-07-17 01:00:00,107,car,31.2,107.0,cloudy,Lane 2
TRF-104730,2025-07-17 02:00:00,102,car,17.7,386.0,snowy,Express Lane
TRF-104731,2025-07-17 03:00:00,105,truck,54.8,564.0,foggy,Express Lane
TRF-104732,2025-07-17 04:00:00,105,truck,22.7,703.0,foggy,Lane 1
TRF-104733,2025-07-17 05:00:00,106,car,30.0,600.0,snowy,Lane 2
TRF-104734,2025-07-17 06:00:00,101,motorcycle,53.5,607.0,rainy,Express Lane
TRF-104735,2025-07-17 07:00:00,107,bus,66.7,435.0,foggy,Lane 1
TRF-104736,2025-07-17 08:00:00,107,car,42.9,144.0,foggy,Lane 1
TRF-104737,2025-07-17 09:00:00,101,motorcycle,26.3,503.0,foggy,Express Lane
TRF-104738,2025-07-17 10:00:00,107,truck,45.4,783.0,cloudy,Lane 1
TRF-104739,2025-07-17 11:00:00,108,car,43.1,360.0,clear,Lane 3
TRF-104740,2025-07-17 12:00:00,101,car,50.1,754.0,rainy,Lane 3
TRF-104741,2025-07-17 13:00:00,106,car,26.4,1012.0,clear,Lane 3
TRF-104742,2025-07-17 14:00:00,104,car,32.9,117.0,foggy,Express Lane
TRF-104743,2025-07-17 15:00:00,105,bike,66.4,937.0,clear,Lane 3
TRF-104744,2025-07-17 16:00:00,106,bike,61.7,603.0,clear,Express Lane
TRF-104745,2025-07-17 17:00:00,103,bike,69.0,32.0,clear,Lane 3
TRF-104746,2025-07-17 18:00:00,102,truck,14.7,553.0,clear,Lane 1
TRF-104747,2025-07-17 19:00:00,104,van,32.0,535.0,rainy,Lane 1
TRF-104748,2025-07-17 20:00:00,103,car,65.8,675.0,clear,Lane 1
TRF-104749,2025-07-17 21:00:00,105,truck,58.7,113.0,snowy,Lane 1
TRF-104750,2025-07-17 22:00:00,107,bike,55.3,213.0,clear,Express Lane
TRF-104751,2025-07-17 23:00:00,101,motorcycle,41.5,198.0,rainy,Lane 2
TRF-104752,2025-07-18 00:00:00,105,van,36.8,137.0,foggy,Lane 3
TRF-104753,2025-07-18 01:00:00,106,bike,48.6,222.0,rainy,Lane 2
TRF-104754,2025-07-18 02:00:00,102,truck,39.9,881.0,rainy,Express Lane
TRF-104755,2025-07-18 03:00:00,106,car,57.5,301.0,clear,Lane 2
TRF-104756,2025-07-18 04:00:00,104,truck,48.7,585.0,cloudy,Lane 2
TRF-104757,2025-07-18 05:00:00,104,bus,30.5,935.0,foggy,Lane 3
TRF-104758,2025-07-18 06:00:00,102,bike,59.4,767.0,rainy,Express Lane
TRF-104759,2025-07-18 07:00:00,108,motorcycle,70.6,794.0,rainy,Lane 1
TRF-104760,2025-07-18 08:00:00,103,truck,71.8,774.0,foggy,Lane 1
TRF-104761,2025-07-18 09:00:00,103,car,60.1,800.0,cloudy,Lane 2
TRF-104762,2025-07-18 10:00:00,104,car,60.4,828.0,foggy,Lane 1
TRF-104763,2025-07-18 11:00:00,104,bus,27.1,145.0,clear,Express Lane
TRF-104764,2025-07-18 12:00:00,107,truck,35.9,990.0,clear,Lane 3
TRF-104765,2025-07-18 13:00:00,101,truck,45.0,1058.0,cloudy,Express Lane
TRF-104766,2025-07-18 14:00:00,107,truck,58.7,802.0,clear,Lane 1
TRF-104767,2025-07-18 15:00:00,107,truck,37.2,95.0,snowy,Lane 1
TRF-104768,2025-07-18 16:00:00,108,van,42.5,556.0,cloudy,Lane 3
TRF-104769,2025-07-18 17:00:00,103,truck,58.1,478.0,clear,Express Lane
TRF-104770,2025-07-18 18:00:00,108,car,50.5,130.0,snowy,Lane 2
TRF-104771,2025-07-18 19:00:00,108,truck,54.0,759.0,rainy,Lane 2
TRF-104772,2025-07-18 20:00:00,102,car,34.0,583.0,clear,Express Lane
TRF-104773,2025-07-18 21:00:00,103,car,42.2,95.0,rainy,Express Lane
TRF-104774,2025-07-18 22:00:00,101,truck,39.5,149.0,clear,Express Lane
TRF-104775,2025-07-18 23:00:00,106,truck,48.0,274.0,clear,Lane 3
TRF-104776,2025-07-19 00:00:00,104,bike,40.2,418.0,clear,Lane 2
TRF-104777,2025-07-19 01:00:00,104,truck,37.8,316.0,clear,Lane 2
TRF-104778,2025-07-19 02:00:00,101,motorcycle,50.3,829.0,rainy,Lane 2
TRF-104779,2025-07-19 03:00:00,108,truck,85.7,560.0,foggy,Lane 2
TRF-104780,2025-07-19 04:00:00,107,truck,58.5,447.0,rainy,Lane 3
TRF-104781,2025-07-19 05:00:00,102,truck,16.0,999.0,cloudy,Lane 2
TRF-104782,2025-07-19 06:00:00,108,motorcycle,54.3,380.0,snowy,Express Lane
TRF-104783,2025-07-19 07:00:00,104,truck,38.7,184.0,cloudy,Lane 2
TRF-104784,2025-07-19 08:00:00,105,van,47.9,232.0,cloudy,Lane 3
TRF-104785,2025-07-19 09:00:00,107,truck,60.7,994.0,clear,Lane 1
TRF-104786,2025-07-19 10:00:00,104,truck,49.4,469.0,clear,Lane 3
TRF-104787,2025-07-19 11:00:00,105,bike,92.8,408.0,clear,Lane 2
TRF-104788,2025-07-19 12:00:00,108,car,45.9,77.0,cloudy,Lane 3
TRF-104789,2025-07-19 13:00:00,101,motorcycle,43.9,258.0,cloudy,Lane 3
TRF-104790,2025-07-19 14:00:00,101,bike,69.5,1019.0,rainy,Lane 3
TRF-104791,2025-07-19 15:00:00,107,truck,48.4,710.0,foggy,Lane 3
TRF-104792,2025-07-19 16:00:00,104,bike,29.0,1075.0,clear,Express Lane
TRF-104793,2025-07-19 17:00:00,103,truck,32.1,927.0,rainy,Lane 1
TRF-104794,2025-07-19 18:00:00,105,bike,42.1,998.0,foggy,Lane 3
TRF-104795,2025-07-19 19:00:00,102,van,59.8,984.0,foggy,Lane 2
TRF-104796,2025-07-19 20:00:00,104,bike,70.9,675.0,clear,Express Lane
TRF-104797,2025-07-19 21:00:00,102,truck,62.4,40.0,foggy,Lane 1
TRF-104798,2025-07-19 22:00:00,104,van,58.2,1080.0,clear,Express Lane
TRF-104799,2025-07-19 23:00:00,103,bike,47.9,485.0,clear,Lane 3
TRF-104800,2025-07-20 00:00:00,103,car,59.2,1084.0,rainy,Lane 2
TRF-104801,2025-07-20 01:00:00,107,car,31.7,632.0,rainy,Lane 2
TRF-104802,2025-07-20 02:00:00,107,truck,44.0,994.0,clear,Express Lane
TRF-104803,2025-07-20 03:00:00,103,truck,38.7,620.0,clear,Lane 2
TRF-104804,2025-07-20 04:00:00,106,truck,70.7,543.0,foggy,Lane 2
TRF-104805,2025-07-20 05:00:00,103,bike,30.8,428.0,clear,Lane 1
TRF-104806,2025-07-20 06:00:00,101,van,31.2,416.0,clear,Lane 2
TRF-104807,2025-07-20 07:00:00,101,bus,51.1,647.0,cloudy,Lane 2
TRF-104808,2025-07-20 08:00:00,106,truck,82.7,167.0,foggy,Express Lane
TRF-104809,2025-07-20 09:00:00,108,truck,61.2,682.0,clear,Express Lane
TRF-104810,2025-07-20 10:00:00,105,motorcycle,66.8,511.0,clear,Express Lane
TRF-104811,2025-07-20 11:00:00,108,bike,28.1,329.0,cloudy,Lane 2
TRF-104812,2025-07-20 12:00:00,102,motorcycle,60.0,61.0,clear,Express Lane
TRF-104813,2025-07-20 13:00:00,108,truck,28.0,486.0,clear,Lane 2
TRF-104814,2025-07-20 14:00:00,104,bike,61.2,571.0,foggy,Lane 1
TRF-104815,2025-07-20 15:00:00,108,bike,19.7,73.0,clear,Lane 3
TRF-104816,2025-07-20 16:00:00,104,van,41.9,576.0,clear,Lane 3
TRF-104817,2025-07-20 17:00:00,106,bike,11.0,1013.0,foggy,Lane 3
TRF-104818,2025-07-20 18:00:00,101,car,32.1,453.0,snowy,Express Lane
TRF-104819,2025-07-20 19:00:00,107,van,22.4,74.0,snowy,Lane 1
TRF-104820,2025-07-20 20:00:00,104,bus,59.7,409.0,clear,Lane 3
TRF-104821,2025-07-20 21:00:00,101,truck,49.7,526.0,rainy,Lane 2
TRF-104822,2025-07-20 22:00:00,105,truck,39.6,913.0,clear,Lane 1
TRF-104823,2025-07-20 23:00:00,102,truck,50.1,988.0,clear,Express Lane
TRF-104824,2025-07-21 00:00:00,105,van,33.0,167.0,cloudy,Lane 3
TRF-104825,2025-07-21 01:00:00,106,car,53.8,437.0,clear,Lane 3
TRF-104826,2025-07-21 02:00:00,108,bus,46.6,214.0,clear,Lane 3
TRF-104827,2025-07-21 03:00:00,108,van,89.1,518.0,foggy,Lane 1
TRF-104828,2025-07-21 04:00:00,103,car,77.4,47.0,rainy,Lane 1
TRF-104829,2025-07-21 05:00:00,103,car,64.9,664.0,snowy,Lane 2
TRF-104830,2025-07-21 06:00:00,103,car,53.3,200.0,clear,Lane 1
TRF-104831,2025-07-21 07:00:00,105,bike,55.6,429.0,clear,Lane 1
TRF-104832,2025-07-21 08:00:00,104,motorcycle,70.3,939.0,rainy,Lane 2
TRF-104833,2025-07-21 09:00:00,102,van,53.2,268.0,clear,Lane 3
TRF-104834,2025-07-21 10:00:00,103,van,54.3,349.0,cloudy,Lane 3
TRF-104835,2025-07-21 11:00:00,106,bus,37.6,551.0,foggy,Lane 1
TRF-104836,2025-07-21 12:00:00,106,van,35.6,557.0,clear,Lane 2
TRF-104837,2025-07-21 13:00:00,103,truck,46.1,506.0,clear,Lane 3
TRF-104838,2025-07-21 14:00:00,108,truck,5.0,788.0,cloudy,Express Lane
TRF-104839,2025-07-21 15:00:00,103,bike,47.5,71.0,cloudy,Express Lane
TRF-104840,2025-07-21 16:00:00,102,truck,43.6,263.0,cloudy,Lane 2
TRF-104841,2025-07-21 17:00:00,103,truck,63.8,585.0,foggy,Lane 2
TRF-104842,2025-07-21 18:00:00,102,bike,70.0,466.0,foggy,Lane 1
TRF-104843,2025-07-21 19:00:00,106,car,94.3,705.0,snowy,Express Lane
TRF-104844,2025-07-21 20:00:00,103,motorcycle,58.4,772.0,clear,Lane 3
TRF-104845,2025-07-21 21:00:00,105,truck,50.7,937.0,clear,Lane 2
TRF-104846,2025-07-21 22:00:00,107,bike,37.8,832.0,rainy,Express Lane
TRF-104847,2025-07-21 23:00:00,105,bus,29.1,880.0,snowy,Lane 3
TRF-104848,2025-07-22 00:00:00,106,bike,64.5,1026.0,snowy,Express Lane
TRF-104849,2025-07-22 01:00:00,102,truck,47.5,875.0,foggy,Lane 3
TRF-104850,2025-07-22 02:00:00,105,truck,55.6,539.0,foggy,Express Lane
TRF-104851,2025-07-22 03:00:00,102,motorcycle,48.3,51.0,cloudy,Lane 3
TRF-104852,2025-07-22 04:00:00,105,car,48.8,1037.0,rainy,Lane 3
TRF-104853,2025-07-22 05:00:00,105,truck,51.9,271.0,clear,Lane 2
TRF-104854,2025-07-22 06:00:00,102,bike,55.6,872.0,clear,Lane 3
TRF-104855,2025-07-22 07:00:00,104,car,64.9,607.0,foggy,Lane 2
TRF-104856,2025-07-22 08:00:00,105,car,25.8,482.0,clear,Express Lane
TRF-104857,2025-07-22 09:00:00,103,truck,58.5,536.0,clear,Lane 1
TRF-104858,2025-07-22 10:00:00,107,bus,24.8,242.0,rainy,Lane 1
TRF-104859,2025-07-22 11:00:00,106,truck,60.6,1022.0,snowy,Express Lane
TRF-104860,2025-07-22 12:00:00,104,motorcycle,53.8,438.0,rainy,Lane 2
TRF-104861,2025-07-22 13:00:00,102,car,46.6,651.0,clear,Lane 1
TRF-104862,2025-07-22 14:00:00,104,bus,47.3,588.0,foggy,Lane 1
TRF-104863,2025-07-22 15:00:00,101,bus,50.5,901.0,cloudy,Lane 3
TRF-104864,2025-07-22 16:00:00,101,car,67.6,697.0,rainy,Lane 2
TRF-104865,2025-07-22 17:00:00,105,motorcycle,66.0,621.0,clear,Lane 2
TRF-104866,2025-07-22 18:00:00,105,car,63.9,1098.0,clear,Lane 3
TRF-104867,2025-07-22 19:00:00,103,bike,23.8,736.0,clear,Express Lane
TRF-104868,2025-07-22 20:00:00,107,bike,58.4,752.0,clear,Lane 1
TRF-104869,2025-07-22 21:00:00,106,motorcycle,5.0,809.0,clear,Lane 3
TRF-104870,2025-07-22 22:00:00,104,car,9.6,536.0,foggy,Express Lane
TRF-104871,2025-07-22 23:00:00,101,bike,68.2,479.0,clear,Express Lane
TRF-104872,2025-07-23 00:00:00,105,truck,22.0,560.0,clear,Lane 2
TRF-104873,2025-07-23 01:00:00,108,bike,44.8,567.0,rainy,Express Lane
TRF-104874,2025-07-23 02:00:00,108,truck,73.3,560.0,cloudy,Lane 3
TRF-104875,2025-07-23 03:00:00,106,car,58.5,745.0,rainy,Lane 2
TRF-104876,2025-07-23 04:00:00,104,car,54.7,429.0,foggy,Lane 2
TRF-104877,2025-07-23 05:00:00,105,truck,47.0,613.0,foggy,Lane 1
TRF-104878,2025-07-23 06:00:00,105,car,50.3,950.0,clear,Lane 2
TRF-104879,2025-07-23 07:00:00,101,bike,36.7,368.0,clear,Express Lane
TRF-104880,2025-07-23 08:00:00,101,bike,39.4,486.0,snowy,Express Lane
TRF-104881,2025-07-23 09:00:00,105,van,49.6,674.0,foggy,Express Lane
TRF-104882,2025-07-23 10:00:00,102,motorcycle,52.2,311.0,clear,Lane 1
TRF-104883,2025-07-23 11:00:00,105,truck,45.2,560.0,snowy,Lane 3
TRF-104884,2025-07-23 12:00:00,106,bike,7.7,192.0,snowy,Lane 1
TRF-104885,2025-07-23 13:00:00,105,bus,76.2,872.0,foggy,Lane 3
TRF-104886,2025-07-23 14:00:00,103,bus,64.9,190.0,rainy,Express Lane
TRF-104887,2025-07-23 15:00:00,107,car,44.3,284.0,clear,Lane 3
TRF-104888,2025-07-23 16:00:00,103,car,65.4,441.0,clear,Express Lane
TRF-104889,2025-07-23 17:00:00,103,truck,41.5,743.0,clear,Express Lane
TRF-104890,2025-07-23 18:00:00,102,car,53.7,65.0,clear,Express Lane
TRF-104891,2025-07-23 19:00:00,102,car,13.4,759.0,foggy,Lane 3
TRF-104892,2025-07-23 20:00:00,108,truck,52.6,499.0,rainy,Lane 2
TRF-104893,2025-07-23 21:00:00,105,truck,42.9,338.0,rainy,Lane 1
TRF-104894,2025-07-23 22:00:00,103,truck,51.9,510.0,clear,Express Lane
TRF-104895,2025-07-23 23:00:00,102,van,78.8,733.0,foggy,Lane 3
TRF-104896,2025-07-24 00:00:00,101,bike,47.7,818.0,snowy,Lane 3
TRF-104897,2025-07-24 01:00:00,105,car,39.8,320.0,clear,Lane 1
TRF-104898,2025-07-24 02:00:00,106,bike,40.0,459.0,foggy,Lane 3
TRF-104899,2025-07-24 03:00:00,107,car,22.5,627.0,rainy,Lane 2
TRF-104900,2025-07-24 04:00:00,104,car,55.3,461.0,clear,Lane 1
TRF-104901,2025-07-24 05:00:00,105,bike,57.6,675.0,rainy,Lane 3
TRF-104902,2025-07-24 06:00:00,104,bike,49.2,534.0,cloudy,Lane 1
TRF-104903,2025-07-24 07:00:00,103,motorcycle,64.6,702.0,clear,Lane 2
TRF-104904,2025-07-24 08:00:00,107,motorcycle,64.7,836.0,snowy,Lane 2
TRF-104905,2025-07-24 09:00:00,104,car,49.3,70.0,cloudy,Lane 3
TRF-104906,2025-07-24 10:00:00,103,truck,58.5,413.0,snowy,Lane 1
TRF-104907,2025-07-24 11:00:00,101,bus,87.1,915.0,cloudy,Lane 2
TRF-104908,2025-07-24 12:00:00,104,van,33.2,212.0,rainy,Express Lane
TRF-104909,2025-07-24 13:00:00,107,truck,61.9,793.0,cloudy,Lane 1
TRF-104910,2025-07-24 14:00:00,108,car,49.6,1093.0,foggy,Express Lane
TRF-104911,2025-07-24 15:00:00,105,bus,66.8,167.0,rainy,Express Lane
TRF-104912,2025-07-24 16:00:00,103,bike,33.7,364.0,clear,Lane 1
TRF-104913,2025-07-24 17:00:00,105,bike,51.6,167.0,foggy,Lane 3
TRF-104914,2025-07-24 18:00:00,107,car,35.8,517.0,clear,Lane 2
TRF-104915,2025-07-24 19:00:00,102,truck,16.2,605.0,foggy,Lane 3
TRF-104916,2025-07-24 20:00:00,103,bike,73.3,658.0,clear,Lane 1
TRF-104917,2025-07-24 21:00:00,104,car,40.2,927.0,clear,Express Lane
TRF-104918,2025-07-24 22:00:00,103,car,32.8,438.0,rainy,Express Lane
TRF-104919,2025-07-24 23:00:00,105,truck,37.6,1062.0,snowy,Express Lane
TRF-104920,2025-07-25 00:00:00,101,bike,80.8,888.0,clear,Lane 3
TRF-104921,2025-07-25 01:00:00,103,motorcycle,71.6,248.0,rainy,Lane 3
TRF-104922,2025-07-25 02:00:00,104,car,44.1,871.0,clear,Express Lane
TRF-104923,2025-07-25 03:00:00,102,bike,63.5,379.0,rainy,Lane 2
TRF-104924,2025-07-25 04:00:00,108,motorcycle,28.6,434.0,cloudy,Lane 1
TRF-104925,2025-07-25 05:00:00,106,car,57.4,72.0,rainy,Lane 3
TRF-104926,2025-07-25 06:00:00,101,motorcycle,40.2,287.0,clear,Express Lane
TRF-104927,2025-07-25 07:00:00,108,bike,55.8,881.0,foggy,Express Lane
TRF-104928,2025-07-25 08:00:00,102,bike,23.3,1098.0,rainy,Lane 1
TRF-104929,2025-07-25 09:00:00,103,bike,37.3,1043.0,foggy,Lane 3
TRF-104930,2025-07-25 10:00:00,105,bus,51.3,464.0,snowy,Lane 2
TRF-104931,2025-07-25 11:00:00,107,bike,51.1,559.0,clear,Lane 3
TRF-104932,2025-07-25 12:00:00,105,truck,21.7,98.0,clear,Lane 2
TRF-104933,2025-07-25 13:00:00,108,bus,30.5,1078.0,clear,Lane 3
TRF-104934,2025-07-25 14:00:00,104,car,55.6,597.0,clear,Lane 3
TRF-104935,2025-07-25 15:00:00,105,bus,53.5,542.0,clear,Lane 2
TRF-104936,2025-07-25 16:00:00,101,truck,59.8,212.0,foggy,Lane 3
TRF-104937,2025-07-25 17:00:00,105,bike,51.4,83.0,clear,Express Lane
TRF-104938,2025-07-25 18:00:00,104,truck,29.0,189.0,foggy,Express Lane
TRF-104939,2025-07-25 19:00:00,106,car,41.6,767.0,rainy,Lane 3
TRF-104940,2025-07-25 20:00:00,103,truck,47.9,293.0,clear,Lane 2
TRF-104941,2025-07-25 21:00:00,107,truck,30.0,650.0,foggy,Lane 3
TRF-104942,2025-07-25 22:00:00,108,bus,27.7,1035.0,clear,Express Lane
TRF-104943,2025-07-25 23:00:00,103,bus,42.5,1097.0,snowy,Express Lane
TRF-104944,2025-07-26 00:00:00,105,truck,52.9,230.0,rainy,Express Lane
TRF-104945,2025-07-26 01:00:00,102,motorcycle,14.8,176.0,foggy,Lane 1
TRF-104946,2025-07-26 02:00:00,103,car,43.6,740.0,rainy,Express Lane
TRF-104947,2025-07-26 03:00:00,106,bike,57.3,576.0,foggy,Lane 3
TRF-104948,2025-07-26 04:00:00,105,bike,60.9,901.0,clear,Express Lane
TRF-104949,2025-07-26 05:00:00,107,car,29.9,604.0,snowy,Express Lane
TRF-104950,2025-07-26 06:00:00,104,car,54.7,111.0,snowy,Lane 2
TRF-104951,2025-07-26 07:00:00,106,car,65.9,292.0,foggy,Lane 3
TRF-104952,2025-07-26 08:00:00,105,van,58.9,952.0,cloudy,Express Lane
TRF-104953,2025-07-26 09:00:00,106,car,40.6,1092.0,cloudy,Lane 1
TRF-104954,2025-07-26 10:00:00,103,truck,5.1,560.0,rainy,Express Lane
TRF-104955,2025-07-26 11:00:00,107,bus,51.8,52.0,rainy,Express Lane
TRF-104956,2025-07-26 12:00:00,104,truck,76.4,332.0,snowy,Lane 1
TRF-104957,2025-07-26 13:00:00,105,bike,62.8,235.0,clear,Lane 3
TRF-104958,2025-07-26 14:00:00,101,bike,61.6,124.0,snowy,Lane 3
TRF-104959,2025-07-26 15:00:00,108,motorcycle,51.0,504.0,foggy,Express Lane
TRF-104960,2025-07-26 16:00:00,104,bike,64.1,166.0,clear,Lane 2
TRF-104961,2025-07-26 17:00:00,101,car,53.5,180.0,rainy,Express Lane
TRF-104962,2025-07-26 18:00:00,106,car,47.9,732.0,foggy,Lane 3
TRF-104963,2025-07-26 19:00:00,102,motorcycle,64.0,231.0,clear,Lane 2
TRF-104964,2025-07-26 20:00:00,104,truck,32.5,972.0,foggy,Lane 1
TRF-104965,2025-07-26 21:00:00,106,truck,49.2,103.0,clear,Express Lane
TRF-104966,2025-07-26 22:00:00,101,bike,61.3,578.0,clear,Lane 1
TRF-104967,2025-07-26 23:00:00,103,bike,34.5,666.0,cloudy,Lane 1
TRF-104968,2025-07-27 00:00:00,103,bike,30.3,1029.0,snowy,Express Lane
TRF-104969,2025-07-27 01:00:00,102,car,56.6,1027.0,clear,Lane 1
TRF-104970,2025-07-27 02:00:00,108,car,28.0,1054.0,clear,Express Lane
TRF-104971,2025-07-27 03:00:00,104,car,44.5,320.0,clear,Lane 3
TRF-104972,2025-07-27 04:00:00,104,truck,68.3,100.0,foggy,Lane 3
TRF-104973,2025-07-27 05:00:00,104,truck,77.3,137.0,cloudy,Lane 2
TRF-104974,2025-07-27 06:00:00,108,bike,15.9,627.0,cloudy,Lane 2
TRF-104975,2025-07-27 07:00:00,106,truck,44.1,1078.0,clear,Lane 1
TRF-104976,2025-07-27 08:00:00,107,motorcycle,70.9,232.0,clear,Lane 2
TRF-104977,2025-07-27 09:00:00,107,bus,40.8,598.0,clear,Lane 3
TRF-104978,2025-07-27 10:00:00,102,car,62.3,193.0,foggy,Lane 2
TRF-104979,2025-07-27 11:00:00,104,truck,63.6,959.0,clear,Lane 1
TRF-104980,2025-07-27 12:00:00,106,van,37.0,209.0,foggy,Lane 2
TRF-104981,2025-07-27 13:00:00,103,car,55.7,627.0,foggy,Lane 3
TRF-104982,2025-07-27 14:00:00,101,truck,56.8,501.0,foggy,Lane 2
TRF-104983,2025-07-27 15:00:00,106,car,64.4,1098.0,clear,Lane 1
TRF-104984,2025-07-27 16:00:00,108,van,18.7,561.0,foggy,Lane 3
TRF-104985,2025-07-27 17:00:00,107,bike,71.3,638.0,clear,Express Lane
TRF-104986,2025-07-27 18:00:00,107,van,60.4,460.0,rainy,Lane 2
TRF-104987,2025-07-27 19:00:00,103,truck,27.7,1004.0,foggy,Lane 1
TRF-104988,2025-07-27 20:00:00,103,motorcycle,45.7,1004.0,clear,Lane 2
TRF-104989,2025-07-27 21:00:00,108,truck,63.1,253.0,foggy,Express Lane
TRF-104990,2025-07-27 22:00:00,101,car,28.6,839.0,rainy,Express Lane
TRF-104991,2025-07-27 23:00:00,103,truck,31.4,218.0,cloudy,Lane 2
TRF-104992,2025-07-28 00:00:00,102,bike,48.3,88.0,foggy,Lane 3
TRF-104993,2025-07-28 01:00:00,101,bus,40.1,1061.0,rainy,Lane 3
TRF-104994,2025-07-28 02:00:00,103,truck,52.5,854.0,clear,Lane 3
TRF-104995,2025-07-28 03:00:00,105,car,62.8,435.0,snowy,Express Lane
TRF-104996,2025-07-28 04:00:00,106,truck,52.9,643.0,clear,Express Lane
TRF-104997,2025-07-28 05:00:00,103,car,47.8,1074.0,clear,Lane 1
TRF-104998,2025-07-28 06:00:00,102,motorcycle,62.9,413.0,rainy,Lane 2
TRF-104999,2025-07-28 07:00:00,104,motorcycle,46.1,441.0,clear,Lane 1
TRF-105000,2025-07-28 08:00:00,103,van,34.6,757.0,clear,Lane 3
TRF-105001,2025-07-28 09:00:00,107,van,68.8,260.0,foggy,Lane 1
TRF-105002,2025-07-28 10:00:00,107,truck,5.0,265.0,foggy,Lane 1
TRF-105003,2025-07-28 11:00:00,107,bus,49.2,692.0,clear,Express Lane
TRF-105004,2025-07-28 12:00:00,104,bus,41.5,75.0,cloudy,Lane 3
TRF-105005,2025-07-28 13:00:00,107,car,31.4,251.0,snowy,Lane 2
TRF-105006,2025-07-28 14:00:00,105,truck,53.4,781.0,snowy,Lane 1
TRF-105007,2025-07-28 15:00:00,103,van,56.3,185.0,rainy,Lane 2
TRF-105008,2025-07-28 16:00:00,108,bus,33.1,847.0,clear,Express Lane
TRF-105009,2025-07-28 17:00:00,107,motorcycle,22.9,604.0,clear,Lane 3
TRF-105010,2025-07-28 18:00:00,101,truck,24.5,39.0,snowy,Lane 2
TRF-105011,2025-07-28 19:00:00,108,motorcycle,80.6,118.0,clear,Lane 2
TRF-105012,2025-07-28 20:00:00,104,van,82.6,938.0,foggy,Lane 2
TRF-105013,2025-07-28 21:00:00,105,motorcycle,48.5,355.0,cloudy,Lane 2
TRF-105014,2025-07-28 22:00:00,101,truck,23.3,315.0,rainy,Lane 1
TRF-105015,2025-07-28 23:00:00,101,van,45.4,244.0,cloudy,Lane 1
TRF-105016,2025-07-29 00:00:00,101,bike,8.4,1025.0,clear,Lane 3
TRF-105017,2025-07-29 01:00:00,101,truck,53.7,1011.0,snowy,Lane 3
TRF-105018,2025-07-29 02:00:00,108,bike,30.1,431.0,snowy,Lane 3
TRF-105019,2025-07-29 03:00:00,108,bus,47.9,641.0,foggy,Express Lane
TRF-105020,2025-07-29 04:00:00,103,bike,65.6,552.0,clear,Lane 1
TRF-105021,2025-07-29 05:00:00,107,car,45.2,369.0,clear,Express Lane
TRF-105022,2025-07-29 06:00:00,106,truck,63.6,858.0,foggy,Lane 1
TRF-105023,2025-07-29 07:00:00,103,bike,69.7,935.0,foggy,Express Lane
TRF-105024,2025-07-29 08:00:00,103,car,46.4,386.0,snowy,Lane 1
TRF-105025,2025-07-29 09:00:00,105,bus,47.9,407.0,clear,Lane 2
TRF-105026,2025-07-29 10:00:00,105,bus,67.0,104.0,rainy,Lane 1
TRF-105027,2025-07-29 11:00:00,107,car,38.3,294.0,foggy,Lane 1
TRF-105028,2025-07-29 12:00:00,106,bus,68.8,940.0,clear,Lane 1
TRF-105029,2025-07-29 13:00:00,105,truck,11.6,1043.0,clear,Lane 3
TRF-105030,2025-07-29 14:00:00,107,bus,41.6,257.0,clear,Lane 3
TRF-105031,2025-07-29 15:00:00,107,bike,51.4,160.0,cloudy,Express Lane
TRF-105032,2025-07-29 16:00:00,108,bus,26.3,1063.0,clear,Lane 3
TRF-105033,2025-07-29 17:00:00,102,motorcycle,54.7,574.0,rainy,Lane 1
TRF-105034,2025-07-29 18:00:00,108,truck,47.9,273.0,foggy,Express Lane
TRF-105035,2025-07-29 19:00:00,106,truck,47.9,560.0,clear,Lane 1
TRF-105036,2025-07-29 20:00:00,105,bus,34.1,274.0,foggy,Express Lane
TRF-105037,2025-07-29 21:00:00,106,bus,32.3,473.0,cloudy,Express Lane
TRF-105038,2025-07-29 22:00:00,103,car,19.8,644.0,clear,Express Lane
TRF-105039,2025-07-29 23:00:00,103,car,77.0,916.0,rainy,Lane 3
TRF-105040,2025-07-30 00:00:00,106,car,44.2,854.0,foggy,Lane 2
TRF-105041,2025-07-30 01:00:00,102,bus,23.6,965.0,snowy,Lane 3
TRF-105042,2025-07-30 02:00:00,102,car,45.8,411.0,clear,Lane 2
TRF-105043,2025-07-30 03:00:00,108,bike,52.3,668.0,rainy,Lane 2
TRF-105044,2025-07-30 04:00:00,106,motorcycle,33.3,551.0,snowy,Lane 1
TRF-105045,2025-07-30 05:00:00,105,truck,41.4,871.0,snowy,Express Lane
TRF-105046,2025-07-30 06:00:00,108,bus,71.5,187.0,rainy,Lane 1
TRF-105047,2025-07-30 07:00:00,104,car,27.0,576.0,foggy,Lane 1
TRF-105048,2025-07-30 08:00:00,102,bike,37.5,535.0,foggy,Express Lane
TRF-105049,2025-07-30 09:00:00,101,truck,11.9,850.0,clear,Lane 2
TRF-105050,2025-07-30 10:00:00,108,car,80.8,196.0,clear,Lane 2
TRF-105051,2025-07-30 11:00:00,103,bike,59.8,51.0,clear,Lane 3
TRF-105052,2025-07-30 12:00:00,108,motorcycle,47.1,96.0,snowy,Lane 3
TRF-105053,2025-07-30 13:00:00,106,bus,35.1,739.0,rainy,Lane 3
TRF-105054,2025-07-30 14:00:00,101,truck,34.2,641.0,foggy,Lane 3
TRF-105055,2025-07-30 15:00:00,106,truck,43.2,877.0,clear,Lane 2
TRF-105056,2025-07-30 16:00:00,107,truck,56.9,616.0,cloudy,Express Lane
TRF-105057,2025-07-30 17:00:00,103,bike,28.9,917.0,clear,Lane 1
TRF-105058,2025-07-30 18:00:00,103,truck,39.7,46.0,snowy,Express Lane
TRF-105059,2025-07-30 19:00:00,102,van,63.4,688.0,rainy,Lane 1
TRF-105060,2025-07-30 20:00:00,108,car,77.0,791.0,clear,Lane 1
TRF-105061,2025-07-30 21:00:00,102,truck,57.8,284.0,foggy,Lane 2
TRF-105062,2025-07-30 22:00:00,101,car,36.1,357.0,rainy,Lane 1
TRF-105063,2025-07-30 23:00:00,108,truck,45.2,375.0,foggy,Lane 3
TRF-105064,2025-07-31 00:00:00,107,car,55.4,269.0,clear,Lane 3
TRF-105065,2025-07-31 01:00:00,106,car,42.8,336.0,clear,Lane 1
TRF-105066,2025-07-31 02:00:00,107,bike,60.8,205.0,clear,Express Lane
TRF-105067,2025-07-31 03:00:00,103,car,34.9,342.0,clear,Lane 1
TRF-105068,2025-07-31 04:00:00,101,bus,77.0,935.0,foggy,Lane 3
TRF-105069,2025-07-31 05:00:00,104,truck,46.4,573.0,clear,Lane 1
TRF-105070,2025-07-31 06:00:00,101,van,36.6,364.0,clear,Lane 1
TRF-105071,2025-07-31 07:00:00,105,car,58.6,560.0,clear,Lane 1
TRF-105072,2025-07-31 08:00:00,101,truck,30.4,929.0,rainy,Lane 2
TRF-105073,2025-07-31 09:00:00,107,car,50.7,730.0,snowy,Lane 1
TRF-105074,2025-07-31 10:00:00,105,bike,73.2,298.0,rainy,Express Lane
TRF-105075,2025-07-31 11:00:00,105,car,26.1,835.0,clear,Express Lane
TRF-105076,2025-07-31 12:00:00,108,car,69.4,215.0,rainy,Lane 3
TRF-105077,2025-07-31 13:00:00,108,truck,24.8,139.0,clear,Express Lane
TRF-105078,2025-07-31 14:00:00,105,bus,62.8,796.0,clear,Lane 2
TRF-105079,2025-07-31 15:00:00,104,truck,31.0,64.0,clear,Express Lane
TRF-105080,2025-07-31 16:00:00,108,bus,69.5,827.0,clear,Express Lane
TRF-105081,2025-07-31 17:00:00,101,truck,37.6,660.0,rainy,Lane 3
TRF-105082,2025-07-31 18:00:00,107,truck,41.6,39.0,foggy,Lane 3
TRF-105083,2025-07-31 19:00:00,101,bus,31.1,238.0,foggy,Lane 1
TRF-105084,2025-07-31 20:00:00,104,car,5.0,67.0,clear,Express Lane
TRF-105085,2025-07-31 21:00:00,103,motorcycle,27.4,123.0,rainy,Lane 3
TRF-105086,2025-07-31 22:00:00,102,bus,17.7,916.0,clear,Lane 1
TRF-105087,2025-07-31 23:00:00,107,bus,11.2,868.0,clear,Lane 2
TRF-105088,2025-08-01 00:00:00,108,car,53.3,681.0,clear,Lane 1
TRF-105089,2025-08-01 01:00:00,107,car,75.4,271.0,clear,Lane 1
TRF-105090,2025-08-01 02:00:00,101,car,47.9,711.0,snowy,Lane 1
TRF-105091,2025-08-01 03:00:00,102,van,27.1,127.0,foggy,Lane 1
TRF-105092,2025-08-01 04:00:00,106,bike,46.0,608.0,rainy,Express Lane
TRF-105093,2025-08-01 05:00:00,106,car,69.0,645.0,cloudy,Lane 1
TRF-105094,2025-08-01 06:00:00,108,van,24.4,170.0,clear,Lane 2
TRF-105095,2025-08-01 07:00:00,104,truck,69.7,232.0,rainy,Lane 1
TRF-105096,2025-08-01 08:00:00,106,bike,70.0,446.0,clear,Lane 2
TRF-105097,2025-08-01 09:00:00,107,bus,13.0,831.0,rainy,Lane 3
TRF-105098,2025-08-01 10:00:00,106,car,5.6,975.0,clear,Lane 1
TRF-105099,2025-08-01 11:00:00,103,bus,40.8,166.0,rainy,Lane 3
TRF-105100,2025-08-01 12:00:00,103,van,64.9,804.0,foggy,Lane 2
TRF-105101,2025-08-01 13:00:00,108,bus,20.6,934.0,clear,Lane 1
TRF-105102,2025-08-01 14:00:00,103,bike,11.3,647.0,snowy,Express Lane
TRF-105103,2025-08-01 15:00:00,106,car,49.2,951.0,cloudy,Lane 1
TRF-105104,2025-08-01 16:00:00,104,car,59.4,654.0,snowy,Express Lane
TRF-105105,2025-08-01 17:00:00,105,bike,35.8,863.0,rainy,Express Lane
TRF-105106,2025-08-01 18:00:00,105,truck,37.2,167.0,clear,Lane 3
TRF-105107,2025-08-01 19:00:00,108,car,47.9,444.0,rainy,Lane 3
TRF-105108,2025-08-01 20:00:00,102,truck,32.3,649.0,rainy,Express Lane
TRF-105109,2025-08-01 21:00:00,105,car,33.7,277.0,foggy,Lane 3
TRF-105110,2025-08-01 22:00:00,105,bike,53.0,555.0,cloudy,Express Lane
TRF-105111,2025-08-01 23:00:00,103,van,55.0,254.0,clear,Lane 2
TRF-105112,2025-08-02 00:00:00,103,truck,44.0,764.0,snowy,Lane 2
TRF-105113,2025-08-02 01:00:00,106,truck,74.7,750.0,cloudy,Lane 1
TRF-105114,2025-08-02 02:00:00,108,truck,47.9,492.0,clear,Lane 3
TRF-105115,2025-08-02 03:00:00,102,bus,41.7,560.0,clear,Lane 2
TRF-105116,2025-08-02 04:00:00,108,bus,24.8,269.0,snowy,Lane 2
TRF-105117,2025-08-02 05:00:00,101,bike,65.8,50.0,clear,Lane 2
TRF-105118,2025-08-02 06:00:00,107,van,66.5,477.0,snowy,Express Lane
TRF-105119,2025-08-02 07:00:00,102,car,46.2,477.0,snowy,Lane 3
TRF-105120,2025-08-02 08:00:00,102,truck,53.0,284.0,foggy,Lane 2
TRF-105121,2025-08-02 09:00:00,104,bus,60.6,332.0,rainy,Lane 2
TRF-105122,2025-08-02 10:00:00,108,car,76.9,806.0,clear,Lane 3
TRF-105123,2025-08-02 11:00:00,106,bike,64.0,653.0,cloudy,Express Lane
TRF-105124,2025-08-02 12:00:00,104,car,56.0,1083.0,foggy,Lane 2
TRF-105125,2025-08-02 13:00:00,102,bike,64.7,916.0,rainy,Lane 3
TRF-105126,2025-08-02 14:00:00,102,motorcycle,68.7,417.0,rainy,Express Lane
TRF-105127,2025-08-02 15:00:00,102,motorcycle,52.9,709.0,rainy,Lane 3
TRF-105128,2025-08-02 16:00:00,105,truck,64.5,509.0,snowy,Lane 2
TRF-105129,2025-08-02 17:00:00,108,truck,35.8,637.0,snowy,Lane 3
TRF-105130,2025-08-02 18:00:00,107,bike,66.6,164.0,clear,Lane 1
TRF-105131,2025-08-02 19:00:00,107,motorcycle,36.0,1091.0,clear,Lane 3
TRF-105132,2025-08-02 20:00:00,104,van,29.9,317.0,rainy,Lane 1
TRF-105133,2025-08-02 21:00:00,102,van,45.7,775.0,rainy,Express Lane
TRF-105134,2025-08-02 22:00:00,107,truck,23.8,221.0,clear,Lane 1
TRF-105135,2025-08-02 23:00:00,103,car,47.9,430.0,rainy,Express Lane
TRF-105136,2025-08-03 00:00:00,108,car,54.8,938.0,rainy,Lane 3
TRF-105137,2025-08-03 01:00:00,107,bike,53.0,687.0,snowy,Lane 1
TRF-105138,2025-08-03 02:00:00,106,car,59.5,1067.0,rainy,Lane 1
TRF-105139,2025-08-03 03:00:00,108,car,59.8,498.0,rainy,Lane 2
TRF-105140,2025-08-03 04:00:00,106,bus,54.7,922.0,clear,Lane 3
TRF-105141,2025-08-03 05:00:00,107,truck,32.7,183.0,cloudy,Lane 3
TRF-105142,2025-08-03 06:00:00,103,truck,64.6,986.0,clear,Lane 1
TRF-105143,2025-08-03 07:00:00,106,car,46.0,708.0,foggy,Lane 3
TRF-105144,2025-08-03 08:00:00,105,bike,52.3,726.0,rainy,Express Lane
TRF-105145,2025-08-03 09:00:00,107,car,49.9,335.0,rainy,Lane 3
TRF-105146,2025-08-03 10:00:00,105,bike,76.3,383.0,rainy,Lane 2
TRF-105147,2025-08-03 11:00:00,107,bike,26.5,936.0,clear,Express Lane
TRF-105148,2025-08-03 12:00:00,101,truck,41.8,827.0,cloudy,Lane 2
TRF-105149,2025-08-03 13:00:00,101,bike,57.6,723.0,foggy,Lane 3
TRF-105150,2025-08-03 14:00:00,101,car,48.4,883.0,foggy,Express Lane
TRF-105151,2025-08-03 15:00:00,106,car,39.3,221.0,clear,Lane 2
TRF-105152,2025-08-03 16:00:00,105,truck,13.5,622.0,foggy,Lane 3
TRF-105153,2025-08-03 17:00:00,105,bike,42.8,934.0,rainy,Lane 2
TRF-105154,2025-08-03 18:00:00,105,car,54.5,997.0,clear,Lane 1
TRF-105155,2025-08-03 19:00:00,103,bus,57.8,1049.0,rainy,Express Lane
TRF-105156,2025-08-03 20:00:00,105,truck,45.0,927.0,clear,Lane 2
TRF-105157,2025-08-03 21:00:00,103,car,51.2,845.0,rainy,Lane 1
TRF-105158,2025-08-03 22:00:00,101,motorcycle,27.4,596.0,clear,Express Lane
TRF-105159,2025-08-03 23:00:00,101,car,55.0,656.0,clear,Lane 2
TRF-105160,2025-08-04 00:00:00,106,bus,48.2,141.0,clear,Express Lane
TRF-105161,2025-08-04 01:00:00,107,van,51.0,700.0,clear,Lane 3
TRF-105162,2025-08-04 02:00:00,101,truck,44.1,55.0,clear,Lane 3
TRF-105163,2025-08-04 03:00:00,107,bike,51.8,1030.0,foggy,Lane 1
TRF-105164,2025-08-04 04:00:00,107,car,47.9,651.0,snowy,Express Lane
TRF-105165,2025-08-04 05:00:00,108,bus,52.6,746.0,clear,Lane 1
TRF-105166,2025-08-04 06:00:00,106,truck,15.2,642.0,clear,Lane 3
TRF-105167,2025-08-04 07:00:00,102,car,53.0,1054.0,clear,Lane 2
TRF-105168,2025-08-04 08:00:00,102,car,41.0,611.0,cloudy,Express Lane
TRF-105169,2025-08-04 09:00:00,104,bus,35.3,488.0,rainy,Lane 1
TRF-105170,2025-08-04 10:00:00,108,truck,72.3,398.0,clear,Lane 3
TRF-105171,2025-08-04 11:00:00,106,truck,31.2,756.0,rainy,Lane 2
TRF-105172,2025-08-04 12:00:00,104,motorcycle,33.2,560.0,foggy,Lane 3
TRF-105173,2025-08-04 13:00:00,104,van,7.7,43.0,rainy,Lane 3
TRF-105174,2025-08-04 14:00:00,108,truck,73.9,740.0,rainy,Lane 2
TRF-105175,2025-08-04 15:00:00,102,car,64.0,560.0,rainy,Lane 2
TRF-105176,2025-08-04 16:00:00,106,truck,42.0,856.0,clear,Express Lane
TRF-105177,2025-08-04 17:00:00,102,truck,59.0,860.0,rainy,Lane 2
TRF-105178,2025-08-04 18:00:00,104,bus,7.9,467.0,clear,Lane 2
TRF-105179,2025-08-04 19:00:00,106,car,56.6,412.0,clear,Lane 3
TRF-105180,2025-08-04 20:00:00,104,bus,32.6,944.0,snowy,Lane 3
TRF-105181,2025-08-04 21:00:00,105,bike,78.1,834.0,rainy,Lane 3
TRF-105182,2025-08-04 22:00:00,108,car,54.6,1002.0,clear,Lane 2
TRF-105183,2025-08-04 23:00:00,107,motorcycle,50.4,980.0,foggy,Express Lane
TRF-105184,2025-08-05 00:00:00,106,bike,33.2,434.0,foggy,Lane 3
TRF-105185,2025-08-05 01:00:00,106,bike,33.3,1050.0,cloudy,Lane 3
TRF-105186,2025-08-05 02:00:00,107,motorcycle,58.7,915.0,rainy,Lane 2
TRF-105187,2025-08-05 03:00:00,104,car,33.1,996.0,snowy,Lane 2
TRF-105188,2025-08-05 04:00:00,105,truck,32.4,108.0,clear,Lane 1
TRF-105189,2025-08-05 05:00:00,103,van,73.3,338.0,foggy,Lane 2
TRF-105190,2025-08-05 06:00:00,107,bike,53.2,756.0,clear,Lane 3
TRF-105191,2025-08-05 07:00:00,108,car,28.3,1086.0,rainy,Lane 2
TRF-105192,2025-08-05 08:00:00,102,car,57.9,919.0,foggy,Lane 1
TRF-105193,2025-08-05 09:00:00,104,bus,43.0,742.0,cloudy,Express Lane
TRF-105194,2025-08-05 10:00:00,107,truck,16.2,980.0,rainy,Lane 1
TRF-105195,2025-08-05 11:00:00,107,bus,39.0,499.0,clear,Express Lane
TRF-105196,2025-08-05 12:00:00,106,bike,29.1,594.0,rainy,Express Lane
TRF-105197,2025-08-05 13:00:00,102,bus,52.6,967.0,clear,Lane 3
TRF-105198,2025-08-05 14:00:00,102,truck,36.2,150.0,snowy,Lane 2
TRF-105199,2025-08-05 15:00:00,108,car,49.6,179.0,clear,Lane 2
TRF-105200,2025-08-05 16:00:00,102,motorcycle,60.0,182.0,clear,Lane 1
TRF-105201,2025-08-05 17:00:00,107,car,90.5,1033.0,clear,Lane 2
TRF-105202,2025-08-05 18:00:00,103,bike,83.6,603.0,foggy,Express Lane
TRF-105203,2025-08-05 19:00:00,101,bus,52.0,97.0,foggy,Lane 3
TRF-105204,2025-08-05 20:00:00,104,truck,47.1,254.0,foggy,Lane 3
TRF-105205,2025-08-05 21:00:00,101,van,37.3,876.0,clear,Express Lane
TRF-105206,2025-08-05 22:00:00,107,car,18.4,587.0,foggy,Express Lane
TRF-105207,2025-08-05 23:00:00,101,car,6.8,905.0,clear,Express Lane
TRF-105208,2025-08-06 00:00:00,107,truck,32.8,276.0,clear,Express Lane
TRF-105209,2025-08-06 01:00:00,101,bus,77.5,938.0,clear,Lane 2
TRF-105210,2025-08-06 02:00:00,102,bus,76.9,321.0,rainy,Express Lane
TRF-105211,2025-08-06 03:00:00,105,car,49.3,243.0,rainy,Lane 2
TRF-105212,2025-08-06 04:00:00,102,truck,56.4,797.0,clear,Lane 3
TRF-105213,2025-08-06 05:00:00,102,truck,37.1,634.0,clear,Lane 2
TRF-105214,2025-08-06 06:00:00,108,car,47.5,1000.0,rainy,Express Lane
TRF-105215,2025-08-06 07:00:00,106,van,34.0,1040.0,clear,Lane 1
TRF-105216,2025-08-06 08:00:00,106,bike,34.0,103.0,foggy,Lane 1
TRF-105217,2025-08-06 09:00:00,101,bus,59.0,654.0,foggy,Lane 2
TRF-105218,2025-08-06 10:00:00,107,car,37.1,693.0,clear,Lane 1
TRF-105219,2025-08-06 11:00:00,108,car,56.9,87.0,foggy,Lane 3
TRF-105220,2025-08-06 12:00:00,102,bike,45.4,755.0,clear,Lane 2
TRF-105221,2025-08-06 13:00:00,108,bike,73.5,237.0,foggy,Lane 1
TRF-105222,2025-08-06 14:00:00,101,truck,57.9,442.0,rainy,Lane 3
TRF-105223,2025-08-06 15:00:00,106,bus,52.4,1070.0,foggy,Lane 2
TRF-105224,2025-08-06 16:00:00,105,car,22.3,759.0,clear,Lane 2
TRF-105225,2025-08-06 17:00:00,104,truck,39.2,769.0,foggy,Lane 2
TRF-105226,2025-08-06 18:00:00,101,bike,47.1,833.0,clear,Lane 2
TRF-105227,2025-08-06 19:00:00,108,truck,49.0,448.0,foggy,Express Lane
TRF-105228,2025-08-06 20:00:00,105,van,59.9,948.0,clear,Lane 1
TRF-105229,2025-08-06 21:00:00,104,bus,51.7,230.0,snowy,Lane 2
TRF-105230,2025-08-06 22:00:00,103,bike,29.4,109.0,foggy,Lane 2
TRF-105231,2025-08-06 23:00:00,101,truck,58.7,218.0,rainy,Lane 1
TRF-105232,2025-08-07 00:00:00,101,car,39.7,857.0,snowy,Lane 1
TRF-105233,2025-08-07 01:00:00,103,truck,36.3,783.0,cloudy,Lane 3
TRF-105234,2025-08-07 02:00:00,103,van,28.2,855.0,snowy,Lane 1
TRF-105235,2025-08-07 03:00:00,101,van,41.7,1097.0,cloudy,Lane 2
TRF-105236,2025-08-07 04:00:00,103,van,38.0,539.0,clear,Express Lane
TRF-105237,2025-08-07 05:00:00,102,van,68.9,724.0,foggy,Lane 1
TRF-105238,2025-08-07 06:00:00,104,bus,43.2,50.0,cloudy,Express Lane
TRF-105239,2025-08-07 07:00:00,104,car,57.6,429.0,cloudy,Lane 2
TRF-105240,2025-08-07 08:00:00,104,car,15.6,589.0,clear,Lane 1
TRF-105241,2025-08-07 09:00:00,102,car,61.4,1085.0,clear,Express Lane
TRF-105242,2025-08-07 10:00:00,107,bus,47.9,518.0,foggy,Lane 3
TRF-105243,2025-08-07 11:00:00,103,bus,21.8,317.0,foggy,Lane 3
TRF-105244,2025-08-07 12:00:00,105,truck,32.3,466.0,clear,Lane 3
TRF-105245,2025-08-07 13:00:00,103,bike,36.1,159.0,rainy,Lane 3
TRF-105246,2025-08-07 14:00:00,101,truck,44.4,470.0,clear,Express Lane
TRF-105247,2025-08-07 15:00:00,106,bike,35.3,819.0,clear,Express Lane
TRF-105248,2025-08-07 16:00:00,108,car,43.6,1026.0,snowy,Express Lane
TRF-105249,2025-08-07 17:00:00,108,truck,59.8,750.0,foggy,Express Lane
TRF-105250,2025-08-07 18:00:00,104,bike,38.0,893.0,cloudy,Lane 3
TRF-105251,2025-08-07 19:00:00,103,car,53.4,259.0,cloudy,Express Lane
TRF-105252,2025-08-07 20:00:00,105,car,51.2,494.0,foggy,Lane 1
TRF-105253,2025-08-07 21:00:00,101,bus,5.0,215.0,foggy,Lane 2
TRF-105254,2025-08-07 22:00:00,102,truck,33.5,191.0,rainy,Lane 1
TRF-105255,2025-08-07 23:00:00,107,truck,65.7,430.0,foggy,Express Lane
TRF-105256,2025-08-08 00:00:00,102,bike,31.9,820.0,clear,Express Lane
TRF-105257,2025-08-08 01:00:00,105,bus,28.7,1044.0,clear,Lane 3
TRF-105258,2025-08-08 02:00:00,101,bus,66.6,574.0,clear,Lane 3
TRF-105259,2025-08-08 03:00:00,104,van,47.9,442.0,clear,Lane 2
TRF-105260,2025-08-08 04:00:00,103,van,74.2,560.0,clear,Lane 3
TRF-105261,2025-08-08 05:00:00,101,bus,39.6,98.0,snowy,Lane 1
TRF-105262,2025-08-08 06:00:00,108,van,69.6,322.0,rainy,Lane 3
TRF-105263,2025-08-08 07:00:00,107,car,32.0,664.0,clear,Lane 3
TRF-105264,2025-08-08 08:00:00,102,bus,5.0,595.0,snowy,Lane 2
TRF-105265,2025-08-08 09:00:00,107,bus,60.1,562.0,foggy,Express Lane
TRF-105266,2025-08-08 10:00:00,107,truck,58.3,679.0,clear,Lane 3
TRF-105267,2025-08-08 11:00:00,105,truck,60.1,583.0,foggy,Express Lane
TRF-105268,2025-08-08 12:00:00,105,truck,44.3,982.0,foggy,Lane 1
TRF-105269,2025-08-08 13:00:00,103,van,74.4,787.0,rainy,Express Lane
TRF-105270,2025-08-08 14:00:00,105,motorcycle,63.6,57.0,rainy,Lane 3
TRF-105271,2025-08-08 15:00:00,105,truck,62.8,599.0,clear,Express Lane
TRF-105272,2025-08-08 16:00:00,101,car,50.2,668.0,clear,Lane 1
TRF-105273,2025-08-08 17:00:00,108,truck,23.8,457.0,foggy,Lane 3
TRF-105274,2025-08-08 18:00:00,104,bike,49.2,804.0,clear,Lane 1
TRF-105275,2025-08-08 19:00:00,103,bus,54.5,1009.0,clear,Lane 3
TRF-105276,2025-08-08 20:00:00,101,bus,84.6,64.0,snowy,Lane 2
TRF-105277,2025-08-08 21:00:00,104,bus,52.8,555.0,rainy,Lane 1
TRF-105278,2025-08-08 22:00:00,107,car,29.2,859.0,snowy,Lane 3
TRF-105279,2025-08-08 23:00:00,101,car,56.4,405.0,clear,Lane 1
TRF-105280,2025-08-09 00:00:00,106,truck,70.6,863.0,clear,Lane 3
TRF-105281,2025-08-09 01:00:00,101,bike,78.8,685.0,clear,Lane 2
TRF-105282,2025-08-09 02:00:00,105,truck,46.1,896.0,snowy,Express Lane
TRF-105283,2025-08-09 03:00:00,104,car,44.4,1036.0,clear,Express Lane
TRF-105284,2025-08-09 04:00:00,103,bus,22.6,517.0,clear,Lane 2
TRF-105285,2025-08-09 05:00:00,103,car,37.1,382.0,rainy,Lane 2
TRF-105286,2025-08-09 06:00:00,104,truck,55.8,383.0,snowy,Express Lane
TRF-105287,2025-08-09 07:00:00,105,bike,20.6,1008.0,foggy,Lane 1
TRF-105288,2025-08-09 08:00:00,102,motorcycle,84.9,433.0,rainy,Lane 2
TRF-105289,2025-08-09 09:00:00,101,car,41.6,432.0,rainy,Express Lane
TRF-105290,2025-08-09 10:00:00,105,van,50.2,786.0,rainy,Express Lane
TRF-105291,2025-08-09 11:00:00,106,car,54.2,423.0,clear,Express Lane
TRF-105292,2025-08-09 12:00:00,108,bike,68.3,612.0,clear,Lane 1
TRF-105293,2025-08-09 13:00:00,107,van,52.8,133.0,rainy,Lane 1
TRF-105294,2025-08-09 14:00:00,104,truck,28.8,40.0,rainy,Lane 2
TRF-105295,2025-08-09 15:00:00,108,car,55.6,1039.0,clear,Lane 1
TRF-105296,2025-08-09 16:00:00,101,truck,68.3,451.0,rainy,Lane 1
TRF-105297,2025-08-09 17:00:00,103,truck,31.9,302.0,clear,Lane 1
TRF-105298,2025-08-09 18:00:00,107,bike,62.4,83.0,clear,Lane 1
TRF-105299,2025-08-09 19:00:00,108,motorcycle,52.6,276.0,clear,Lane 2
TRF-105300,2025-08-09 20:00:00,102,car,49.7,694.0,clear,Lane 1
TRF-105301,2025-08-09 21:00:00,108,bike,36.5,647.0,clear,Lane 2
TRF-105302,2025-08-09 22:00:00,106,bus,44.0,324.0,foggy,Lane 2
TRF-105303,2025-08-09 23:00:00,103,car,55.9,305.0,foggy,Lane 1
TRF-105304,2025-08-10 00:00:00,104,bike,40.4,614.0,snowy,Lane 1
TRF-105305,2025-08-10 01:00:00,101,bus,30.4,1096.0,rainy,Lane 2
TRF-105306,2025-08-10 02:00:00,104,bus,29.6,223.0,rainy,Lane 2
TRF-105307,2025-08-10 03:00:00,107,car,53.1,340.0,rainy,Lane 2
TRF-105308,2025-08-10 04:00:00,101,van,56.8,649.0,clear,Express Lane
TRF-105309,2025-08-10 05:00:00,105,truck,46.8,674.0,clear,Lane 1
TRF-105310,2025-08-10 06:00:00,102,truck,80.7,279.0,foggy,Express Lane
TRF-105311,2025-08-10 07:00:00,105,truck,17.4,811.0,cloudy,Express Lane
TRF-105312,2025-08-10 08:00:00,105,bus,54.8,985.0,clear,Lane 1
TRF-105313,2025-08-10 09:00:00,104,car,14.9,325.0,clear,Lane 3
TRF-105314,2025-08-10 10:00:00,107,truck,46.1,267.0,clear,Express Lane
TRF-105315,2025-08-10 11:00:00,102,truck,52.5,839.0,clear,Lane 1
TRF-105316,2025-08-10 12:00:00,108,truck,44.8,318.0,rainy,Express Lane
TRF-105317,2025-08-10 13:00:00,101,car,12.9,566.0,rainy,Lane 1
TRF-105318,2025-08-10 14:00:00,101,truck,46.3,285.0,snowy,Lane 2
TRF-105319,2025-08-10 15:00:00,106,truck,47.9,550.0,clear,Express Lane
TRF-105320,2025-08-10 16:00:00,103,car,64.2,148.0,rainy,Express Lane
TRF-105321,2025-08-10 17:00:00,106,bike,22.3,201.0,clear,Express Lane
TRF-105322,2025-08-10 18:00:00,108,car,73.9,752.0,rainy,Lane 1
TRF-105323,2025-08-10 19:00:00,106,bus,5.0,855.0,clear,Lane 3
TRF-105324,2025-08-10 20:00:00,101,truck,24.7,378.0,clear,Lane 2
TRF-105325,2025-08-10 21:00:00,104,truck,47.9,596.0,foggy,Lane 3
TRF-105326,2025-08-10 22:00:00,105,van,53.6,505.0,cloudy,Express Lane
TRF-105327,2025-08-10 23:00:00,107,motorcycle,75.2,137.0,rainy,Lane 1
TRF-105328,2025-08-11 00:00:00,105,bike,51.5,618.0,rainy,Express Lane
TRF-105329,2025-08-11 01:00:00,105,truck,46.2,399.0,foggy,Express Lane
TRF-105330,2025-08-11 02:00:00,102,bike,47.9,789.0,cloudy,Lane 3
TRF-105331,2025-08-11 03:00:00,101,truck,5.9,604.0,foggy,Express Lane
TRF-105332,2025-08-11 04:00:00,108,motorcycle,29.9,93.0,clear,Lane 1
TRF-105333,2025-08-11 05:00:00,108,motorcycle,26.8,241.0,foggy,Lane 2
TRF-105334,2025-08-11 06:00:00,107,truck,65.1,98.0,rainy,Lane 3
TRF-105335,2025-08-11 07:00:00,104,bus,71.4,406.0,foggy,Lane 1
TRF-105336,2025-08-11 08:00:00,102,motorcycle,81.6,554.0,foggy,Express Lane
TRF-105337,2025-08-11 09:00:00,103,truck,58.3,97.0,clear,Lane 2
TRF-105338,2025-08-11 10:00:00,104,bus,64.1,190.0,clear,Lane 2
TRF-105339,2025-08-11 11:00:00,106,car,49.7,1079.0,snowy,Lane 2
TRF-105340,2025-08-11 12:00:00,104,truck,39.0,788.0,snowy,Lane 1
TRF-105341,2025-08-11 13:00:00,104,bus,28.6,730.0,clear,Lane 2
TRF-105342,2025-08-11 14:00:00,105,truck,27.0,859.0,rainy,Lane 1
TRF-105343,2025-08-11 15:00:00,104,car,23.3,878.0,clear,Lane 3
TRF-105344,2025-08-11 16:00:00,108,truck,47.9,867.0,clear,Lane 1
TRF-105345,2025-08-11 17:00:00,106,motorcycle,40.6,278.0,clear,Express Lane
TRF-105346,2025-08-11 18:00:00,106,bike,35.0,1089.0,cloudy,Lane 1
TRF-105347,2025-08-11 19:00:00,101,van,11.5,1060.0,rainy,Lane 1
TRF-105348,2025-08-11 20:00:00,104,car,31.6,231.0,rainy,Express Lane
TRF-105349,2025-08-11 21:00:00,105,bike,42.8,874.0,clear,Lane 3
TRF-105350,2025-08-11 22:00:00,104,bus,47.9,573.0,snowy,Lane 1
TRF-105351,2025-08-11 23:00:00,103,motorcycle,95.9,190.0,clear,Express Lane
TRF-105352,2025-08-12 00:00:00,103,truck,23.9,1083.0,foggy,Express Lane
TRF-105353,2025-08-12 01:00:00,105,bus,68.7,291.0,cloudy,Lane 3
TRF-105354,2025-08-12 02:00:00,101,bus,45.8,39.0,rainy,Lane 3
TRF-105355,2025-08-12 03:00:00,101,car,37.8,744.0,clear,Express Lane
TRF-105356,2025-08-12 04:00:00,106,car,43.5,388.0,foggy,Lane 3
TRF-105357,2025-08-12 05:00:00,106,bus,48.3,153.0,rainy,Express Lane
TRF-105358,2025-08-12 06:00:00,102,bike,52.1,659.0,foggy,Lane 3
TRF-105359,2025-08-12 07:00:00,105,truck,30.3,297.0,clear,Express Lane
TRF-105360,2025-08-12 08:00:00,104,bike,58.1,307.0,cloudy,Lane 2
TRF-105361,2025-08-12 09:00:00,107,truck,43.0,1053.0,rainy,Lane 3
TRF-105362,2025-08-12 10:00:00,105,bus,24.0,105.0,clear,Lane 2
TRF-105363,2025-08-12 11:00:00,102,truck,40.3,555.0,clear,Express Lane
TRF-105364,2025-08-12 12:00:00,106,motorcycle,73.6,647.0,foggy,Lane 3
TRF-105365,2025-08-12 13:00:00,105,car,51.9,1089.0,clear,Lane 3
TRF-105366,2025-08-12 14:00:00,105,motorcycle,48.1,299.0,clear,Lane 2
TRF-105367,2025-08-12 15:00:00,106,car,40.8,31.0,clear,Lane 2
TRF-105368,2025-08-12 16:00:00,108,van,42.3,602.0,clear,Lane 1
TRF-105369,2025-08-12 17:00:00,102,bus,52.0,564.0,rainy,Lane 2
TRF-105370,2025-08-12 18:00:00,106,bike,43.2,380.0,foggy,Express Lane
TRF-105371,2025-08-12 19:00:00,101,bike,56.2,1081.0,cloudy,Express Lane
TRF-105372,2025-08-12 20:00:00,104,car,53.8,566.0,clear,Lane 2
TRF-105373,2025-08-12 21:00:00,106,bus,26.5,896.0,clear,Lane 2
TRF-105374,2025-08-12 22:00:00,102,car,57.5,1093.0,rainy,Express Lane
TRF-105375,2025-08-12 23:00:00,103,car,30.8,493.0,clear,Lane 1
TRF-105376,2025-08-13 00:00:00,101,truck,30.1,52.0,cloudy,Lane 1
TRF-105377,2025-08-13 01:00:00,103,truck,47.5,718.0,rainy,Lane 3
TRF-105378,2025-08-13 02:00:00,107,car,52.6,157.0,clear,Express Lane
TRF-105379,2025-08-13 03:00:00,106,motorcycle,59.1,64.0,rainy,Lane 3
TRF-105380,2025-08-13 04:00:00,101,bus,9.2,516.0,rainy,Lane 1
TRF-105381,2025-08-13 05:00:00,104,van,62.2,130.0,clear,Lane 2
TRF-105382,2025-08-13 06:00:00,106,car,55.4,766.0,clear,Lane 1
TRF-105383,2025-08-13 07:00:00,104,truck,34.9,770.0,rainy,Lane 1
TRF-105384,2025-08-13 08:00:00,108,car,43.7,640.0,cloudy,Lane 1
TRF-105385,2025-08-13 09:00:00,105,car,51.6,359.0,snowy,Lane 1
TRF-105386,2025-08-13 10:00:00,103,truck,5.0,225.0,foggy,Express Lane
TRF-105387,2025-08-13 11:00:00,101,truck,25.5,443.0,foggy,Express Lane
TRF-105388,2025-08-13 12:00:00,104,truck,68.9,97.0,foggy,Express Lane
TRF-105389,2025-08-13 13:00:00,102,truck,37.2,900.0,foggy,Lane 1
TRF-105390,2025-08-13 14:00:00,104,car,46.5,900.0,cloudy,Lane 3
TRF-105391,2025-08-13 15:00:00,102,bike,45.9,170.0,clear,Lane 2
TRF-105392,2025-08-13 16:00:00,106,bike,60.9,214.0,snowy,Lane 3
TRF-105393,2025-08-13 17:00:00,101,motorcycle,40.7,1072.0,rainy,Express Lane
TRF-105394,2025-08-13 18:00:00,104,truck,42.2,110.0,clear,Express Lane
TRF-105395,2025-08-13 19:00:00,107,car,51.4,527.0,snowy,Express Lane
TRF-105396,2025-08-13 20:00:00,104,bus,63.2,247.0,clear,Lane 3
TRF-105397,2025-08-13 21:00:00,108,bus,68.9,554.0,rainy,Express Lane
TRF-105398,2025-08-13 22:00:00,107,bike,42.3,150.0,cloudy,Express Lane
TRF-105399,2025-08-13 23:00:00,101,bus,39.2,498.0,rainy,Lane 1
TRF-105400,2025-08-14 00:00:00,108,truck,45.4,208.0,clear,Express Lane
TRF-105401,2025-08-14 01:00:00,104,truck,72.0,140.0,clear,Express Lane
TRF-105402,2025-08-14 02:00:00,102,car,62.0,38.0,clear,Lane 3
TRF-105403,2025-08-14 03:00:00,104,truck,39.4,251.0,snowy,Lane 2
TRF-105404,2025-08-14 04:00:00,103,truck,18.9,826.0,foggy,Express Lane
TRF-105405,2025-08-14 05:00:00,106,truck,67.9,890.0,clear,Lane 2
TRF-105406,2025-08-14 06:00:00,105,truck,69.9,651.0,snowy,Lane 2
TRF-105407,2025-08-14 07:00:00,102,motorcycle,28.0,233.0,rainy,Express Lane
TRF-105408,2025-08-14 08:00:00,103,bus,40.0,556.0,clear,Lane 1
TRF-105409,2025-08-14 09:00:00,107,truck,63.8,482.0,foggy,Express Lane
TRF-105410,2025-08-14 10:00:00,106,motorcycle,54.9,560.0,clear,Lane 3
TRF-105411,2025-08-14 11:00:00,101,motorcycle,12.1,224.0,rainy,Express Lane
TRF-105412,2025-08-14 12:00:00,102,car,27.7,290.0,clear,Lane 1
TRF-105413,2025-08-14 13:00:00,105,motorcycle,58.5,895.0,clear,Express Lane
TRF-105414,2025-08-14 14:00:00,106,truck,52.5,1062.0,clear,Lane 3
TRF-105415,2025-08-14 15:00:00,107,bus,60.0,952.0,clear,Lane 3
TRF-105416,2025-08-14 16:00:00,108,van,62.1,369.0,clear,Lane 2
TRF-105417,2025-08-14 17:00:00,108,bus,52.4,76.0,clear,Lane 3
TRF-105418,2025-08-14 18:00:00,105,truck,55.6,859.0,clear,Lane 2
TRF-105419,2025-08-14 19:00:00,101,bus,37.7,842.0,snowy,Lane 1
TRF-105420,2025-08-14 20:00:00,101,car,50.1,518.0,snowy,Lane 3
TRF-105421,2025-08-14 21:00:00,107,bus,53.6,820.0,rainy,Lane 3
TRF-105422,2025-08-14 22:00:00,102,motorcycle,78.7,122.0,foggy,Lane 2
TRF-105423,2025-08-14 23:00:00,107,truck,33.2,608.0,foggy,Lane 3
TRF-105424,2025-08-15 00:00:00,104,car,61.0,167.0,snowy,Express Lane
TRF-105425,2025-08-15 01:00:00,101,bus,45.9,341.0,clear,Lane 2
TRF-105426,2025-08-15 02:00:00,106,car,61.4,319.0,foggy,Lane 1
TRF-105427,2025-08-15 03:00:00,104,car,45.8,94.0,snowy,Lane 3
TRF-105428,2025-08-15 04:00:00,108,bus,69.2,732.0,snowy,Lane 1
TRF-105429,2025-08-15 05:00:00,108,car,34.6,990.0,rainy,Lane 1
TRF-105430,2025-08-15 06:00:00,103,motorcycle,50.6,568.0,foggy,Express Lane
TRF-105431,2025-08-15 07:00:00,105,van,55.9,146.0,cloudy,Lane 2
TRF-105432,2025-08-15 08:00:00,104,truck,35.7,921.0,clear,Lane 2
TRF-105433,2025-08-15 09:00:00,105,car,53.5,596.0,foggy,Lane 3
TRF-105434,2025-08-15 10:00:00,107,motorcycle,66.1,515.0,foggy,Lane 1
TRF-105435,2025-08-15 11:00:00,104,truck,46.8,560.0,rainy,Lane 2
TRF-105436,2025-08-15 12:00:00,107,truck,61.5,813.0,rainy,Lane 3
TRF-105437,2025-08-15 13:00:00,103,car,35.9,1041.0,foggy,Express Lane
TRF-105438,2025-08-15 14:00:00,101,van,28.3,906.0,clear,Lane 1
TRF-105439,2025-08-15 15:00:00,108,bus,60.5,649.0,rainy,Express Lane
TRF-105440,2025-08-15 16:00:00,103,truck,37.9,443.0,clear,Lane 3
TRF-105441,2025-08-15 17:00:00,108,truck,17.8,458.0,cloudy,Lane 1
TRF-105442,2025-08-15 18:00:00,101,bus,34.3,272.0,rainy,Express Lane
TRF-105443,2025-08-15 19:00:00,107,truck,72.3,281.0,clear,Lane 1
TRF-105444,2025-08-15 20:00:00,101,car,67.1,141.0,clear,Lane 3
TRF-105445,2025-08-15 21:00:00,108,car,27.8,811.0,snowy,Lane 1
TRF-105446,2025-08-15 22:00:00,108,truck,21.7,999.0,snowy,Express Lane
TRF-105447,2025-08-15 23:00:00,105,bike,47.9,389.0,clear,Lane 2
TRF-105448,2025-08-16 00:00:00,106,bike,66.7,796.0,clear,Lane 3
TRF-105449,2025-08-16 01:00:00,103,truck,44.5,948.0,clear,Lane 1
TRF-105450,2025-08-16 02:00:00,104,car,44.6,197.0,cloudy,Lane 1
TRF-105451,2025-08-16 03:00:00,108,motorcycle,36.9,787.0,rainy,Lane 1
TRF-105452,2025-08-16 04:00:00,103,truck,43.1,242.0,clear,Lane 1
TRF-105453,2025-08-16 05:00:00,105,car,63.3,817.0,clear,Lane 1
TRF-105454,2025-08-16 06:00:00,101,truck,49.5,821.0,clear,Express Lane
TRF-105455,2025-08-16 07:00:00,105,van,44.4,75.0,rainy,Express Lane
TRF-105456,2025-08-16 08:00:00,102,bike,59.7,1071.0,rainy,Lane 3
TRF-105457,2025-08-16 09:00:00,102,car,49.3,908.0,rainy,Lane 3
TRF-105458,2025-08-16 10:00:00,104,van,65.1,787.0,clear,Express Lane
TRF-105459,2025-08-16 11:00:00,105,truck,35.8,560.0,rainy,Lane 2
TRF-105460,2025-08-16 12:00:00,107,truck,52.9,427.0,rainy,Express Lane
TRF-105461,2025-08-16 13:00:00,104,truck,64.0,690.0,rainy,Lane 2
TRF-105462,2025-08-16 14:00:00,107,truck,76.0,127.0,foggy,Express Lane
TRF-105463,2025-08-16 15:00:00,104,truck,28.3,1058.0,foggy,Lane 3
TRF-105464,2025-08-16 16:00:00,102,bike,44.9,188.0,rainy,Lane 3
TRF-105465,2025-08-16 17:00:00,104,truck,24.3,116.0,clear,Lane 1
TRF-105466,2025-08-16 18:00:00,102,truck,30.5,472.0,rainy,Lane 2
TRF-105467,2025-08-16 19:00:00,108,car,48.3,201.0,foggy,Lane 2
TRF-105468,2025-08-16 20:00:00,101,bike,11.5,711.0,foggy,Lane 2
TRF-105469,2025-08-16 21:00:00,107,motorcycle,55.5,264.0,rainy,Lane 1
TRF-105470,2025-08-16 22:00:00,105,bus,58.0,150.0,foggy,Lane 2
TRF-105471,2025-08-16 23:00:00,108,van,46.6,526.0,foggy,Lane 1
TRF-105472,2025-08-17 00:00:00,108,bike,32.9,641.0,rainy,Lane 1
TRF-105473,2025-08-17 01:00:00,104,bus,43.6,451.0,clear,Lane 1
TRF-105474,2025-08-17 02:00:00,102,bike,86.1,164.0,clear,Lane 1
TRF-105475,2025-08-17 03:00:00,103,bus,38.6,344.0,clear,Express Lane
TRF-105476,2025-08-17 04:00:00,107,bus,33.8,98.0,clear,Lane 3
TRF-105477,2025-08-17 05:00:00,108,car,6.4,227.0,clear,Lane 2
TRF-105478,2025-08-17 06:00:00,104,bike,66.8,846.0,snowy,Lane 3
TRF-105479,2025-08-17 07:00:00,106,car,25.7,40.0,clear,Lane 2
TRF-105480,2025-08-17 08:00:00,101,bike,49.6,898.0,rainy,Lane 3
TRF-105481,2025-08-17 09:00:00,101,van,85.9,764.0,foggy,Lane 1
TRF-105482,2025-08-17 10:00:00,103,truck,54.6,1080.0,rainy,Lane 3
TRF-105483,2025-08-17 11:00:00,102,truck,54.4,45.0,foggy,Lane 1
TRF-105484,2025-08-17 12:00:00,104,truck,42.1,977.0,clear,Lane 3
TRF-105485,2025-08-17 13:00:00,107,bus,53.6,36.0,clear,Lane 1
TRF-105486,2025-08-17 14:00:00,102,truck,49.4,90.0,cloudy,Lane 3
TRF-105487,2025-08-17 15:00:00,101,car,57.7,954.0,cloudy,Lane 1
TRF-105488,2025-08-17 16:00:00,102,truck,5.0,514.0,foggy,Lane 2
TRF-105489,2025-08-17 17:00:00,101,motorcycle,54.8,661.0,rainy,Express Lane
TRF-105490,2025-08-17 18:00:00,102,car,55.8,965.0,clear,Lane 1
TRF-105491,2025-08-17 19:00:00,103,truck,93.9,1084.0,foggy,Lane 3
TRF-105492,2025-08-17 20:00:00,105,truck,47.9,589.0,clear,Lane 2
TRF-105493,2025-08-17 21:00:00,103,bus,52.0,120.0,clear,Lane 1
TRF-105494,2025-08-17 22:00:00,103,car,55.1,475.0,clear,Lane 3
TRF-105495,2025-08-17 23:00:00,105,truck,55.6,979.0,foggy,Express Lane
TRF-105496,2025-08-18 00:00:00,105,truck,25.8,359.0,clear,Express Lane
TRF-105497,2025-08-18 01:00:00,108,truck,62.7,1074.0,rainy,Lane 3
TRF-105498,2025-08-18 02:00:00,108,motorcycle,31.5,984.0,rainy,Lane 1
TRF-105499,2025-08-18 03:00:00,104,bike,55.3,508.0,cloudy,Lane 2
TRF-105500,2025-08-18 04:00:00,107,bike,32.5,547.0,clear,Lane 3
TRF-105501,2025-08-18 05:00:00,107,truck,44.0,565.0,clear,Express Lane
TRF-105502,2025-08-18 06:00:00,104,bike,39.5,254.0,snowy,Lane 3
TRF-105503,2025-08-18 07:00:00,103,car,43.5,601.0,clear,Lane 3
TRF-105504,2025-08-18 08:00:00,103,motorcycle,46.5,397.0,clear,Lane 2
TRF-105505,2025-08-18 09:00:00,101,car,54.7,1052.0,clear,Lane 2
TRF-105506,2025-08-18 10:00:00,101,bus,46.3,1089.0,foggy,Lane 3
TRF-105507,2025-08-18 11:00:00,107,car,63.7,495.0,clear,Lane 3
TRF-105508,2025-08-18 12:00:00,104,bike,38.4,601.0,clear,Lane 2
TRF-105509,2025-08-18 13:00:00,106,bike,55.7,467.0,clear,Lane 2
TRF-105510,2025-08-18 14:00:00,108,motorcycle,33.0,786.0,snowy,Lane 1
TRF-105511,2025-08-18 15:00:00,106,bike,80.1,620.0,foggy,Lane 1
TRF-105512,2025-08-18 16:00:00,104,bike,47.9,910.0,cloudy,Lane 1
TRF-105513,2025-08-18 17:00:00,101,truck,35.5,220.0,clear,Lane 1
TRF-105514,2025-08-18 18:00:00,107,van,79.2,126.0,clear,Lane 3
TRF-105515,2025-08-18 19:00:00,107,car,57.3,533.0,clear,Lane 3
TRF-105516,2025-08-18 20:00:00,101,truck,47.9,917.0,cloudy,Lane 1
TRF-105517,2025-08-18 21:00:00,106,motorcycle,45.6,179.0,clear,Lane 3
TRF-105518,2025-08-18 22:00:00,102,bus,27.5,72.0,snowy,Lane 2
TRF-105519,2025-08-18 23:00:00,102,truck,27.5,942.0,snowy,Lane 2
TRF-105520,2025-08-19 00:00:00,101,car,69.8,348.0,snowy,Lane 1
TRF-105521,2025-08-19 01:00:00,102,car,31.8,247.0,cloudy,Lane 3
TRF-105522,2025-08-19 02:00:00,105,truck,47.9,517.0,snowy,Lane 2
TRF-105523,2025-08-19 03:00:00,104,motorcycle,59.4,560.0,clear,Lane 3
TRF-105524,2025-08-19 04:00:00,104,truck,77.9,357.0,clear,Lane 2
TRF-105525,2025-08-19 05:00:00,101,bus,68.8,288.0,cloudy,Lane 3
TRF-105526,2025-08-19 06:00:00,103,car,89.2,595.0,clear,Lane 2
TRF-105527,2025-08-19 07:00:00,108,truck,91.6,148.0,clear,Lane 2
TRF-105528,2025-08-19 08:00:00,106,car,31.8,319.0,clear,Lane 2
TRF-105529,2025-08-19 09:00:00,101,truck,42.4,254.0,foggy,Lane 1
TRF-105530,2025-08-19 10:00:00,102,bike,19.7,923.0,rainy,Lane 3
TRF-105531,2025-08-19 11:00:00,106,bus,27.1,782.0,clear,Lane 1
TRF-105532,2025-08-19 12:00:00,103,bike,67.3,274.0,foggy,Lane 3
TRF-105533,2025-08-19 13:00:00,102,car,53.0,205.0,foggy,Lane 2
TRF-105534,2025-08-19 14:00:00,107,bike,74.2,551.0,clear,Express Lane
TRF-105535,2025-08-19 15:00:00,108,van,32.4,148.0,rainy,Lane 1
TRF-105536,2025-08-19 16:00:00,105,truck,38.1,288.0,clear,Lane 2
TRF-105537,2025-08-19 17:00:00,102,bus,58.7,600.0,clear,Lane 1
TRF-105538,2025-08-19 18:00:00,105,car,67.0,972.0,clear,Express Lane
TRF-105539,2025-08-19 19:00:00,106,motorcycle,18.6,187.0,rainy,Lane 3
TRF-105540,2025-08-19 20:00:00,105,car,43.7,290.0,rainy,Lane 3
TRF-105541,2025-08-19 21:00:00,106,truck,55.2,419.0,cloudy,Express Lane
TRF-105542,2025-08-19 22:00:00,106,van,62.1,674.0,clear,Express Lane
TRF-105543,2025-08-19 23:00:00,106,motorcycle,65.7,161.0,clear,Lane 3
TRF-105544,2025-08-20 00:00:00,106,motorcycle,46.7,437.0,rainy,Express Lane
TRF-105545,2025-08-20 01:00:00,106,car,25.8,311.0,rainy,Lane 2
TRF-105546,2025-08-20 02:00:00,102,truck,13.3,596.0,foggy,Lane 1
TRF-105547,2025-08-20 03:00:00,106,truck,44.7,797.0,clear,Lane 1
TRF-105548,2025-08-20 04:00:00,102,van,42.8,75.0,clear,Lane 1
TRF-105549,2025-08-20 05:00:00,106,bike,33.7,715.0,cloudy,Lane 1
TRF-105550,2025-08-20 06:00:00,105,van,64.1,50.0,clear,Lane 1
TRF-105551,2025-08-20 07:00:00,107,bike,27.3,1026.0,cloudy,Lane 1
TRF-105552,2025-08-20 08:00:00,106,truck,36.1,297.0,foggy,Lane 3
TRF-105553,2025-08-20 09:00:00,103,van,69.0,130.0,foggy,Lane 3
TRF-105554,2025-08-20 10:00:00,106,car,34.1,690.0,clear,Lane 1
TRF-105555,2025-08-20 11:00:00,106,truck,53.8,682.0,cloudy,Lane 1
TRF-105556,2025-08-20 12:00:00,105,truck,47.8,62.0,foggy,Express Lane
TRF-105557,2025-08-20 13:00:00,108,bus,52.4,265.0,clear,Express Lane
TRF-105558,2025-08-20 14:00:00,104,bus,63.9,227.0,snowy,Express Lane
TRF-105559,2025-08-20 15:00:00,105,bike,53.9,536.0,rainy,Lane 1
TRF-105560,2025-08-20 16:00:00,103,car,23.0,776.0,foggy,Express Lane
TRF-105561,2025-08-20 17:00:00,104,car,26.1,361.0,rainy,Lane 1
TRF-105562,2025-08-20 18:00:00,101,truck,53.3,515.0,clear,Lane 3
TRF-105563,2025-08-20 19:00:00,101,motorcycle,31.4,149.0,snowy,Lane 2
TRF-105564,2025-08-20 20:00:00,108,truck,65.2,187.0,clear,Lane 3
TRF-105565,2025-08-20 21:00:00,103,bike,53.6,1090.0,rainy,Lane 1
TRF-105566,2025-08-20 22:00:00,105,van,17.1,879.0,clear,Lane 1
TRF-105567,2025-08-20 23:00:00,102,van,82.0,173.0,snowy,Lane 3
TRF-105568,2025-08-21 00:00:00,103,car,41.4,670.0,clear,Lane 3
TRF-105569,2025-08-21 01:00:00,107,car,44.2,722.0,cloudy,Express Lane
TRF-105570,2025-08-21 02:00:00,104,truck,55.6,1081.0,snowy,Express Lane
TRF-105571,2025-08-21 03:00:00,104,truck,46.4,978.0,snowy,Lane 2
TRF-105572,2025-08-21 04:00:00,106,car,65.3,783.0,foggy,Express Lane
TRF-105573,2025-08-21 05:00:00,101,bus,29.7,904.0,clear,Express Lane
TRF-105574,2025-08-21 06:00:00,108,van,68.6,80.0,clear,Express Lane
TRF-105575,2025-08-21 07:00:00,104,car,60.3,138.0,foggy,Lane 2
TRF-105576,2025-08-21 08:00:00,103,bus,34.1,163.0,foggy,Express Lane
TRF-105577,2025-08-21 09:00:00,104,bike,52.5,109.0,foggy,Express Lane
TRF-105578,2025-08-21 10:00:00,108,bus,69.8,1036.0,snowy,Lane 3
TRF-105579,2025-08-21 11:00:00,108,truck,57.4,367.0,clear,Lane 3
TRF-105580,2025-08-21 12:00:00,108,truck,50.7,461.0,rainy,Express Lane
TRF-105581,2025-08-21 13:00:00,103,van,59.2,917.0,snowy,Lane 3
TRF-105582,2025-08-21 14:00:00,102,truck,60.7,131.0,foggy,Lane 1
TRF-105583,2025-08-21 15:00:00,106,bike,38.9,360.0,rainy,Lane 3
TRF-105584,2025-08-21 16:00:00,101,truck,50.8,405.0,foggy,Lane 2
TRF-105585,2025-08-21 17:00:00,104,van,63.3,260.0,cloudy,Express Lane
TRF-105586,2025-08-21 18:00:00,103,truck,50.4,793.0,clear,Lane 1
TRF-105587,2025-08-21 19:00:00,105,truck,35.1,453.0,rainy,Lane 3
TRF-105588,2025-08-21 20:00:00,101,car,53.0,1078.0,foggy,Lane 1
TRF-105589,2025-08-21 21:00:00,102,car,41.0,598.0,rainy,Lane 1
TRF-105590,2025-08-21 22:00:00,103,car,58.5,445.0,cloudy,Express Lane
TRF-105591,2025-08-21 23:00:00,107,car,73.7,331.0,rainy,Lane 1
TRF-105592,2025-08-22 00:00:00,107,car,60.2,148.0,cloudy,Lane 2
TRF-105593,2025-08-22 01:00:00,106,car,33.2,360.0,clear,Lane 1
TRF-105594,2025-08-22 02:00:00,106,bike,53.4,691.0,foggy,Express Lane
TRF-105595,2025-08-22 03:00:00,102,bus,5.0,388.0,clear,Lane 2
TRF-105596,2025-08-22 04:00:00,102,car,46.2,318.0,clear,Lane 2
TRF-105597,2025-08-22 05:00:00,106,van,64.9,582.0,rainy,Lane 2
TRF-105598,2025-08-22 06:00:00,104,bus,55.2,469.0,snowy,Lane 2
TRF-105599,2025-08-22 07:00:00,104,car,50.0,604.0,rainy,Lane 1
TRF-105600,2025-08-22 08:00:00,103,bus,86.3,746.0,snowy,Lane 3
TRF-105601,2025-08-22 09:00:00,105,bike,17.3,375.0,clear,Lane 3
TRF-105602,2025-08-22 10:00:00,103,bike,21.3,1044.0,cloudy,Lane 3
TRF-105603,2025-08-22 11:00:00,105,motorcycle,56.7,1042.0,cloudy,Lane 3
TRF-105604,2025-08-22 12:00:00,102,bus,64.2,862.0,cloudy,Lane 3
TRF-105605,2025-08-22 13:00:00,101,truck,64.9,134.0,clear,Express Lane
TRF-105606,2025-08-22 14:00:00,103,car,37.7,342.0,foggy,Lane 3
TRF-105607,2025-08-22 15:00:00,103,bike,32.8,115.0,rainy,Express Lane
TRF-105608,2025-08-22 16:00:00,105,bus,30.2,511.0,clear,Lane 3
TRF-105609,2025-08-22 17:00:00,108,truck,53.8,879.0,rainy,Lane 3
TRF-105610,2025-08-22 18:00:00,102,motorcycle,30.3,1057.0,clear,Lane 2
TRF-105611,2025-08-22 19:00:00,102,bus,68.1,329.0,foggy,Lane 1
TRF-105612,2025-08-22 20:00:00,107,car,47.6,557.0,cloudy,Lane 2
TRF-105613,2025-08-22 21:00:00,108,bike,35.3,635.0,cloudy,Lane 3
TRF-105614,2025-08-22 22:00:00,105,bus,35.4,956.0,cloudy,Express Lane
TRF-105615,2025-08-22 23:00:00,102,car,20.4,1094.0,clear,Lane 3
TRF-105616,2025-08-23 00:00:00,108,car,33.7,678.0,cloudy,Lane 3
TRF-105617,2025-08-23 01:00:00,106,bike,38.0,584.0,clear,Lane 1
TRF-105618,2025-08-23 02:00:00,108,motorcycle,55.3,274.0,cloudy,Lane 2
TRF-105619,2025-08-23 03:00:00,104,truck,46.2,618.0,snowy,Lane 1
TRF-105620,2025-08-23 04:00:00,107,bus,32.5,760.0,clear,Lane 2
TRF-105621,2025-08-23 05:00:00,106,bus,25.9,1074.0,clear,Lane 2
TRF-105622,2025-08-23 06:00:00,101,motorcycle,43.7,176.0,rainy,Lane 3
TRF-105623,2025-08-23 07:00:00,103,bus,11.0,342.0,foggy,Lane 2
TRF-105624,2025-08-23 08:00:00,107,van,42.3,345.0,foggy,Lane 2
TRF-105625,2025-08-23 09:00:00,101,car,68.1,432.0,clear,Lane 1
TRF-105626,2025-08-23 10:00:00,103,van,44.4,155.0,clear,Lane 2
TRF-105627,2025-08-23 11:00:00,104,bike,50.9,864.0,foggy,Lane 1
TRF-105628,2025-08-23 12:00:00,108,bike,48.7,525.0,snowy,Lane 2
TRF-105629,2025-08-23 13:00:00,102,car,23.1,1010.0,clear,Lane 1
TRF-105630,2025-08-23 14:00:00,106,car,79.6,773.0,cloudy,Lane 3
TRF-105631,2025-08-23 15:00:00,105,van,40.7,729.0,foggy,Lane 2
TRF-105632,2025-08-23 16:00:00,106,car,47.9,74.0,clear,Lane 1
TRF-105633,2025-08-23 17:00:00,104,truck,36.2,865.0,clear,Lane 1
TRF-105634,2025-08-23 18:00:00,101,bike,68.5,993.0,clear,Lane 3
TRF-105635,2025-08-23 19:00:00,105,car,21.7,940.0,cloudy,Lane 3
TRF-105636,2025-08-23 20:00:00,102,van,71.4,889.0,clear,Lane 1
TRF-105637,2025-08-23 21:00:00,104,bus,42.5,757.0,foggy,Lane 1
TRF-105638,2025-08-23 22:00:00,105,bike,38.4,127.0,snowy,Lane 1
TRF-105639,2025-08-23 23:00:00,104,car,36.7,146.0,snowy,Lane 2
TRF-105640,2025-08-24 00:00:00,108,bike,80.6,1024.0,clear,Lane 2
TRF-105641,2025-08-24 01:00:00,104,car,19.1,1096.0,rainy,Lane 1
TRF-105642,2025-08-24 02:00:00,102,bike,38.4,100.0,clear,Lane 3
TRF-105643,2025-08-24 03:00:00,107,motorcycle,24.8,787.0,snowy,Lane 3
TRF-105644,2025-08-24 04:00:00,103,car,15.4,825.0,foggy,Express Lane
TRF-105645,2025-08-24 05:00:00,105,car,71.5,868.0,foggy,Express Lane
TRF-105646,2025-08-24 06:00:00,108,car,47.5,755.0,clear,Lane 3
TRF-105647,2025-08-24 07:00:00,102,car,27.1,136.0,clear,Lane 2
TRF-105648,2025-08-24 08:00:00,104,bike,62.9,415.0,cloudy,Lane 3
TRF-105649,2025-08-24 09:00:00,108,bus,40.8,485.0,rainy,Lane 3
TRF-105650,2025-08-24 10:00:00,102,car,36.4,804.0,rainy,Lane 1
TRF-105651,2025-08-24 11:00:00,107,bike,58.4,323.0,rainy,Lane 3
TRF-105652,2025-08-24 12:00:00,108,truck,40.4,205.0,rainy,Express Lane
TRF-105653,2025-08-24 13:00:00,108,van,30.7,623.0,clear,Lane 2
TRF-105654,2025-08-24 14:00:00,103,car,60.5,358.0,foggy,Express Lane
TRF-105655,2025-08-24 15:00:00,106,van,45.5,1055.0,clear,Lane 2
TRF-105656,2025-08-24 16:00:00,105,car,61.4,71.0,foggy,Express Lane
TRF-105657,2025-08-24 17:00:00,103,car,40.7,110.0,clear,Lane 1
TRF-105658,2025-08-24 18:00:00,101,truck,66.3,517.0,rainy,Lane 1
TRF-105659,2025-08-24 19:00:00,105,bike,48.3,945.0,clear,Lane 2
TRF-105660,2025-08-24 20:00:00,103,car,67.1,291.0,rainy,Lane 1
TRF-105661,2025-08-24 21:00:00,104,car,66.5,738.0,rainy,Lane 2
TRF-105662,2025-08-24 22:00:00,105,motorcycle,70.3,1022.0,cloudy,Lane 3
TRF-105663,2025-08-24 23:00:00,105,bike,49.2,837.0,snowy,Lane 2
TRF-105664,2025-08-25 00:00:00,102,bus,54.9,577.0,clear,Express Lane
TRF-105665,2025-08-25 01:00:00,104,car,43.8,644.0,clear,Lane 2
TRF-105666,2025-08-25 02:00:00,101,bike,31.8,976.0,rainy,Lane 3
TRF-105667,2025-08-25 03:00:00,106,car,84.1,844.0,rainy,Lane 3
TRF-105668,2025-08-25 04:00:00,108,truck,34.5,127.0,clear,Lane 3
TRF-105669,2025-08-25 05:00:00,107,truck,64.3,823.0,clear,Lane 1
TRF-105670,2025-08-25 06:00:00,103,bus,61.1,156.0,cloudy,Lane 1
TRF-105671,2025-08-25 07:00:00,102,bus,51.3,824.0,clear,Express Lane
TRF-105672,2025-08-25 08:00:00,103,truck,45.2,608.0,foggy,Lane 1
TRF-105673,2025-08-25 09:00:00,101,bike,45.4,869.0,clear,Lane 2
TRF-105674,2025-08-25 10:00:00,108,bus,36.2,612.0,rainy,Lane 3
TRF-105675,2025-08-25 11:00:00,101,bike,49.7,577.0,clear,Lane 1
TRF-105676,2025-08-25 12:00:00,105,car,26.7,96.0,foggy,Lane 1
TRF-105677,2025-08-25 13:00:00,107,bike,61.5,711.0,foggy,Express Lane
TRF-105678,2025-08-25 14:00:00,101,motorcycle,43.9,608.0,rainy,Lane 1
TRF-105679,2025-08-25 15:00:00,103,bus,30.7,866.0,clear,Lane 1
TRF-105680,2025-08-25 16:00:00,104,motorcycle,25.0,853.0,foggy,Lane 3
TRF-105681,2025-08-25 17:00:00,104,bike,45.6,604.0,foggy,Express Lane
TRF-105682,2025-08-25 18:00:00,105,truck,47.9,59.0,snowy,Lane 3
TRF-105683,2025-08-25 19:00:00,106,car,38.7,792.0,foggy,Lane 1
TRF-105684,2025-08-25 20:00:00,103,bus,57.0,860.0,snowy,Lane 2
TRF-105685,2025-08-25 21:00:00,103,bus,54.3,760.0,snowy,Lane 3
TRF-105686,2025-08-25 22:00:00,101,van,49.0,564.0,rainy,Lane 2
TRF-105687,2025-08-25 23:00:00,107,car,31.3,398.0,snowy,Lane 2
TRF-105688,2025-08-26 00:00:00,103,truck,34.7,331.0,cloudy,Lane 3
TRF-105689,2025-08-26 01:00:00,102,truck,22.9,946.0,foggy,Express Lane
TRF-105690,2025-08-26 02:00:00,106,bike,44.6,336.0,foggy,Lane 2
TRF-105691,2025-08-26 03:00:00,101,truck,58.1,866.0,cloudy,Lane 3
TRF-105692,2025-08-26 04:00:00,102,bike,26.2,540.0,rainy,Lane 1
TRF-105693,2025-08-26 05:00:00,105,truck,37.9,1047.0,clear,Lane 3
TRF-105694,2025-08-26 06:00:00,104,car,47.0,916.0,clear,Lane 1
TRF-105695,2025-08-26 07:00:00,105,truck,58.1,967.0,cloudy,Express Lane
TRF-105696,2025-08-26 08:00:00,104,truck,21.4,416.0,snowy,Lane 2
TRF-105697,2025-08-26 09:00:00,105,bike,88.0,824.0,rainy,Express Lane
TRF-105698,2025-08-26 10:00:00,103,truck,61.5,888.0,rainy,Express Lane
TRF-105699,2025-08-26 11:00:00,102,bus,37.2,487.0,clear,Lane 2
TRF-105700,2025-08-26 12:00:00,104,truck,28.7,306.0,clear,Lane 1
TRF-105701,2025-08-26 13:00:00,101,van,53.1,259.0,snowy,Lane 3
TRF-105702,2025-08-26 14:00:00,102,car,47.9,42.0,foggy,Lane 1
TRF-105703,2025-08-26 15:00:00,101,car,30.2,226.0,cloudy,Lane 2
TRF-105704,2025-08-26 16:00:00,102,bus,27.9,644.0,clear,Lane 1
TRF-105705,2025-08-26 17:00:00,102,motorcycle,31.9,132.0,clear,Lane 1
TRF-105706,2025-08-26 18:00:00,105,bus,49.2,138.0,foggy,Lane 1
TRF-105707,2025-08-26 19:00:00,104,van,49.4,405.0,clear,Lane 2
TRF-105708,2025-08-26 20:00:00,104,car,87.0,155.0,foggy,Express Lane
TRF-105709,2025-08-26 21:00:00,107,car,9.0,776.0,cloudy,Lane 3
TRF-105710,2025-08-26 22:00:00,102,truck,47.9,414.0,foggy,Express Lane
TRF-105711,2025-08-26 23:00:00,103,truck,38.5,177.0,foggy,Lane 3
TRF-105712,2025-08-27 00:00:00,103,car,56.8,712.0,clear,Lane 2
TRF-105713,2025-08-27 01:00:00,101,bike,57.5,1054.0,rainy,Lane 2
TRF-105714,2025-08-27 02:00:00,101,car,44.4,1024.0,rainy,Lane 1
TRF-105715,2025-08-27 03:00:00,105,bus,75.2,581.0,clear,Lane 3
TRF-105716,2025-08-27 04:00:00,102,car,27.9,778.0,clear,Express Lane
TRF-105717,2025-08-27 05:00:00,101,truck,35.5,1060.0,cloudy,Lane 3
TRF-105718,2025-08-27 06:00:00,101,truck,24.3,465.0,clear,Lane 3
TRF-105719,2025-08-27 07:00:00,106,truck,45.4,831.0,foggy,Lane 2
TRF-105720,2025-08-27 08:00:00,102,bike,42.0,354.0,rainy,Lane 3
TRF-105721,2025-08-27 09:00:00,108,truck,62.2,186.0,clear,Lane 1
TRF-105722,2025-08-27 10:00:00,105,car,81.4,560.0,clear,Express Lane
TRF-105723,2025-08-27 11:00:00,101,van,74.8,1016.0,rainy,Lane 3
TRF-105724,2025-08-27 12:00:00,105,van,26.0,983.0,foggy,Lane 3
TRF-105725,2025-08-27 13:00:00,104,car,49.0,987.0,clear,Lane 1
TRF-105726,2025-08-27 14:00:00,105,car,61.9,765.0,rainy,Express Lane
TRF-105727,2025-08-27 15:00:00,108,car,60.0,902.0,rainy,Express Lane
TRF-105728,2025-08-27 16:00:00,103,car,89.7,123.0,foggy,Lane 1
TRF-105729,2025-08-27 17:00:00,108,bus,44.0,748.0,cloudy,Lane 2
TRF-105730,2025-08-27 18:00:00,103,truck,49.4,711.0,foggy,Express Lane
TRF-105731,2025-08-27 19:00:00,105,car,88.3,697.0,snowy,Lane 2
TRF-105732,2025-08-27 20:00:00,103,bus,55.6,544.0,clear,Lane 1
TRF-105733,2025-08-27 21:00:00,104,van,37.3,1058.0,clear,Lane 3
TRF-105734,2025-08-27 22:00:00,102,bus,30.5,223.0,foggy,Lane 3
TRF-105735,2025-08-27 23:00:00,103,car,51.8,83.0,clear,Lane 1
TRF-105736,2025-08-28 00:00:00,103,truck,67.2,963.0,clear,Express Lane
TRF-105737,2025-08-28 01:00:00,105,truck,67.0,1005.0,rainy,Lane 2
TRF-105738,2025-08-28 02:00:00,104,car,32.3,841.0,foggy,Lane 1
TRF-105739,2025-08-28 03:00:00,107,van,49.9,1061.0,foggy,Lane 3
TRF-105740,2025-08-28 04:00:00,107,bus,39.9,120.0,clear,Lane 3
TRF-105741,2025-08-28 05:00:00,107,truck,45.3,375.0,foggy,Express Lane
TRF-105742,2025-08-28 06:00:00,107,car,64.3,1051.0,foggy,Express Lane
TRF-105743,2025-08-28 07:00:00,102,bus,47.1,380.0,cloudy,Lane 2
TRF-105744,2025-08-28 08:00:00,108,motorcycle,59.7,239.0,foggy,Lane 2
TRF-105745,2025-08-28 09:00:00,105,bus,60.3,287.0,cloudy,Lane 2
TRF-105746,2025-08-28 10:00:00,105,truck,37.0,1094.0,clear,Lane 1
TRF-105747,2025-08-28 11:00:00,106,car,70.1,756.0,foggy,Lane 2
TRF-105748,2025-08-28 12:00:00,104,car,28.3,725.0,foggy,Lane 1
TRF-105749,2025-08-28 13:00:00,107,car,25.3,333.0,cloudy,Lane 1
TRF-105750,2025-08-28 14:00:00,102,car,39.4,894.0,clear,Express Lane
TRF-105751,2025-08-28 15:00:00,104,car,30.4,274.0,rainy,Lane 1
TRF-105752,2025-08-28 16:00:00,107,truck,58.9,815.0,clear,Express Lane
TRF-105753,2025-08-28 17:00:00,102,bike,94.1,620.0,rainy,Lane 2
TRF-105754,2025-08-28 18:00:00,104,truck,68.3,333.0,clear,Lane 1
TRF-105755,2025-08-28 19:00:00,105,bus,33.3,140.0,foggy,Lane 2
TRF-105756,2025-08-28 20:00:00,105,car,30.0,289.0,clear,Lane 1
TRF-105757,2025-08-28 21:00:00,108,car,65.6,695.0,cloudy,Lane 1
TRF-105758,2025-08-28 22:00:00,101,car,26.7,560.0,clear,Express Lane
TRF-105759,2025-08-28 23:00:00,108,motorcycle,30.3,590.0,clear,Lane 2
TRF-105760,2025-08-29 00:00:00,103,bus,54.6,82.0,foggy,Lane 1
TRF-105761,2025-08-29 01:00:00,108,motorcycle,38.2,931.0,foggy,Lane 3
TRF-105762,2025-08-29 02:00:00,107,bike,50.1,219.0,rainy,Lane 1
TRF-105763,2025-08-29 03:00:00,106,van,42.1,173.0,snowy,Lane 2
TRF-105764,2025-08-29 04:00:00,104,truck,47.5,789.0,foggy,Express Lane
TRF-105765,2025-08-29 05:00:00,106,bus,63.7,832.0,clear,Lane 3
TRF-105766,2025-08-29 06:00:00,101,car,59.2,747.0,snowy,Lane 2
TRF-105767,2025-08-29 07:00:00,103,truck,64.5,902.0,clear,Lane 1
TRF-105768,2025-08-29 08:00:00,104,truck,59.5,684.0,rainy,Express Lane
TRF-105769,2025-08-29 09:00:00,102,truck,60.8,214.0,cloudy,Express Lane
TRF-105770,2025-08-29 10:00:00,107,bus,48.0,619.0,clear,Lane 2
TRF-105771,2025-08-29 11:00:00,103,van,21.8,788.0,rainy,Lane 1
TRF-105772,2025-08-29 12:00:00,105,bus,46.1,131.0,clear,Lane 3
TRF-105773,2025-08-29 13:00:00,101,car,53.7,709.0,clear,Lane 2
TRF-105774,2025-08-29 14:00:00,103,van,49.3,518.0,foggy,Lane 3
TRF-105775,2025-08-29 15:00:00,107,truck,55.6,660.0,clear,Express Lane
TRF-105776,2025-08-29 16:00:00,108,bike,85.1,117.0,rainy,Express Lane
TRF-105777,2025-08-29 17:00:00,103,car,39.0,1023.0,foggy,Express Lane
TRF-105778,2025-08-29 18:00:00,108,motorcycle,40.7,560.0,rainy,Lane 3
TRF-105779,2025-08-29 19:00:00,107,bus,69.8,884.0,foggy,Lane 1
TRF-105780,2025-08-29 20:00:00,105,car,50.2,69.0,clear,Lane 2
TRF-105781,2025-08-29 21:00:00,104,motorcycle,56.2,741.0,cloudy,Lane 2
TRF-105782,2025-08-29 22:00:00,102,bus,37.3,320.0,foggy,Lane 2
TRF-105783,2025-08-29 23:00:00,105,truck,34.8,846.0,clear,Lane 3
TRF-105784,2025-08-30 00:00:00,108,truck,26.3,736.0,snowy,Lane 1
TRF-105785,2025-08-30 01:00:00,108,car,51.1,828.0,clear,Express Lane
TRF-105786,2025-08-30 02:00:00,102,motorcycle,30.4,873.0,snowy,Express Lane
TRF-105787,2025-08-30 03:00:00,104,truck,28.2,667.0,clear,Lane 3
TRF-105788,2025-08-30 04:00:00,103,truck,59.9,943.0,clear,Lane 2
TRF-105789,2025-08-30 05:00:00,102,bike,47.9,373.0,clear,Lane 1
TRF-105790,2025-08-30 06:00:00,101,bus,26.4,1056.0,clear,Lane 1
TRF-105791,2025-08-30 07:00:00,101,bus,24.5,1083.0,clear,Lane 1
TRF-105792,2025-08-30 08:00:00,107,van,64.4,1006.0,snowy,Lane 1
TRF-105793,2025-08-30 09:00:00,105,motorcycle,46.1,74.0,clear,Lane 1
TRF-105794,2025-08-30 10:00:00,108,bus,40.8,151.0,rainy,Lane 2
TRF-105795,2025-08-30 11:00:00,104,bike,51.1,304.0,clear,Express Lane
TRF-105796,2025-08-30 12:00:00,107,van,49.4,989.0,foggy,Lane 2
TRF-105797,2025-08-30 13:00:00,105,bus,38.5,930.0,clear,Express Lane
TRF-105798,2025-08-30 14:00:00,105,bike,42.0,341.0,clear,Lane 2
TRF-105799,2025-08-30 15:00:00,107,truck,61.2,447.0,cloudy,Express Lane
TRF-105800,2025-08-30 16:00:00,106,car,62.8,790.0,cloudy,Lane 2
TRF-105801,2025-08-30 17:00:00,105,truck,32.9,717.0,foggy,Lane 3
TRF-105802,2025-08-30 18:00:00,106,van,71.0,311.0,clear,Lane 1
TRF-105803,2025-08-30 19:00:00,101,car,84.2,885.0,rainy,Lane 1
TRF-105804,2025-08-30 20:00:00,101,bike,42.8,700.0,clear,Lane 2
TRF-105805,2025-08-30 21:00:00,105,car,42.3,370.0,snowy,Lane 2
TRF-105806,2025-08-30 22:00:00,101,truck,31.8,51.0,clear,Lane 1
TRF-105807,2025-08-30 23:00:00,104,van,36.0,598.0,rainy,Lane 3
TRF-105808,2025-08-31 00:00:00,106,car,53.8,699.0,clear,Express Lane
TRF-105809,2025-08-31 01:00:00,106,truck,89.7,999.0,clear,Express Lane
TRF-105810,2025-08-31 02:00:00,105,car,61.1,374.0,snowy,Lane 3
TRF-105811,2025-08-31 03:00:00,101,truck,42.0,229.0,clear,Lane 1
TRF-105812,2025-08-31 04:00:00,102,truck,40.4,34.0,foggy,Lane 2
TRF-105813,2025-08-31 05:00:00,108,truck,36.1,329.0,rainy,Express Lane
TRF-105814,2025-08-31 06:00:00,107,car,67.1,767.0,clear,Express Lane
TRF-105815,2025-08-31 07:00:00,107,truck,43.6,569.0,clear,Express Lane
TRF-105816,2025-08-31 08:00:00,106,bike,56.2,925.0,cloudy,Lane 1
TRF-105817,2025-08-31 09:00:00,105,bike,43.7,275.0,cloudy,Lane 2
TRF-105818,2025-08-31 10:00:00,105,motorcycle,86.1,1058.0,foggy,Lane 1
TRF-105819,2025-08-31 11:00:00,104,bus,38.4,42.0,clear,Lane 1
TRF-105820,2025-08-31 12:00:00,103,car,35.3,1007.0,clear,Express Lane
TRF-105821,2025-08-31 13:00:00,108,truck,39.3,315.0,rainy,Lane 2
TRF-105822,2025-08-31 14:00:00,103,motorcycle,55.6,368.0,rainy,Lane 1
TRF-105823,2025-08-31 15:00:00,106,truck,73.8,974.0,foggy,Lane 1
TRF-105824,2025-08-31 16:00:00,107,car,55.7,142.0,cloudy,Lane 3
TRF-105825,2025-08-31 17:00:00,104,truck,60.7,367.0,rainy,Lane 3
TRF-105826,2025-08-31 18:00:00,104,bus,58.2,119.0,clear,Lane 2
TRF-105827,2025-08-31 19:00:00,104,truck,18.0,812.0,foggy,Express Lane
TRF-105828,2025-08-31 20:00:00,106,van,47.7,788.0,snowy,Lane 1
TRF-105829,2025-08-31 21:00:00,103,car,42.3,1083.0,rainy,Lane 3
TRF-105830,2025-08-31 22:00:00,107,van,45.5,386.0,clear,Lane 2
TRF-105831,2025-08-31 23:00:00,104,bike,33.2,575.0,clear,Express Lane
TRF-105832,2025-09-01 00:00:00,107,bus,63.6,488.0,rainy,Lane 3
TRF-105833,2025-09-01 01:00:00,101,car,48.9,500.0,rainy,Express Lane
TRF-105834,2025-09-01 02:00:00,105,car,48.8,896.0,snowy,Express Lane
TRF-105835,2025-09-01 03:00:00,105,motorcycle,45.3,968.0,clear,Lane 3
TRF-105836,2025-09-01 04:00:00,107,car,36.7,602.0,clear,Lane 1
TRF-105837,2025-09-01 05:00:00,102,car,15.9,1055.0,rainy,Lane 3
TRF-105838,2025-09-01 06:00:00,102,truck,52.9,337.0,clear,Lane 3
TRF-105839,2025-09-01 07:00:00,106,bike,50.0,560.0,rainy,Lane 1
TRF-105840,2025-09-01 08:00:00,106,truck,57.6,1068.0,cloudy,Lane 2
TRF-105841,2025-09-01 09:00:00,105,van,49.3,453.0,cloudy,Lane 1
TRF-105842,2025-09-01 10:00:00,101,bus,28.6,639.0,clear,Lane 1
TRF-105843,2025-09-01 11:00:00,108,car,33.7,84.0,clear,Express Lane
TRF-105844,2025-09-01 12:00:00,103,car,72.1,442.0,foggy,Lane 2
TRF-105845,2025-09-01 13:00:00,103,bike,53.7,1011.0,cloudy,Express Lane
TRF-105846,2025-09-01 14:00:00,106,van,62.5,67.0,clear,Express Lane
TRF-105847,2025-09-01 15:00:00,101,car,64.5,799.0,clear,Lane 3
TRF-105848,2025-09-01 16:00:00,106,car,30.3,212.0,cloudy,Lane 1
TRF-105849,2025-09-01 17:00:00,108,bus,41.9,155.0,clear,Lane 1
TRF-105850,2025-09-01 18:00:00,103,bus,60.3,169.0,clear,Express Lane
TRF-105851,2025-09-01 19:00:00,107,bus,33.3,650.0,clear,Lane 1
TRF-105852,2025-09-01 20:00:00,106,van,40.7,61.0,clear,Lane 2
TRF-105853,2025-09-01 21:00:00,104,bus,38.7,264.0,clear,Lane 1
TRF-105854,2025-09-01 22:00:00,107,truck,34.7,102.0,clear,Express Lane
TRF-105855,2025-09-01 23:00:00,108,car,45.7,501.0,foggy,Lane 1
TRF-105856,2025-09-02 00:00:00,108,bus,39.3,657.0,rainy,Express Lane
TRF-105857,2025-09-02 01:00:00,106,car,40.8,697.0,clear,Lane 2
TRF-105858,2025-09-02 02:00:00,105,van,52.8,623.0,clear,Lane 3
TRF-105859,2025-09-02 03:00:00,106,motorcycle,66.0,648.0,clear,Express Lane
TRF-105860,2025-09-02 04:00:00,105,motorcycle,61.8,321.0,foggy,Express Lane
TRF-105861,2025-09-02 05:00:00,108,bike,51.2,658.0,clear,Lane 1
TRF-105862,2025-09-02 06:00:00,101,motorcycle,77.5,242.0,clear,Lane 3
TRF-105863,2025-09-02 07:00:00,108,bike,59.9,196.0,snowy,Lane 2
TRF-105864,2025-09-02 08:00:00,103,motorcycle,62.5,431.0,clear,Lane 3
TRF-105865,2025-09-02 09:00:00,107,car,45.1,820.0,rainy,Express Lane
TRF-105866,2025-09-02 10:00:00,107,bike,41.0,998.0,clear,Lane 2
TRF-105867,2025-09-02 11:00:00,102,truck,54.8,208.0,clear,Lane 2
TRF-105868,2025-09-02 12:00:00,102,bus,64.3,200.0,rainy,Lane 3
TRF-105869,2025-09-02 13:00:00,108,van,51.1,33.0,rainy,Express Lane
TRF-105870,2025-09-02 14:00:00,103,bus,36.6,365.0,snowy,Lane 3
TRF-105871,2025-09-02 15:00:00,102,bus,24.9,224.0,foggy,Lane 1
TRF-105872,2025-09-02 16:00:00,107,car,19.5,922.0,clear,Express Lane
TRF-105873,2025-09-02 17:00:00,106,truck,48.8,799.0,rainy,Lane 2
TRF-105874,2025-09-02 18:00:00,101,truck,62.7,159.0,snowy,Lane 3
TRF-105875,2025-09-02 19:00:00,101,truck,6.5,1054.0,clear,Lane 1
TRF-105876,2025-09-02 20:00:00,103,bike,37.1,815.0,foggy,Lane 2
TRF-105877,2025-09-02 21:00:00,108,truck,34.1,516.0,rainy,Lane 1
TRF-105878,2025-09-02 22:00:00,102,van,54.8,352.0,snowy,Express Lane
TRF-105879,2025-09-02 23:00:00,106,motorcycle,36.0,53.0,clear,Lane 1
TRF-105880,2025-09-03 00:00:00,101,bike,25.9,406.0,foggy,Lane 2
TRF-105881,2025-09-03 01:00:00,101,bike,37.0,808.0,cloudy,Lane 1
TRF-105882,2025-09-03 02:00:00,104,truck,34.2,122.0,rainy,Lane 3
TRF-105883,2025-09-03 03:00:00,108,truck,48.2,150.0,clear,Express Lane
TRF-105884,2025-09-03 04:00:00,104,bus,44.1,481.0,clear,Lane 1
TRF-105885,2025-09-03 05:00:00,107,car,56.0,631.0,snowy,Lane 1
TRF-105886,2025-09-03 06:00:00,101,car,47.9,929.0,snowy,Lane 2
TRF-105887,2025-09-03 07:00:00,103,bike,66.3,616.0,clear,Lane 3
TRF-105888,2025-09-03 08:00:00,105,truck,39.9,1084.0,cloudy,Lane 3
TRF-105889,2025-09-03 09:00:00,105,bus,47.9,981.0,foggy,Lane 3
TRF-105890,2025-09-03 10:00:00,106,car,53.7,736.0,clear,Lane 3
TRF-105891,2025-09-03 11:00:00,101,bike,42.7,630.0,clear,Lane 1
TRF-105892,2025-09-03 12:00:00,101,truck,60.4,639.0,rainy,Lane 3
TRF-105893,2025-09-03 13:00:00,107,truck,33.6,158.0,rainy,Express Lane
TRF-105894,2025-09-03 14:00:00,101,bus,70.3,482.0,clear,Lane 3
TRF-105895,2025-09-03 15:00:00,103,motorcycle,34.0,836.0,foggy,Lane 2
TRF-105896,2025-09-03 16:00:00,104,truck,23.9,465.0,snowy,Lane 3
TRF-105897,2025-09-03 17:00:00,101,van,22.5,536.0,foggy,Lane 2
TRF-105898,2025-09-03 18:00:00,101,van,49.6,681.0,snowy,Express Lane
TRF-105899,2025-09-03 19:00:00,107,car,37.8,936.0,clear,Lane 3
TRF-105900,2025-09-03 20:00:00,108,bus,47.9,138.0,clear,Express Lane
TRF-105901,2025-09-03 21:00:00,102,bus,28.2,555.0,snowy,Lane 1
TRF-105902,2025-09-03 22:00:00,108,bus,56.8,979.0,rainy,Lane 3
TRF-105903,2025-09-03 23:00:00,107,car,51.3,421.0,cloudy,Express Lane
TRF-105904,2025-09-04 00:00:00,108,bus,39.8,702.0,clear,Express Lane
TRF-105905,2025-09-04 01:00:00,107,bike,59.2,881.0,snowy,Lane 2
TRF-105906,2025-09-04 02:00:00,103,truck,58.4,635.0,rainy,Express Lane
TRF-105907,2025-09-04 03:00:00,106,bike,49.7,376.0,clear,Express Lane
TRF-105908,2025-09-04 04:00:00,101,bike,64.0,851.0,clear,Lane 3
TRF-105909,2025-09-04 05:00:00,107,bus,68.0,747.0,clear,Lane 1
TRF-105910,2025-09-04 06:00:00,107,bus,33.8,336.0,clear,Express Lane
TRF-105911,2025-09-04 07:00:00,102,car,68.4,939.0,rainy,Express Lane
TRF-105912,2025-09-04 08:00:00,107,car,31.8,1087.0,rainy,Lane 2
TRF-105913,2025-09-04 09:00:00,105,bus,61.9,198.0,clear,Lane 1
TRF-105914,2025-09-04 10:00:00,106,bike,65.0,561.0,clear,Express Lane
TRF-105915,2025-09-04 11:00:00,101,bus,44.9,567.0,foggy,Lane 3
TRF-105916,2025-09-04 12:00:00,101,truck,47.0,957.0,rainy,Lane 3
TRF-105917,2025-09-04 13:00:00,102,bus,42.6,719.0,clear,Lane 2
TRF-105918,2025-09-04 14:00:00,103,car,33.2,718.0,snowy,Lane 1
TRF-105919,2025-09-04 15:00:00,101,truck,36.5,734.0,foggy,Lane 1
TRF-105920,2025-09-04 16:00:00,105,bus,56.9,220.0,cloudy,Express Lane
TRF-105921,2025-09-04 17:00:00,101,truck,63.4,312.0,clear,Lane 2
TRF-105922,2025-09-04 18:00:00,105,bike,47.7,1000.0,clear,Lane 3
TRF-105923,2025-09-04 19:00:00,106,motorcycle,29.8,518.0,snowy,Express Lane
TRF-105924,2025-09-04 20:00:00,106,bike,27.4,1088.0,snowy,Lane 3
TRF-105925,2025-09-04 21:00:00,104,bus,46.1,835.0,clear,Lane 1
TRF-105926,2025-09-04 22:00:00,104,van,38.5,71.0,clear,Lane 2
TRF-105927,2025-09-04 23:00:00,105,truck,69.4,199.0,snowy,Lane 1
TRF-105928,2025-09-05 00:00:00,103,bus,35.4,1036.0,foggy,Lane 3
TRF-105929,2025-09-05 01:00:00,101,car,58.8,897.0,rainy,Lane 3
TRF-105930,2025-09-05 02:00:00,107,truck,36.8,595.0,clear,Lane 1
TRF-105931,2025-09-05 03:00:00,101,truck,42.9,414.0,foggy,Lane 3
TRF-105932,2025-09-05 04:00:00,104,truck,51.1,627.0,clear,Express Lane
TRF-105933,2025-09-05 05:00:00,108,bus,57.4,110.0,clear,Express Lane
TRF-105934,2025-09-05 06:00:00,107,car,55.6,809.0,clear,Lane 3
TRF-105935,2025-09-05 07:00:00,105,truck,37.9,490.0,clear,Express Lane
TRF-105936,2025-09-05 08:00:00,107,car,49.8,267.0,foggy,Express Lane
TRF-105937,2025-09-05 09:00:00,108,truck,41.3,328.0,clear,Express Lane
TRF-105938,2025-09-05 10:00:00,101,truck,22.2,766.0,clear,Express Lane
TRF-105939,2025-09-05 11:00:00,101,van,52.1,869.0,clear,Lane 2
TRF-105940,2025-09-05 12:00:00,103,car,70.7,558.0,cloudy,Lane 2
TRF-105941,2025-09-05 13:00:00,102,car,75.8,117.0,rainy,Lane 2
TRF-105942,2025-09-05 14:00:00,107,motorcycle,53.7,53.0,clear,Lane 3
TRF-105943,2025-09-05 15:00:00,104,car,52.5,361.0,cloudy,Express Lane
TRF-105944,2025-09-05 16:00:00,108,bus,5.0,493.0,rainy,Lane 2
TRF-105945,2025-09-05 17:00:00,108,car,97.1,1031.0,clear,Lane 1
TRF-105946,2025-09-05 18:00:00,108,car,73.8,218.0,rainy,Express Lane
TRF-105947,2025-09-05 19:00:00,104,motorcycle,61.7,251.0,rainy,Lane 3
TRF-105948,2025-09-05 20:00:00,102,bus,49.3,992.0,cloudy,Express Lane
TRF-105949,2025-09-05 21:00:00,101,bus,7.8,382.0,clear,Lane 1
TRF-105950,2025-09-05 22:00:00,103,bike,51.3,251.0,snowy,Lane 3
TRF-105951,2025-09-05 23:00:00,103,bus,48.6,517.0,foggy,Lane 1
TRF-105952,2025-09-06 00:00:00,104,car,22.6,889.0,foggy,Lane 2
TRF-105953,2025-09-06 01:00:00,103,bike,56.1,908.0,snowy,Express Lane
TRF-105954,2025-09-06 02:00:00,108,bike,70.3,196.0,rainy,Lane 3
TRF-105955,2025-09-06 03:00:00,106,truck,54.1,130.0,clear,Lane 3
TRF-105956,2025-09-06 04:00:00,102,car,54.1,554.0,clear,Lane 1
TRF-105957,2025-09-06 05:00:00,101,truck,55.2,517.0,clear,Lane 3
TRF-105958,2025-09-06 06:00:00,106,car,42.2,110.0,snowy,Lane 1
TRF-105959,2025-09-06 07:00:00,102,truck,61.7,609.0,rainy,Lane 2
TRF-105960,2025-09-06 08:00:00,105,van,75.4,851.0,clear,Lane 1
TRF-105961,2025-09-06 09:00:00,107,bike,48.7,915.0,rainy,Lane 1
TRF-105962,2025-09-06 10:00:00,104,car,34.4,631.0,rainy,Lane 3
TRF-105963,2025-09-06 11:00:00,108,bike,23.1,101.0,clear,Lane 2
TRF-105964,2025-09-06 12:00:00,103,truck,57.0,274.0,clear,Lane 2
TRF-105965,2025-09-06 13:00:00,105,bike,59.1,608.0,clear,Lane 2
TRF-105966,2025-09-06 14:00:00,103,car,54.6,671.0,clear,Lane 2
TRF-105967,2025-09-06 15:00:00,106,motorcycle,43.8,223.0,cloudy,Lane 3
TRF-105968,2025-09-06 16:00:00,101,bike,53.0,567.0,rainy,Lane 3
TRF-105969,2025-09-06 17:00:00,101,bus,47.9,361.0,foggy,Lane 3
TRF-105970,2025-09-06 18:00:00,101,bike,35.2,322.0,snowy,Lane 2
TRF-105971,2025-09-06 19:00:00,108,bike,30.1,759.0,cloudy,Lane 1
TRF-105972,2025-09-06 20:00:00,103,motorcycle,30.3,65.0,foggy,Lane 2
TRF-105973,2025-09-06 21:00:00,105,truck,47.9,1074.0,clear,Lane 2
TRF-105974,2025-09-06 22:00:00,101,motorcycle,43.2,274.0,clear,Lane 2
TRF-105975,2025-09-06 23:00:00,105,truck,35.7,83.0,foggy,Lane 1
TRF-105976,2025-09-07 00:00:00,103,car,23.5,205.0,foggy,Express Lane
TRF-105977,2025-09-07 01:00:00,108,car,60.1,219.0,foggy,Lane 1
TRF-105978,2025-09-07 02:00:00,106,truck,67.3,836.0,foggy,Express Lane
TRF-105979,2025-09-07 03:00:00,108,truck,29.6,645.0,clear,Lane 3
TRF-105980,2025-09-07 04:00:00,105,bike,45.8,97.0,rainy,Express Lane
TRF-105981,2025-09-07 05:00:00,108,motorcycle,31.2,353.0,snowy,Lane 2
TRF-105982,2025-09-07 06:00:00,108,bus,45.4,483.0,clear,Lane 2
TRF-105983,2025-09-07 07:00:00,106,motorcycle,58.9,255.0,cloudy,Express Lane
TRF-105984,2025-09-07 08:00:00,103,van,77.1,133.0,rainy,Lane 2
TRF-105985,2025-09-07 09:00:00,103,motorcycle,40.0,495.0,snowy,Express Lane
TRF-105986,2025-09-07 10:00:00,104,bus,60.6,457.0,rainy,Lane 2
TRF-105987,2025-09-07 11:00:00,108,bus,61.0,1022.0,rainy,Lane 3
TRF-105988,2025-09-07 12:00:00,103,bike,45.3,471.0,clear,Lane 1
TRF-105989,2025-09-07 13:00:00,103,car,68.9,753.0,rainy,Lane 3
TRF-105990,2025-09-07 14:00:00,102,bus,42.1,1089.0,cloudy,Lane 3
TRF-105991,2025-09-07 15:00:00,101,van,55.8,162.0,foggy,Express Lane
TRF-105992,2025-09-07 16:00:00,104,bike,37.7,921.0,clear,Lane 3
TRF-105993,2025-09-07 17:00:00,107,truck,57.6,425.0,clear,Lane 1
TRF-105994,2025-09-07 18:00:00,104,car,55.8,119.0,rainy,Express Lane
TRF-105995,2025-09-07 19:00:00,104,car,69.4,284.0,clear,Lane 3
TRF-105996,2025-09-07 20:00:00,107,bike,81.0,985.0,rainy,Lane 2
TRF-105997,2025-09-07 21:00:00,102,bus,64.5,112.0,foggy,Lane 3
TRF-105998,2025-09-07 22:00:00,108,car,60.1,680.0,foggy,Express Lane
TRF-105999,2025-09-07 23:00:00,106,truck,41.0,561.0,clear,Lane 2
TRF-106000,2025-09-08 00:00:00,103,van,7.2,870.0,clear,Lane 3
TRF-106001,2025-09-08 01:00:00,101,truck,71.4,56.0,foggy,Lane 3
TRF-106002,2025-09-08 02:00:00,105,bike,81.4,1044.0,clear,Lane 2
TRF-106003,2025-09-08 03:00:00,108,car,53.6,408.0,foggy,Lane 2
TRF-106004,2025-09-08 04:00:00,107,car,29.9,422.0,snowy,Lane 2
TRF-106005,2025-09-08 05:00:00,106,bike,72.8,246.0,clear,Lane 2
TRF-106006,2025-09-08 06:00:00,108,motorcycle,67.9,410.0,foggy,Lane 2
TRF-106007,2025-09-08 07:00:00,107,truck,11.3,666.0,foggy,Lane 1
TRF-106008,2025-09-08 08:00:00,103,car,50.5,829.0,clear,Lane 1
TRF-106009,2025-09-08 09:00:00,102,van,52.4,537.0,snowy,Lane 1
TRF-106010,2025-09-08 10:00:00,108,car,19.1,312.0,foggy,Lane 3
TRF-106011,2025-09-08 11:00:00,107,truck,28.6,243.0,rainy,Lane 1
TRF-106012,2025-09-08 12:00:00,103,truck,67.6,559.0,foggy,Lane 2
TRF-106013,2025-09-08 13:00:00,103,motorcycle,49.3,884.0,rainy,Lane 1
TRF-106014,2025-09-08 14:00:00,102,bike,30.9,646.0,clear,Lane 1
TRF-106015,2025-09-08 15:00:00,104,bike,36.0,70.0,clear,Lane 3
TRF-106016,2025-09-08 16:00:00,108,motorcycle,26.4,548.0,foggy,Lane 2
TRF-106017,2025-09-08 17:00:00,108,truck,49.4,1058.0,clear,Lane 3
TRF-106018,2025-09-08 18:00:00,104,bus,47.9,1074.0,clear,Express Lane
TRF-106019,2025-09-08 19:00:00,101,van,69.2,675.0,cloudy,Lane 1
TRF-106020,2025-09-08 20:00:00,101,truck,36.0,970.0,foggy,Express Lane
TRF-106021,2025-09-08 21:00:00,104,bike,41.6,271.0,clear,Lane 1
TRF-106022,2025-09-08 22:00:00,106,car,57.0,960.0,clear,Express Lane
TRF-106023,2025-09-08 23:00:00,105,bike,65.1,135.0,clear,Lane 3
TRF-106024,2025-09-09 00:00:00,103,truck,54.7,372.0,clear,Express Lane
TRF-106025,2025-09-09 01:00:00,105,car,70.8,446.0,snowy,Lane 3
TRF-106026,2025-09-09 02:00:00,103,bus,80.7,67.0,clear,Express Lane
TRF-106027,2025-09-09 03:00:00,104,car,18.7,365.0,foggy,Lane 2
TRF-106028,2025-09-09 04:00:00,101,bike,75.3,502.0,foggy,Lane 1
TRF-106029,2025-09-09 05:00:00,106,motorcycle,71.4,142.0,clear,Lane 2
TRF-106030,2025-09-09 06:00:00,101,bike,26.8,280.0,clear,Lane 1
TRF-106031,2025-09-09 07:00:00,105,bus,56.3,941.0,clear,Express Lane
TRF-106032,2025-09-09 08:00:00,101,truck,59.4,293.0,clear,Lane 1
TRF-106033,2025-09-09 09:00:00,104,truck,28.4,928.0,rainy,Lane 3
TRF-106034,2025-09-09 10:00:00,106,bus,46.9,610.0,rainy,Express Lane
TRF-106035,2025-09-09 11:00:00,105,truck,50.8,413.0,snowy,Lane 1
TRF-106036,2025-09-09 12:00:00,106,car,28.6,816.0,rainy,Lane 1
TRF-106037,2025-09-09 13:00:00,108,car,41.9,1039.0,clear,Lane 2
TRF-106038,2025-09-09 14:00:00,103,car,47.9,591.0,snowy,Express Lane
TRF-106039,2025-09-09 15:00:00,101,bus,78.3,502.0,clear,Lane 1
TRF-106040,2025-09-09 16:00:00,106,van,28.1,90.0,foggy,Lane 1
TRF-106041,2025-09-09 17:00:00,102,bus,5.0,947.0,clear,Express Lane
TRF-106042,2025-09-09 18:00:00,108,car,70.3,1085.0,foggy,Lane 1
TRF-106043,2025-09-09 19:00:00,101,bus,80.8,686.0,foggy,Lane 1
TRF-106044,2025-09-09 20:00:00,103,motorcycle,63.8,198.0,cloudy,Lane 3
TRF-106045,2025-09-09 21:00:00,106,bike,42.8,1075.0,clear,Lane 1
TRF-106046,2025-09-09 22:00:00,105,truck,28.5,839.0,cloudy,Lane 1
TRF-106047,2025-09-09 23:00:00,103,bike,59.1,331.0,clear,Lane 3
TRF-106048,2025-09-10 00:00:00,102,bike,67.0,717.0,clear,Express Lane
TRF-106049,2025-09-10 01:00:00,106,bus,36.1,416.0,cloudy,Lane 1
TRF-106050,2025-09-10 02:00:00,107,truck,53.0,358.0,cloudy,Lane 3
TRF-106051,2025-09-10 03:00:00,107,bus,40.2,489.0,foggy,Lane 2
TRF-106052,2025-09-10 04:00:00,104,truck,61.6,182.0,cloudy,Express Lane
TRF-106053,2025-09-10 05:00:00,101,car,10.9,754.0,clear,Lane 1
TRF-106054,2025-09-10 06:00:00,105,truck,55.1,836.0,clear,Lane 3
TRF-106055,2025-09-10 07:00:00,104,truck,41.4,516.0,foggy,Lane 2
TRF-106056,2025-09-10 08:00:00,106,truck,81.0,624.0,rainy,Express Lane
TRF-106057,2025-09-10 09:00:00,107,bike,53.6,1027.0,snowy,Lane 1
TRF-106058,2025-09-10 10:00:00,107,truck,60.7,1011.0,foggy,Express Lane
TRF-106059,2025-09-10 11:00:00,107,truck,31.0,670.0,foggy,Lane 2
TRF-106060,2025-09-10 12:00:00,106,bus,44.0,977.0,rainy,Lane 1
TRF-106061,2025-09-10 13:00:00,107,bus,55.1,220.0,foggy,Express Lane
TRF-106062,2025-09-10 14:00:00,103,bike,41.5,81.0,clear,Lane 3
TRF-106063,2025-09-10 15:00:00,108,bus,43.6,624.0,snowy,Express Lane
TRF-106064,2025-09-10 16:00:00,106,bike,52.7,370.0,clear,Lane 3
TRF-106065,2025-09-10 17:00:00,105,bus,17.2,554.0,clear,Lane 3
TRF-106066,2025-09-10 18:00:00,108,truck,38.6,46.0,rainy,Lane 3
TRF-106067,2025-09-10 19:00:00,104,car,62.2,271.0,snowy,Express Lane
TRF-106068,2025-09-10 20:00:00,105,bus,40.9,680.0,clear,Lane 3
TRF-106069,2025-09-10 21:00:00,108,truck,90.1,323.0,clear,Lane 1
TRF-106070,2025-09-10 22:00:00,102,car,49.6,1081.0,clear,Lane 3
TRF-106071,2025-09-10 23:00:00,107,van,14.7,388.0,snowy,Lane 1
TRF-106072,2025-09-11 00:00:00,102,motorcycle,56.0,702.0,clear,Lane 1
TRF-106073,2025-09-11 01:00:00,101,truck,29.0,1049.0,clear,Lane 1
TRF-106074,2025-09-11 02:00:00,101,truck,54.1,211.0,cloudy,Lane 1
TRF-106075,2025-09-11 03:00:00,108,car,37.8,950.0,rainy,Express Lane
TRF-106076,2025-09-11 04:00:00,102,bus,39.0,821.0,rainy,Lane 1
TRF-106077,2025-09-11 05:00:00,106,bike,66.6,696.0,foggy,Lane 1
TRF-106078,2025-09-11 06:00:00,105,truck,19.5,755.0,foggy,Lane 3
TRF-106079,2025-09-11 07:00:00,102,car,39.3,382.0,clear,Lane 3
TRF-106080,2025-09-11 08:00:00,101,motorcycle,37.3,98.0,rainy,Lane 3
TRF-106081,2025-09-11 09:00:00,102,bus,72.1,506.0,clear,Lane 1
TRF-106082,2025-09-11 10:00:00,106,bike,41.7,354.0,rainy,Lane 1
TRF-106083,2025-09-11 11:00:00,102,van,31.1,316.0,clear,Lane 1
TRF-106084,2025-09-11 12:00:00,105,van,52.2,112.0,rainy,Lane 1
TRF-106085,2025-09-11 13:00:00,104,car,31.9,298.0,clear,Lane 2
TRF-106086,2025-09-11 14:00:00,106,bike,34.5,917.0,clear,Lane 2
TRF-106087,2025-09-11 15:00:00,101,bike,60.4,330.0,rainy,Lane 3
TRF-106088,2025-09-11 16:00:00,105,car,5.0,1051.0,cloudy,Express Lane
TRF-106089,2025-09-11 17:00:00,102,truck,30.6,119.0,foggy,Lane 3
TRF-106090,2025-09-11 18:00:00,102,car,35.8,389.0,snowy,Lane 1
TRF-106091,2025-09-11 19:00:00,104,car,75.8,1055.0,clear,Lane 1
TRF-106092,2025-09-11 20:00:00,101,car,56.0,809.0,clear,Lane 3
TRF-106093,2025-09-11 21:00:00,101,bike,47.4,756.0,foggy,Lane 3
TRF-106094,2025-09-11 22:00:00,103,car,46.1,34.0,foggy,Express Lane
TRF-106095,2025-09-11 23:00:00,101,bus,50.2,146.0,foggy,Lane 3
TRF-106096,2025-09-12 00:00:00,104,bike,52.4,1043.0,rainy,Express Lane
TRF-106097,2025-09-12 01:00:00,107,bus,50.3,460.0,rainy,Lane 1
TRF-106098,2025-09-12 02:00:00,103,bus,83.0,419.0,clear,Express Lane
TRF-106099,2025-09-12 03:00:00,103,motorcycle,40.1,773.0,clear,Lane 3
TRF-106100,2025-09-12 04:00:00,102,bus,51.1,113.0,clear,Lane 1
TRF-106101,2025-09-12 05:00:00,102,car,48.7,630.0,clear,Express Lane
TRF-106102,2025-09-12 06:00:00,101,truck,64.9,482.0,foggy,Lane 2
TRF-106103,2025-09-12 07:00:00,103,bike,35.5,352.0,snowy,Lane 1
TRF-106104,2025-09-12 08:00:00,108,truck,41.4,993.0,foggy,Lane 3
TRF-106105,2025-09-12 09:00:00,102,bike,20.8,532.0,clear,Express Lane
TRF-106106,2025-09-12 10:00:00,104,bus,65.8,535.0,snowy,Lane 2
TRF-106107,2025-09-12 11:00:00,108,car,20.6,914.0,clear,Lane 3
TRF-106108,2025-09-12 12:00:00,102,truck,57.7,525.0,cloudy,Lane 2
TRF-106109,2025-09-12 13:00:00,106,truck,78.3,970.0,clear,Lane 1
TRF-106110,2025-09-12 14:00:00,106,bus,82.7,1023.0,clear,Express Lane
TRF-106111,2025-09-12 15:00:00,102,car,42.5,415.0,foggy,Lane 3
TRF-106112,2025-09-12 16:00:00,103,car,41.8,705.0,snowy,Lane 3
TRF-106113,2025-09-12 17:00:00,107,truck,46.7,894.0,clear,Lane 3
TRF-106114,2025-09-12 18:00:00,107,bus,64.2,316.0,snowy,Lane 2
TRF-106115,2025-09-12 19:00:00,103,bike,45.6,952.0,rainy,Express Lane
TRF-106116,2025-09-12 20:00:00,105,car,43.1,230.0,clear,Express Lane
TRF-106117,2025-09-12 21:00:00,107,bus,67.3,840.0,clear,Lane 1
TRF-106118,2025-09-12 22:00:00,106,bus,48.8,912.0,snowy,Express Lane
TRF-106119,2025-09-12 23:00:00,104,car,45.2,542.0,snowy,Lane 3
TRF-106120,2025-09-13 00:00:00,103,bus,32.2,927.0,foggy,Lane 2
TRF-106121,2025-09-13 01:00:00,101,truck,66.5,386.0,foggy,Lane 2
TRF-106122,2025-09-13 02:00:00,106,bike,52.4,937.0,clear,Express Lane
TRF-106123,2025-09-13 03:00:00,104,car,47.8,935.0,clear,Lane 3
TRF-106124,2025-09-13 04:00:00,104,motorcycle,14.5,346.0,snowy,Lane 1
TRF-106125,2025-09-13 05:00:00,103,van,65.2,124.0,cloudy,Express Lane
TRF-106126,2025-09-13 06:00:00,104,bike,27.6,488.0,clear,Lane 2
TRF-106127,2025-09-13 07:00:00,103,bus,56.1,424.0,rainy,Lane 2
TRF-106128,2025-09-13 08:00:00,107,car,34.0,1092.0,rainy,Lane 3
TRF-106129,2025-09-13 09:00:00,102,bus,28.7,178.0,snowy,Express Lane
TRF-106130,2025-09-13 10:00:00,106,truck,64.7,405.0,foggy,Lane 3
TRF-106131,2025-09-13 11:00:00,105,motorcycle,49.8,395.0,foggy,Lane 3
TRF-106132,2025-09-13 12:00:00,102,bike,48.7,485.0,rainy,Express Lane
TRF-106133,2025-09-13 13:00:00,106,motorcycle,83.1,305.0,clear,Lane 3
TRF-106134,2025-09-13 14:00:00,103,bus,82.8,434.0,rainy,Lane 2
TRF-106135,2025-09-13 15:00:00,106,motorcycle,43.6,192.0,snowy,Lane 2
TRF-106136,2025-09-13 16:00:00,107,truck,24.5,829.0,clear,Express Lane
TRF-106137,2025-09-13 17:00:00,103,car,73.4,833.0,rainy,Lane 2
TRF-106138,2025-09-13 18:00:00,102,van,23.8,209.0,foggy,Express Lane
TRF-106139,2025-09-13 19:00:00,101,bus,56.6,161.0,rainy,Express Lane
TRF-106140,2025-09-13 20:00:00,101,bus,43.2,881.0,snowy,Lane 2
TRF-106141,2025-09-13 21:00:00,108,motorcycle,49.4,1041.0,clear,Lane 2
TRF-106142,2025-09-13 22:00:00,108,car,70.1,486.0,foggy,Lane 3
TRF-106143,2025-09-13 23:00:00,106,bus,33.8,944.0,clear,Lane 2
TRF-106144,2025-09-14 00:00:00,101,bike,37.1,1046.0,foggy,Lane 1
TRF-106145,2025-09-14 01:00:00,103,car,61.6,539.0,clear,Express Lane
TRF-106146,2025-09-14 02:00:00,104,bike,80.2,274.0,foggy,Express Lane
TRF-106147,2025-09-14 03:00:00,103,van,92.5,813.0,clear,Express Lane
TRF-106148,2025-09-14 04:00:00,104,bike,21.9,1091.0,clear,Express Lane
TRF-106149,2025-09-14 05:00:00,102,car,40.4,527.0,clear,Lane 3
TRF-106150,2025-09-14 06:00:00,105,motorcycle,29.4,488.0,foggy,Express Lane
TRF-106151,2025-09-14 07:00:00,104,bike,63.2,673.0,snowy,Lane 3
TRF-106152,2025-09-14 08:00:00,101,motorcycle,49.1,85.0,rainy,Lane 3
TRF-106153,2025-09-14 09:00:00,103,motorcycle,63.8,453.0,rainy,Lane 1
TRF-106154,2025-09-14 10:00:00,102,bus,40.9,560.0,rainy,Lane 2
TRF-106155,2025-09-14 11:00:00,101,truck,60.6,402.0,cloudy,Lane 2
TRF-106156,2025-09-14 12:00:00,102,truck,44.8,111.0,foggy,Lane 3
TRF-106157,2025-09-14 13:00:00,105,motorcycle,50.6,911.0,snowy,Lane 1
TRF-106158,2025-09-14 14:00:00,107,bus,37.6,590.0,foggy,Express Lane
TRF-106159,2025-09-14 15:00:00,103,car,72.5,77.0,clear,Express Lane
TRF-106160,2025-09-14 16:00:00,106,van,25.3,267.0,snowy,Lane 3
TRF-106161,2025-09-14 17:00:00,103,bike,46.0,1021.0,clear,Lane 2
TRF-106162,2025-09-14 18:00:00,108,van,80.1,418.0,rainy,Lane 3
TRF-106163,2025-09-14 19:00:00,105,bus,71.0,714.0,snowy,Lane 1
TRF-106164,2025-09-14 20:00:00,103,bike,32.8,216.0,clear,Lane 2
TRF-106165,2025-09-14 21:00:00,108,motorcycle,33.7,725.0,clear,Express Lane
TRF-106166,2025-09-14 22:00:00,106,car,57.3,392.0,clear,Express Lane
TRF-106167,2025-09-14 23:00:00,104,bike,59.7,37.0,clear,Lane 3
TRF-106168,2025-09-15 00:00:00,102,bike,69.4,640.0,snowy,Lane 1
TRF-106169,2025-09-15 01:00:00,106,car,22.6,56.0,clear,Lane 1
TRF-106170,2025-09-15 02:00:00,101,bus,71.7,1003.0,clear,Lane 1
TRF-106171,2025-09-15 03:00:00,105,bus,31.8,916.0,cloudy,Lane 1
TRF-106172,2025-09-15 04:00:00,104,car,72.0,1012.0,cloudy,Lane 2
TRF-106173,2025-09-15 05:00:00,101,truck,18.9,305.0,clear,Lane 1
TRF-106174,2025-09-15 06:00:00,101,bike,27.9,854.0,clear,Lane 3
TRF-106175,2025-09-15 07:00:00,105,motorcycle,79.0,995.0,cloudy,Lane 1
TRF-106176,2025-09-15 08:00:00,104,motorcycle,80.0,820.0,clear,Express Lane
TRF-106177,2025-09-15 09:00:00,107,van,49.8,745.0,foggy,Lane 2
TRF-106178,2025-09-15 10:00:00,101,car,42.1,506.0,clear,Lane 2
TRF-106179,2025-09-15 11:00:00,101,van,47.7,733.0,clear,Lane 3
TRF-106180,2025-09-15 12:00:00,104,truck,55.5,389.0,foggy,Express Lane
TRF-106181,2025-09-15 13:00:00,103,truck,57.1,1086.0,clear,Lane 3
TRF-106182,2025-09-15 14:00:00,101,car,42.7,574.0,clear,Lane 3
TRF-106183,2025-09-15 15:00:00,102,car,13.2,129.0,snowy,Lane 3
TRF-106184,2025-09-15 16:00:00,104,car,38.2,686.0,snowy,Lane 1
TRF-106185,2025-09-15 17:00:00,101,truck,20.0,359.0,snowy,Lane 1
TRF-106186,2025-09-15 18:00:00,105,bike,61.8,151.0,clear,Lane 1
TRF-106187,2025-09-15 19:00:00,106,bus,54.6,988.0,rainy,Lane 3
TRF-106188,2025-09-15 20:00:00,102,bus,46.0,1031.0,foggy,Lane 3
TRF-106189,2025-09-15 21:00:00,108,van,47.9,505.0,clear,Lane 3
TRF-106190,2025-09-15 22:00:00,108,truck,83.4,771.0,clear,Lane 1
TRF-106191,2025-09-15 23:00:00,106,truck,68.6,156.0,clear,Lane 1
TRF-106192,2025-09-16 00:00:00,108,bike,51.7,897.0,snowy,Lane 3
TRF-106193,2025-09-16 01:00:00,106,motorcycle,38.3,120.0,cloudy,Lane 3
TRF-106194,2025-09-16 02:00:00,101,car,71.2,75.0,snowy,Lane 1
TRF-106195,2025-09-16 03:00:00,102,bike,50.0,54.0,foggy,Lane 3
TRF-106196,2025-09-16 04:00:00,102,car,36.3,378.0,rainy,Lane 1
TRF-106197,2025-09-16 05:00:00,103,bus,37.4,1032.0,cloudy,Lane 1
TRF-106198,2025-09-16 06:00:00,106,motorcycle,59.9,797.0,clear,Lane 3
TRF-106199,2025-09-16 07:00:00,102,truck,65.1,902.0,clear,Lane 3
TRF-106200,2025-09-16 08:00:00,103,car,59.4,323.0,clear,Lane 3
TRF-106201,2025-09-16 09:00:00,104,bus,59.8,275.0,rainy,Express Lane
TRF-106202,2025-09-16 10:00:00,103,truck,42.5,286.0,rainy,Express Lane
TRF-106203,2025-09-16 11:00:00,105,car,38.2,851.0,foggy,Express Lane
TRF-106204,2025-09-16 12:00:00,107,car,50.7,381.0,clear,Lane 2
TRF-106205,2025-09-16 13:00:00,101,truck,46.5,819.0,foggy,Lane 2
TRF-106206,2025-09-16 14:00:00,104,truck,30.0,1052.0,rainy,Express Lane
TRF-106207,2025-09-16 15:00:00,107,car,47.4,723.0,snowy,Lane 3
TRF-106208,2025-09-16 16:00:00,107,bus,60.4,768.0,rainy,Express Lane
TRF-106209,2025-09-16 17:00:00,104,bus,41.0,1087.0,cloudy,Lane 2
TRF-106210,2025-09-16 18:00:00,105,truck,76.6,748.0,snowy,Lane 1
TRF-106211,2025-09-16 19:00:00,103,bike,25.5,585.0,foggy,Express Lane
TRF-106212,2025-09-16 20:00:00,101,motorcycle,33.2,528.0,clear,Lane 1
TRF-106213,2025-09-16 21:00:00,103,truck,37.7,352.0,clear,Lane 1
TRF-106214,2025-09-16 22:00:00,102,motorcycle,62.8,143.0,cloudy,Express Lane
TRF-106215,2025-09-16 23:00:00,103,bus,51.8,977.0,rainy,Lane 1
TRF-106216,2025-09-17 00:00:00,108,truck,32.1,514.0,cloudy,Lane 1
TRF-106217,2025-09-17 01:00:00,104,bus,14.3,307.0,snowy,Express Lane
TRF-106218,2025-09-17 02:00:00,101,truck,26.6,1082.0,snowy,Express Lane
TRF-106219,2025-09-17 03:00:00,103,van,16.4,427.0,clear,Lane 1
TRF-106220,2025-09-17 04:00:00,101,car,63.7,251.0,cloudy,Lane 1
TRF-106221,2025-09-17 05:00:00,101,bus,28.9,347.0,foggy,Lane 1
TRF-106222,2025-09-17 06:00:00,102,truck,60.3,300.0,rainy,Lane 2
TRF-106223,2025-09-17 07:00:00,102,motorcycle,57.8,427.0,clear,Lane 2
TRF-106224,2025-09-17 08:00:00,104,bus,69.4,372.0,clear,Lane 3
TRF-106225,2025-09-17 09:00:00,105,bike,35.1,410.0,foggy,Express Lane
TRF-106226,2025-09-17 10:00:00,108,truck,55.3,804.0,foggy,Lane 1
TRF-106227,2025-09-17 11:00:00,107,truck,50.2,369.0,cloudy,Lane 1
TRF-106228,2025-09-17 12:00:00,101,bike,50.2,36.0,cloudy,Lane 1
TRF-106229,2025-09-17 13:00:00,105,car,47.7,317.0,clear,Lane 2
TRF-106230,2025-09-17 14:00:00,107,car,63.2,922.0,clear,Express Lane
TRF-106231,2025-09-17 15:00:00,107,bus,61.2,876.0,clear,Lane 3
TRF-106232,2025-09-17 16:00:00,108,car,48.0,746.0,rainy,Lane 2
TRF-106233,2025-09-17 17:00:00,104,car,39.7,213.0,rainy,Express Lane
TRF-106234,2025-09-17 18:00:00,107,bike,37.7,599.0,clear,Lane 1
TRF-106235,2025-09-17 19:00:00,108,bus,48.6,652.0,snowy,Express Lane
TRF-106236,2025-09-17 20:00:00,107,motorcycle,52.0,215.0,snowy,Lane 2
TRF-106237,2025-09-17 21:00:00,101,bike,46.4,672.0,rainy,Lane 2
TRF-106238,2025-09-17 22:00:00,101,car,24.7,509.0,rainy,Lane 2
TRF-106239,2025-09-17 23:00:00,106,bike,42.5,877.0,clear,Lane 2
TRF-106240,2025-09-18 00:00:00,105,bike,38.5,659.0,foggy,Lane 1
TRF-106241,2025-09-18 01:00:00,103,car,48.3,533.0,clear,Lane 1
TRF-106242,2025-09-18 02:00:00,108,car,93.7,139.0,snowy,Lane 2
TRF-106243,2025-09-18 03:00:00,102,car,55.7,761.0,clear,Lane 1
TRF-106244,2025-09-18 04:00:00,108,bike,70.7,243.0,clear,Lane 2
TRF-106245,2025-09-18 05:00:00,103,truck,35.7,1025.0,clear,Lane 3
TRF-106246,2025-09-18 06:00:00,105,bus,48.4,597.0,snowy,Express Lane
TRF-106247,2025-09-18 07:00:00,102,truck,70.1,1030.0,rainy,Lane 3
TRF-106248,2025-09-18 08:00:00,103,bus,19.6,990.0,clear,Lane 1
TRF-106249,2025-09-18 09:00:00,106,truck,43.8,853.0,rainy,Lane 1
TRF-106250,2025-09-18 10:00:00,102,bike,59.2,876.0,foggy,Express Lane
TRF-106251,2025-09-18 11:00:00,101,truck,46.7,687.0,foggy,Lane 1
TRF-106252,2025-09-18 12:00:00,103,motorcycle,37.8,1005.0,clear,Lane 2
TRF-106253,2025-09-18 13:00:00,108,bike,38.8,228.0,foggy,Express Lane
TRF-106254,2025-09-18 14:00:00,102,truck,53.7,537.0,snowy,Lane 3
TRF-106255,2025-09-18 15:00:00,106,truck,19.7,358.0,foggy,Lane 3
TRF-106256,2025-09-18 16:00:00,108,car,50.2,153.0,foggy,Lane 1
TRF-106257,2025-09-18 17:00:00,107,bike,61.1,229.0,foggy,Lane 3
TRF-106258,2025-09-18 18:00:00,102,car,41.5,104.0,clear,Lane 1
TRF-106259,2025-09-18 19:00:00,102,motorcycle,19.9,186.0,clear,Lane 1
TRF-106260,2025-09-18 20:00:00,106,bike,38.8,341.0,foggy,Lane 3
TRF-106261,2025-09-18 21:00:00,107,bus,45.8,1065.0,clear,Lane 3
TRF-106262,2025-09-18 22:00:00,103,motorcycle,28.6,112.0,rainy,Lane 2
TRF-106263,2025-09-18 23:00:00,104,car,48.6,722.0,clear,Lane 1
TRF-106264,2025-09-19 00:00:00,103,bike,51.1,1047.0,cloudy,Lane 2
TRF-106265,2025-09-19 01:00:00,107,bus,69.6,215.0,clear,Lane 2
TRF-106266,2025-09-19 02:00:00,105,car,45.0,72.0,clear,Express Lane
TRF-106267,2025-09-19 03:00:00,108,truck,50.0,102.0,foggy,Lane 3
TRF-106268,2025-09-19 04:00:00,106,motorcycle,38.1,1072.0,foggy,Lane 3
TRF-106269,2025-09-19 05:00:00,103,bus,39.4,194.0,snowy,Lane 3
TRF-106270,2025-09-19 06:00:00,102,bus,60.7,296.0,snowy,Lane 2
TRF-106271,2025-09-19 07:00:00,106,bus,43.8,896.0,rainy,Express Lane
TRF-106272,2025-09-19 08:00:00,101,truck,62.9,683.0,rainy,Lane 3
TRF-106273,2025-09-19 09:00:00,107,car,47.2,63.0,clear,Lane 3
TRF-106274,2025-09-19 10:00:00,108,bike,27.4,127.0,clear,Express Lane
TRF-106275,2025-09-19 11:00:00,103,car,35.5,345.0,cloudy,Lane 1
TRF-106276,2025-09-19 12:00:00,106,bus,91.5,739.0,rainy,Express Lane
TRF-106277,2025-09-19 13:00:00,108,bus,46.2,434.0,foggy,Express Lane
TRF-106278,2025-09-19 14:00:00,103,truck,18.9,645.0,foggy,Lane 3
TRF-106279,2025-09-19 15:00:00,106,truck,27.5,911.0,rainy,Lane 1
TRF-106280,2025-09-19 16:00:00,102,car,35.2,863.0,snowy,Lane 2
TRF-106281,2025-09-19 17:00:00,101,motorcycle,31.9,884.0,cloudy,Lane 1
TRF-106282,2025-09-19 18:00:00,101,motorcycle,28.2,469.0,clear,Lane 3
TRF-106283,2025-09-19 19:00:00,105,truck,74.3,561.0,rainy,Lane 1
TRF-106284,2025-09-19 20:00:00,106,car,60.0,806.0,clear,Lane 3
TRF-106285,2025-09-19 21:00:00,103,bus,44.4,145.0,clear,Express Lane
TRF-106286,2025-09-19 22:00:00,101,car,37.4,434.0,foggy,Express Lane
TRF-106287,2025-09-19 23:00:00,107,car,45.1,326.0,foggy,Express Lane
TRF-106288,2025-09-20 00:00:00,101,bike,80.1,930.0,rainy,Lane 2
TRF-106289,2025-09-20 01:00:00,104,bus,32.4,587.0,clear,Express Lane
TRF-106290,2025-09-20 02:00:00,104,car,19.6,363.0,foggy,Lane 1
TRF-106291,2025-09-20 03:00:00,101,van,60.0,995.0,clear,Express Lane
TRF-106292,2025-09-20 04:00:00,106,bike,66.1,88.0,cloudy,Lane 3
TRF-106293,2025-09-20 05:00:00,105,bike,74.1,745.0,rainy,Lane 3
TRF-106294,2025-09-20 06:00:00,101,car,41.7,1035.0,clear,Lane 1
TRF-106295,2025-09-20 07:00:00,102,car,41.8,45.0,foggy,Express Lane
TRF-106296,2025-09-20 08:00:00,108,motorcycle,84.2,80.0,snowy,Express Lane
TRF-106297,2025-09-20 09:00:00,103,bike,58.7,1018.0,clear,Lane 1
TRF-106298,2025-09-20 10:00:00,105,bike,46.5,767.0,rainy,Lane 2
TRF-106299,2025-09-20 11:00:00,102,truck,47.9,935.0,cloudy,Lane 3
TRF-106300,2025-09-20 12:00:00,105,truck,40.2,357.0,rainy,Lane 3
TRF-106301,2025-09-20 13:00:00,102,van,53.4,961.0,clear,Express Lane
TRF-106302,2025-09-20 14:00:00,103,van,53.1,330.0,rainy,Lane 1
TRF-106303,2025-09-20 15:00:00,103,truck,63.0,547.0,clear,Lane 1
TRF-106304,2025-09-20 16:00:00,104,bus,30.3,291.0,rainy,Express Lane
TRF-106305,2025-09-20 17:00:00,106,motorcycle,54.4,120.0,cloudy,Lane 2
TRF-106306,2025-09-20 18:00:00,102,car,27.0,223.0,clear,Lane 1
TRF-106307,2025-09-20 19:00:00,108,car,81.8,255.0,foggy,Lane 1
TRF-106308,2025-09-20 20:00:00,104,bike,40.5,474.0,cloudy,Lane 2
TRF-106309,2025-09-20 21:00:00,102,bus,47.9,363.0,snowy,Lane 1
TRF-106310,2025-09-20 22:00:00,104,van,98.0,526.0,foggy,Express Lane
TRF-106311,2025-09-20 23:00:00,103,truck,38.6,1044.0,clear,Lane 3
TRF-106312,2025-09-21 00:00:00,105,van,49.7,274.0,snowy,Lane 3
TRF-106313,2025-09-21 01:00:00,107,bike,17.5,93.0,clear,Express Lane
TRF-106314,2025-09-21 02:00:00,104,bike,47.0,834.0,foggy,Express Lane
TRF-106315,2025-09-21 03:00:00,102,truck,78.1,961.0,foggy,Express Lane
TRF-106316,2025-09-21 04:00:00,102,truck,60.7,191.0,foggy,Lane 2
TRF-106317,2025-09-21 05:00:00,107,car,17.4,1098.0,clear,Express Lane
TRF-106318,2025-09-21 06:00:00,106,car,34.3,54.0,clear,Lane 2
TRF-106319,2025-09-21 07:00:00,108,bike,64.5,329.0,snowy,Lane 2
TRF-106320,2025-09-21 08:00:00,103,truck,59.5,103.0,foggy,Express Lane
TRF-106321,2025-09-21 09:00:00,102,car,39.3,181.0,clear,Express Lane
TRF-106322,2025-09-21 10:00:00,101,bike,55.1,610.0,rainy,Lane 1
TRF-106323,2025-09-21 11:00:00,105,car,26.4,121.0,foggy,Lane 1
TRF-106324,2025-09-21 12:00:00,104,bus,24.5,901.0,snowy,Lane 3
TRF-106325,2025-09-21 13:00:00,106,bus,5.0,776.0,foggy,Lane 2
TRF-106326,2025-09-21 14:00:00,108,car,64.7,857.0,clear,Lane 2
TRF-106327,2025-09-21 15:00:00,107,car,46.1,714.0,rainy,Lane 2
TRF-106328,2025-09-21 16:00:00,105,motorcycle,48.1,401.0,foggy,Lane 3
TRF-106329,2025-09-21 17:00:00,103,car,5.0,1095.0,clear,Lane 2
TRF-106330,2025-09-21 18:00:00,106,van,47.1,829.0,clear,Lane 3
TRF-106331,2025-09-21 19:00:00,108,truck,57.9,754.0,clear,Lane 2
TRF-106332,2025-09-21 20:00:00,104,bus,10.4,640.0,rainy,Lane 3
TRF-106333,2025-09-21 21:00:00,104,van,48.8,149.0,snowy,Lane 3
TRF-106334,2025-09-21 22:00:00,107,car,46.8,570.0,clear,Lane 1
TRF-106335,2025-09-21 23:00:00,101,bus,39.6,77.0,rainy,Express Lane
TRF-106336,2025-09-22 00:00:00,107,bus,71.5,830.0,clear,Lane 3
TRF-106337,2025-09-22 01:00:00,103,motorcycle,67.2,1038.0,clear,Express Lane
TRF-106338,2025-09-22 02:00:00,106,truck,107.7,68.0,rainy,Lane 2
TRF-106339,2025-09-22 03:00:00,106,bike,26.2,502.0,cloudy,Express Lane
TRF-106340,2025-09-22 04:00:00,102,bus,55.7,560.0,snowy,Lane 2
TRF-106341,2025-09-22 05:00:00,101,bike,75.0,81.0,clear,Express Lane
TRF-106342,2025-09-22 06:00:00,101,car,35.5,977.0,clear,Lane 3
TRF-106343,2025-09-22 07:00:00,106,bike,78.4,962.0,foggy,Lane 3
TRF-106344,2025-09-22 08:00:00,106,bus,54.6,165.0,snowy,Lane 1
TRF-106345,2025-09-22 09:00:00,105,car,16.6,198.0,clear,Lane 3
TRF-106346,2025-09-22 10:00:00,108,car,24.9,546.0,snowy,Express Lane
TRF-106347,2025-09-22 11:00:00,105,bike,37.6,389.0,foggy,Express Lane
TRF-106348,2025-09-22 12:00:00,105,truck,47.9,97.0,rainy,Lane 1
TRF-106349,2025-09-22 13:00:00,101,bike,70.3,510.0,rainy,Lane 2
TRF-106350,2025-09-22 14:00:00,102,truck,46.4,250.0,foggy,Express Lane
TRF-106351,2025-09-22 15:00:00,104,van,69.6,290.0,clear,Express Lane
TRF-106352,2025-09-22 16:00:00,105,car,49.9,295.0,cloudy,Lane 1
TRF-106353,2025-09-22 17:00:00,102,car,48.2,706.0,clear,Lane 3
TRF-106354,2025-09-22 18:00:00,107,truck,42.7,883.0,clear,Lane 2
TRF-106355,2025-09-22 19:00:00,103,truck,65.7,437.0,clear,Express Lane
TRF-106356,2025-09-22 20:00:00,105,van,50.3,498.0,clear,Express Lane
TRF-106357,2025-09-22 21:00:00,107,van,34.8,791.0,rainy,Lane 3
TRF-106358,2025-09-22 22:00:00,104,bike,54.0,272.0,rainy,Lane 3
TRF-106359,2025-09-22 23:00:00,103,truck,39.8,543.0,clear,Express Lane
TRF-106360,2025-09-23 00:00:00,103,truck,38.8,604.0,rainy,Lane 2
TRF-106361,2025-09-23 01:00:00,104,car,69.3,695.0,foggy,Lane 1
TRF-106362,2025-09-23 02:00:00,105,truck,45.1,796.0,snowy,Lane 1
TRF-106363,2025-09-23 03:00:00,101,car,86.4,483.0,clear,Lane 1
TRF-106364,2025-09-23 04:00:00,104,car,61.2,217.0,clear,Lane 1
TRF-106365,2025-09-23 05:00:00,104,bike,34.2,734.0,rainy,Express Lane
TRF-106366,2025-09-23 06:00:00,104,van,33.0,560.0,clear,Express Lane
TRF-106367,2025-09-23 07:00:00,103,truck,25.7,631.0,foggy,Lane 1
TRF-106368,2025-09-23 08:00:00,108,bike,58.9,364.0,clear,Lane 1
TRF-106369,2025-09-23 09:00:00,102,bike,32.6,486.0,clear,Lane 2
TRF-106370,2025-09-23 10:00:00,107,car,7.2,767.0,snowy,Express Lane
TRF-106371,2025-09-23 11:00:00,101,truck,18.3,366.0,foggy,Lane 3
TRF-106372,2025-09-23 12:00:00,105,car,28.1,384.0,rainy,Lane 2
TRF-106373,2025-09-23 13:00:00,105,car,54.1,385.0,clear,Express Lane
TRF-106374,2025-09-23 14:00:00,107,truck,46.5,261.0,foggy,Express Lane
TRF-106375,2025-09-23 15:00:00,102,van,65.0,825.0,snowy,Lane 3
TRF-106376,2025-09-23 16:00:00,104,truck,31.7,219.0,clear,Lane 2
TRF-106377,2025-09-23 17:00:00,108,truck,42.2,77.0,clear,Lane 3
TRF-106378,2025-09-23 18:00:00,101,bus,79.5,843.0,clear,Lane 3
TRF-106379,2025-09-23 19:00:00,105,car,41.9,84.0,rainy,Lane 2
TRF-106380,2025-09-23 20:00:00,107,truck,52.0,148.0,clear,Lane 1
TRF-106381,2025-09-23 21:00:00,106,bike,36.2,1055.0,snowy,Lane 3
TRF-106382,2025-09-23 22:00:00,108,car,43.9,253.0,clear,Express Lane
TRF-106383,2025-09-23 23:00:00,107,car,56.6,777.0,cloudy,Lane 2
TRF-106384,2025-09-24 00:00:00,108,car,59.8,232.0,clear,Lane 3
TRF-106385,2025-09-24 01:00:00,105,motorcycle,50.1,40.0,clear,Express Lane
TRF-106386,2025-09-24 02:00:00,104,car,43.3,288.0,clear,Lane 1
TRF-106387,2025-09-24 03:00:00,106,truck,50.3,327.0,rainy,Express Lane
TRF-106388,2025-09-24 04:00:00,102,bus,34.7,698.0,foggy,Lane 3
TRF-106389,2025-09-24 05:00:00,101,bike,44.1,362.0,clear,Express Lane
TRF-106390,2025-09-24 06:00:00,102,truck,54.0,182.0,rainy,Lane 1
TRF-106391,2025-09-24 07:00:00,102,bus,65.8,163.0,clear,Express Lane
TRF-106392,2025-09-24 08:00:00,107,bike,31.6,985.0,rainy,Express Lane
TRF-106393,2025-09-24 09:00:00,108,truck,44.8,145.0,clear,Express Lane
TRF-106394,2025-09-24 10:00:00,101,bike,29.9,691.0,clear,Lane 3
TRF-106395,2025-09-24 11:00:00,101,van,40.0,582.0,foggy,Lane 1
TRF-106396,2025-09-24 12:00:00,105,truck,66.0,722.0,clear,Lane 3
TRF-106397,2025-09-24 13:00:00,105,bus,38.3,217.0,clear,Lane 1
TRF-106398,2025-09-24 14:00:00,101,car,46.3,68.0,foggy,Lane 3
TRF-106399,2025-09-24 15:00:00,106,truck,25.7,509.0,clear,Lane 2
TRF-106400,2025-09-24 16:00:00,103,bus,37.9,955.0,clear,Lane 3
TRF-106401,2025-09-24 17:00:00,105,bike,20.1,560.0,clear,Lane 1
TRF-106402,2025-09-24 18:00:00,103,car,53.0,805.0,rainy,Express Lane
TRF-106403,2025-09-24 19:00:00,107,van,54.6,92.0,snowy,Lane 1
TRF-106404,2025-09-24 20:00:00,106,van,54.1,984.0,rainy,Lane 3
TRF-106405,2025-09-24 21:00:00,101,truck,55.2,126.0,clear,Lane 3
TRF-106406,2025-09-24 22:00:00,106,truck,54.1,559.0,cloudy,Lane 3
TRF-106407,2025-09-24 23:00:00,105,bus,20.5,754.0,rainy,Lane 1
TRF-106408,2025-09-25 00:00:00,102,bike,33.8,1050.0,foggy,Express Lane
TRF-106409,2025-09-25 01:00:00,107,motorcycle,7.6,265.0,snowy,Lane 2
TRF-106410,2025-09-25 02:00:00,101,truck,39.7,384.0,cloudy,Lane 2
TRF-106411,2025-09-25 03:00:00,104,truck,32.3,954.0,clear,Express Lane
TRF-106412,2025-09-25 04:00:00,107,truck,47.3,193.0,rainy,Lane 2
TRF-106413,2025-09-25 05:00:00,108,bus,92.3,911.0,clear,Express Lane
TRF-106414,2025-09-25 06:00:00,103,car,62.1,623.0,clear,Lane 1
TRF-106415,2025-09-25 07:00:00,106,bus,75.5,1047.0,clear,Lane 1
TRF-106416,2025-09-25 08:00:00,101,truck,62.8,956.0,foggy,Express Lane
TRF-106417,2025-09-25 09:00:00,107,van,46.2,903.0,clear,Lane 2
TRF-106418,2025-09-25 10:00:00,106,truck,47.8,938.0,cloudy,Lane 2
TRF-106419,2025-09-25 11:00:00,101,van,63.6,920.0,foggy,Lane 1
TRF-106420,2025-09-25 12:00:00,105,van,52.5,150.0,clear,Lane 1
TRF-106421,2025-09-25 13:00:00,107,bus,42.8,995.0,foggy,Express Lane
TRF-106422,2025-09-25 14:00:00,105,car,73.7,31.0,clear,Express Lane
TRF-106423,2025-09-25 15:00:00,107,car,56.0,147.0,rainy,Lane 1
TRF-106424,2025-09-25 16:00:00,105,car,22.3,668.0,snowy,Lane 1
TRF-106425,2025-09-25 17:00:00,108,car,44.8,403.0,snowy,Lane 1
TRF-106426,2025-09-25 18:00:00,106,car,48.9,141.0,rainy,Lane 1
TRF-106427,2025-09-25 19:00:00,104,motorcycle,40.7,529.0,foggy,Lane 2
TRF-106428,2025-09-25 20:00:00,107,motorcycle,41.1,704.0,cloudy,Lane 1
TRF-106429,2025-09-25 21:00:00,108,bike,40.5,1072.0,foggy,Lane 3
TRF-106430,2025-09-25 22:00:00,107,motorcycle,15.9,1073.0,rainy,Lane 1
TRF-106431,2025-09-25 23:00:00,105,bus,12.7,801.0,clear,Lane 1
TRF-106432,2025-09-26 00:00:00,101,motorcycle,36.2,590.0,foggy,Lane 2
TRF-106433,2025-09-26 01:00:00,107,van,40.8,183.0,clear,Lane 2
TRF-106434,2025-09-26 02:00:00,108,car,23.9,849.0,foggy,Lane 1
TRF-106435,2025-09-26 03:00:00,105,car,29.6,413.0,foggy,Lane 1
TRF-106436,2025-09-26 04:00:00,102,bus,43.4,833.0,cloudy,Lane 3
TRF-106437,2025-09-26 05:00:00,105,truck,66.6,710.0,clear,Lane 2
TRF-106438,2025-09-26 06:00:00,106,car,65.4,208.0,snowy,Express Lane
TRF-106439,2025-09-26 07:00:00,104,car,66.0,644.0,foggy,Express Lane
TRF-106440,2025-09-26 08:00:00,102,car,29.8,76.0,clear,Lane 2
TRF-106441,2025-09-26 09:00:00,106,truck,44.0,587.0,cloudy,Express Lane
TRF-106442,2025-09-26 10:00:00,106,truck,70.2,212.0,snowy,Lane 1
TRF-106443,2025-09-26 11:00:00,106,van,16.2,383.0,clear,Lane 1
TRF-106444,2025-09-26 12:00:00,101,bus,39.7,516.0,foggy,Express Lane
TRF-106445,2025-09-26 13:00:00,106,truck,52.0,245.0,snowy,Lane 3
TRF-106446,2025-09-26 14:00:00,101,truck,17.3,921.0,rainy,Express Lane
TRF-106447,2025-09-26 15:00:00,106,car,55.7,881.0,clear,Lane 3
TRF-106448,2025-09-26 16:00:00,103,car,75.8,858.0,cloudy,Express Lane
TRF-106449,2025-09-26 17:00:00,108,bike,70.0,1062.0,foggy,Lane 3
TRF-106450,2025-09-26 18:00:00,102,car,44.8,1038.0,foggy,Lane 3
TRF-106451,2025-09-26 19:00:00,103,bus,62.7,1037.0,rainy,Lane 3
TRF-106452,2025-09-26 20:00:00,106,van,17.1,763.0,foggy,Lane 1
TRF-106453,2025-09-26 21:00:00,102,truck,53.0,350.0,clear,Express Lane
TRF-106454,2025-09-26 22:00:00,102,motorcycle,42.5,120.0,snowy,Lane 1
TRF-106455,2025-09-26 23:00:00,107,bus,45.3,344.0,foggy,Lane 2
TRF-106456,2025-09-27 00:00:00,104,truck,49.9,141.0,cloudy,Lane 2
TRF-106457,2025-09-27 01:00:00,103,van,55.0,403.0,foggy,Lane 2
TRF-106458,2025-09-27 02:00:00,104,car,21.9,397.0,rainy,Lane 1
TRF-106459,2025-09-27 03:00:00,102,bus,30.4,407.0,clear,Lane 2
TRF-106460,2025-09-27 04:00:00,101,truck,43.4,858.0,foggy,Lane 2
TRF-106461,2025-09-27 05:00:00,102,van,16.0,854.0,foggy,Lane 3
TRF-106462,2025-09-27 06:00:00,104,bike,50.5,703.0,clear,Express Lane
TRF-106463,2025-09-27 07:00:00,103,bus,63.0,586.0,foggy,Lane 3
TRF-106464,2025-09-27 08:00:00,106,truck,73.1,1098.0,snowy,Express Lane
TRF-106465,2025-09-27 09:00:00,107,truck,49.7,524.0,clear,Lane 2
TRF-106466,2025-09-27 10:00:00,107,car,82.0,751.0,clear,Lane 3
TRF-106467,2025-09-27 11:00:00,107,car,47.4,715.0,clear,Lane 2
TRF-106468,2025-09-27 12:00:00,106,truck,25.4,276.0,clear,Lane 3
TRF-106469,2025-09-27 13:00:00,107,bike,47.0,203.0,cloudy,Express Lane
TRF-106470,2025-09-27 14:00:00,103,car,44.3,65.0,foggy,Lane 1
TRF-106471,2025-09-27 15:00:00,106,bus,57.3,331.0,clear,Lane 1
TRF-106472,2025-09-27 16:00:00,107,motorcycle,52.9,915.0,rainy,Lane 1
TRF-106473,2025-09-27 17:00:00,106,truck,51.6,62.0,clear,Lane 2
TRF-106474,2025-09-27 18:00:00,104,motorcycle,65.4,411.0,rainy,Lane 2
TRF-106475,2025-09-27 19:00:00,108,bus,40.3,453.0,snowy,Lane 2
TRF-106476,2025-09-27 20:00:00,108,bike,57.7,755.0,clear,Lane 3
TRF-106477,2025-09-27 21:00:00,103,car,53.1,722.0,clear,Lane 2
TRF-106478,2025-09-27 22:00:00,105,bus,50.1,624.0,clear,Express Lane
TRF-106479,2025-09-27 23:00:00,101,bike,46.8,1011.0,cloudy,Lane 2
TRF-106480,2025-09-28 00:00:00,107,bike,25.1,444.0,clear,Lane 1
TRF-106481,2025-09-28 01:00:00,101,motorcycle,43.4,903.0,foggy,Lane 2
TRF-106482,2025-09-28 02:00:00,106,car,44.6,348.0,rainy,Express Lane
TRF-106483,2025-09-28 03:00:00,101,van,35.0,1078.0,clear,Lane 3
TRF-106484,2025-09-28 04:00:00,103,car,23.6,787.0,rainy,Express Lane
TRF-106485,2025-09-28 05:00:00,103,truck,38.0,88.0,foggy,Express Lane
TRF-106486,2025-09-28 06:00:00,102,car,39.5,206.0,rainy,Lane 1
TRF-106487,2025-09-28 07:00:00,108,truck,23.9,1098.0,clear,Lane 1
TRF-106488,2025-09-28 08:00:00,107,truck,23.9,338.0,rainy,Express Lane
TRF-106489,2025-09-28 09:00:00,102,truck,10.3,183.0,clear,Lane 3
TRF-106490,2025-09-28 10:00:00,101,motorcycle,53.3,996.0,clear,Lane 2
TRF-106491,2025-09-28 11:00:00,105,truck,65.6,798.0,clear,Lane 1
TRF-106492,2025-09-28 12:00:00,102,truck,48.3,560.0,cloudy,Express Lane
TRF-106493,2025-09-28 13:00:00,102,bike,40.7,777.0,foggy,Lane 1
TRF-106494,2025-09-28 14:00:00,103,bus,23.0,653.0,snowy,Lane 2
TRF-106495,2025-09-28 15:00:00,105,motorcycle,8.3,1086.0,rainy,Lane 3
TRF-106496,2025-09-28 16:00:00,106,truck,47.4,35.0,clear,Lane 2
TRF-106497,2025-09-28 17:00:00,101,bus,59.1,560.0,clear,Lane 3
TRF-106498,2025-09-28 18:00:00,102,truck,33.0,824.0,foggy,Lane 2
TRF-106499,2025-09-28 19:00:00,105,motorcycle,67.0,920.0,foggy,Lane 1
TRF-106500,2025-09-28 20:00:00,108,car,35.6,756.0,foggy,Lane 2
TRF-106501,2025-09-28 21:00:00,107,car,67.5,814.0,foggy,Express Lane
TRF-106502,2025-09-28 22:00:00,105,truck,33.9,646.0,clear,Lane 2
TRF-106503,2025-09-28 23:00:00,108,truck,5.0,915.0,foggy,Express Lane
TRF-106504,2025-09-29 00:00:00,101,car,59.3,52.0,rainy,Express Lane
TRF-106505,2025-09-29 01:00:00,105,van,31.4,836.0,clear,Lane 1
TRF-106506,2025-09-29 02:00:00,108,bike,47.9,190.0,clear,Express Lane
TRF-106507,2025-09-29 03:00:00,105,truck,56.7,295.0,cloudy,Lane 1
TRF-106508,2025-09-29 04:00:00,105,van,32.0,112.0,snowy,Lane 3
TRF-106509,2025-09-29 05:00:00,107,car,22.6,197.0,cloudy,Lane 3
TRF-106510,2025-09-29 06:00:00,108,van,71.6,684.0,rainy,Lane 2
TRF-106511,2025-09-29 07:00:00,108,car,44.3,584.0,rainy,Lane 2
TRF-106512,2025-09-29 08:00:00,102,truck,22.2,373.0,cloudy,Lane 1
TRF-106513,2025-09-29 09:00:00,101,car,39.7,41.0,cloudy,Lane 1
TRF-106514,2025-09-29 10:00:00,107,van,86.4,479.0,clear,Lane 2
TRF-106515,2025-09-29 11:00:00,105,truck,50.0,603.0,snowy,Lane 2
TRF-106516,2025-09-29 12:00:00,105,bike,36.4,620.0,snowy,Lane 2
TRF-106517,2025-09-29 13:00:00,102,truck,57.0,519.0,snowy,Express Lane
TRF-106518,2025-09-29 14:00:00,101,bus,39.8,691.0,foggy,Lane 3
TRF-106519,2025-09-29 15:00:00,103,bike,47.9,494.0,foggy,Lane 2
TRF-106520,2025-09-29 16:00:00,107,truck,36.2,939.0,clear,Express Lane
TRF-106521,2025-09-29 17:00:00,102,truck,63.4,646.0,rainy,Lane 1
TRF-106522,2025-09-29 18:00:00,101,van,51.5,36.0,snowy,Lane 2
TRF-106523,2025-09-29 19:00:00,107,bus,73.6,1036.0,clear,Lane 1
TRF-106524,2025-09-29 20:00:00,105,car,53.5,831.0,cloudy,Lane 1
TRF-106525,2025-09-29 21:00:00,101,truck,75.5,348.0,rainy,Lane 3
TRF-106526,2025-09-29 22:00:00,101,truck,59.7,159.0,cloudy,Lane 1
TRF-106527,2025-09-29 23:00:00,106,truck,43.3,138.0,clear,Express Lane
TRF-106528,2025-09-30 00:00:00,101,car,45.6,248.0,clear,Lane 3
TRF-106529,2025-09-30 01:00:00,103,bike,80.9,535.0,foggy,Lane 2
TRF-106530,2025-09-30 02:00:00,101,car,71.5,458.0,cloudy,Express Lane
TRF-106531,2025-09-30 03:00:00,103,truck,75.8,671.0,clear,Lane 1
TRF-106532,2025-09-30 04:00:00,105,car,29.9,273.0,foggy,Lane 2
TRF-106533,2025-09-30 05:00:00,103,car,14.2,467.0,cloudy,Lane 2
TRF-106534,2025-09-30 06:00:00,107,car,32.8,336.0,clear,Lane 1
TRF-106535,2025-09-30 07:00:00,105,van,51.0,930.0,clear,Express Lane
TRF-106536,2025-09-30 08:00:00,105,van,36.4,438.0,snowy,Express Lane
TRF-106537,2025-09-30 09:00:00,103,bus,47.9,778.0,foggy,Lane 2
TRF-106538,2025-09-30 10:00:00,108,car,39.9,30.0,clear,Lane 1
TRF-106539,2025-09-30 11:00:00,102,bus,16.2,806.0,rainy,Lane 1
TRF-106540,2025-09-30 12:00:00,104,car,55.7,223.0,clear,Lane 2
TRF-106541,2025-09-30 13:00:00,108,car,48.6,992.0,clear,Lane 1
TRF-106542,2025-09-30 14:00:00,101,bus,71.9,151.0,clear,Lane 3
TRF-106543,2025-09-30 15:00:00,106,car,50.9,393.0,cloudy,Express Lane
TRF-106544,2025-09-30 16:00:00,104,motorcycle,62.1,560.0,snowy,Express Lane
TRF-106545,2025-09-30 17:00:00,101,van,33.3,178.0,rainy,Express Lane
TRF-106546,2025-09-30 18:00:00,108,bike,54.2,823.0,clear,Lane 3
TRF-106547,2025-09-30 19:00:00,108,bus,62.6,875.0,snowy,Lane 2
TRF-106548,2025-09-30 20:00:00,101,truck,58.0,267.0,snowy,Express Lane
TRF-106549,2025-09-30 21:00:00,105,truck,43.9,759.0,foggy,Lane 1
TRF-106550,2025-09-30 22:00:00,101,car,54.3,487.0,clear,Lane 2
TRF-106551,2025-09-30 23:00:00,106,car,59.2,514.0,clear,Lane 2
TRF-106552,2025-10-01 00:00:00,108,motorcycle,69.6,878.0,snowy,Express Lane
TRF-106553,2025-10-01 01:00:00,101,motorcycle,47.9,743.0,snowy,Lane 1
TRF-106554,2025-10-01 02:00:00,103,motorcycle,27.9,373.0,clear,Lane 2
TRF-106555,2025-10-01 03:00:00,104,motorcycle,33.0,265.0,cloudy,Express Lane
TRF-106556,2025-10-01 04:00:00,103,motorcycle,50.6,692.0,rainy,Lane 1
TRF-106557,2025-10-01 05:00:00,106,car,48.1,405.0,rainy,Lane 1
TRF-106558,2025-10-01 06:00:00,101,truck,59.3,1001.0,rainy,Lane 2
TRF-106559,2025-10-01 07:00:00,107,van,63.0,275.0,rainy,Lane 3
TRF-106560,2025-10-01 08:00:00,106,car,14.1,595.0,clear,Lane 3
TRF-106561,2025-10-01 09:00:00,105,motorcycle,39.3,728.0,rainy,Express Lane
TRF-106562,2025-10-01 10:00:00,103,truck,51.8,944.0,foggy,Express Lane
TRF-106563,2025-10-01 11:00:00,103,bike,68.1,310.0,rainy,Lane 3
TRF-106564,2025-10-01 12:00:00,102,car,47.0,96.0,clear,Lane 1
TRF-106565,2025-10-01 13:00:00,101,bus,72.6,204.0,clear,Lane 2
TRF-106566,2025-10-01 14:00:00,105,bike,57.9,314.0,snowy,Lane 1
TRF-106567,2025-10-01 15:00:00,107,bus,54.9,334.0,foggy,Lane 2
TRF-106568,2025-10-01 16:00:00,103,bus,46.0,904.0,foggy,Lane 1
TRF-106569,2025-10-01 17:00:00,103,van,47.6,822.0,clear,Lane 2
TRF-106570,2025-10-01 18:00:00,105,truck,54.0,436.0,clear,Lane 3
TRF-106571,2025-10-01 19:00:00,106,bike,44.5,361.0,clear,Lane 3
TRF-106572,2025-10-01 20:00:00,106,bus,68.0,334.0,rainy,Lane 3
TRF-106573,2025-10-01 21:00:00,101,motorcycle,63.8,948.0,snowy,Lane 3
TRF-106574,2025-10-01 22:00:00,108,car,69.6,698.0,foggy,Lane 2
TRF-106575,2025-10-01 23:00:00,102,bus,29.3,802.0,rainy,Lane 2
TRF-106576,2025-10-02 00:00:00,103,bike,28.7,580.0,foggy,Lane 3
TRF-106577,2025-10-02 01:00:00,108,car,56.8,1024.0,snowy,Lane 2
TRF-106578,2025-10-02 02:00:00,108,bike,46.5,1083.0,rainy,Lane 1
TRF-106579,2025-10-02 03:00:00,102,bike,52.7,469.0,clear,Express Lane
TRF-106580,2025-10-02 04:00:00,108,motorcycle,27.9,287.0,clear,Lane 2
TRF-106581,2025-10-02 05:00:00,108,bike,21.8,812.0,clear,Lane 2
TRF-106582,2025-10-02 06:00:00,106,bike,52.2,592.0,cloudy,Lane 1
TRF-106583,2025-10-02 07:00:00,106,bus,34.3,263.0,clear,Lane 3
TRF-106584,2025-10-02 08:00:00,104,van,60.9,55.0,foggy,Lane 1
TRF-106585,2025-10-02 09:00:00,107,truck,36.9,552.0,foggy,Lane 3
TRF-106586,2025-10-02 10:00:00,101,bus,32.0,413.0,clear,Lane 1
TRF-106587,2025-10-02 11:00:00,108,bike,7.2,422.0,clear,Lane 3
TRF-106588,2025-10-02 12:00:00,104,bike,70.5,491.0,clear,Lane 1
TRF-106589,2025-10-02 13:00:00,107,truck,60.6,868.0,rainy,Express Lane
TRF-106590,2025-10-02 14:00:00,104,truck,21.1,766.0,clear,Express Lane
TRF-106591,2025-10-02 15:00:00,104,bus,12.0,139.0,rainy,Lane 2
TRF-106592,2025-10-02 16:00:00,101,truck,37.3,235.0,cloudy,Express Lane
TRF-106593,2025-10-02 17:00:00,101,truck,65.1,239.0,clear,Lane 1
TRF-106594,2025-10-02 18:00:00,105,bike,38.5,214.0,foggy,Express Lane
TRF-106595,2025-10-02 19:00:00,102,truck,44.3,631.0,rainy,Lane 1
TRF-106596,2025-10-02 20:00:00,102,car,65.8,788.0,cloudy,Lane 3
TRF-106597,2025-10-02 21:00:00,105,car,30.2,774.0,cloudy,Express Lane
TRF-106598,2025-10-02 22:00:00,105,truck,35.7,920.0,cloudy,Express Lane
TRF-106599,2025-10-02 23:00:00,106,bike,52.0,428.0,foggy,Lane 3
TRF-106600,2025-10-03 00:00:00,107,bike,43.0,574.0,clear,Express Lane
TRF-106601,2025-10-03 01:00:00,104,bike,32.2,936.0,clear,Lane 2
TRF-106602,2025-10-03 02:00:00,108,bus,60.7,711.0,cloudy,Lane 1
TRF-106603,2025-10-03 03:00:00,105,bus,57.3,1007.0,clear,Lane 2
TRF-106604,2025-10-03 04:00:00,103,bike,63.0,343.0,clear,Lane 3
TRF-106605,2025-10-03 05:00:00,102,car,45.2,257.0,cloudy,Express Lane
TRF-106606,2025-10-03 06:00:00,105,bike,16.3,687.0,snowy,Lane 1
TRF-106607,2025-10-03 07:00:00,103,bike,48.2,1075.0,clear,Lane 2
TRF-106608,2025-10-03 08:00:00,103,bike,26.9,721.0,rainy,Lane 2
TRF-106609,2025-10-03 09:00:00,103,car,11.5,329.0,rainy,Lane 3
TRF-106610,2025-10-03 10:00:00,106,bike,43.1,956.0,clear,Express Lane
TRF-106611,2025-10-03 11:00:00,106,bus,49.8,771.0,snowy,Lane 1
TRF-106612,2025-10-03 12:00:00,108,truck,76.8,90.0,foggy,Express Lane
TRF-106613,2025-10-03 13:00:00,108,motorcycle,26.3,1072.0,clear,Express Lane
TRF-106614,2025-10-03 14:00:00,103,motorcycle,60.2,337.0,clear,Lane 3
TRF-106615,2025-10-03 15:00:00,107,bike,19.2,566.0,clear,Lane 3
TRF-106616,2025-10-03 16:00:00,106,bus,70.9,104.0,cloudy,Lane 1
TRF-106617,2025-10-03 17:00:00,104,truck,35.4,623.0,cloudy,Lane 1
TRF-106618,2025-10-03 18:00:00,103,bike,42.0,638.0,clear,Lane 3
TRF-106619,2025-10-03 19:00:00,104,bike,42.2,641.0,snowy,Lane 3
TRF-106620,2025-10-03 20:00:00,104,bus,61.7,1050.0,foggy,Lane 1
TRF-106621,2025-10-03 21:00:00,103,truck,21.9,814.0,foggy,Lane 2
TRF-106622,2025-10-03 22:00:00,102,truck,44.8,270.0,snowy,Lane 2
TRF-106623,2025-10-03 23:00:00,107,bike,36.5,34.0,clear,Express Lane
TRF-106624,2025-10-04 00:00:00,103,truck,87.6,516.0,clear,Lane 1
TRF-106625,2025-10-04 01:00:00,108,bus,28.5,386.0,foggy,Lane 1
TRF-106626,2025-10-04 02:00:00,103,motorcycle,5.0,423.0,cloudy,Express Lane
TRF-106627,2025-10-04 03:00:00,106,motorcycle,78.5,398.0,clear,Lane 1
TRF-106628,2025-10-04 04:00:00,103,bike,56.8,58.0,cloudy,Lane 2
TRF-106629,2025-10-04 05:00:00,102,bus,33.8,995.0,cloudy,Lane 1
TRF-106630,2025-10-04 06:00:00,106,bike,47.4,38.0,foggy,Lane 3
TRF-106631,2025-10-04 07:00:00,108,car,33.6,363.0,snowy,Lane 1
TRF-106632,2025-10-04 08:00:00,101,motorcycle,12.8,979.0,cloudy,Lane 1
TRF-106633,2025-10-04 09:00:00,101,car,45.0,259.0,foggy,Express Lane
TRF-106634,2025-10-04 10:00:00,104,car,44.9,422.0,clear,Lane 3
TRF-106635,2025-10-04 11:00:00,107,truck,54.1,808.0,rainy,Express Lane
TRF-106636,2025-10-04 12:00:00,104,bus,30.5,416.0,foggy,Lane 1
TRF-106637,2025-10-04 13:00:00,102,van,34.1,138.0,rainy,Lane 3
TRF-106638,2025-10-04 14:00:00,105,bus,41.2,368.0,cloudy,Lane 2
TRF-106639,2025-10-04 15:00:00,108,truck,30.3,594.0,foggy,Lane 2
TRF-106640,2025-10-04 16:00:00,107,bus,68.5,862.0,clear,Lane 1
TRF-106641,2025-10-04 17:00:00,108,car,63.3,1093.0,clear,Lane 2
TRF-106642,2025-10-04 18:00:00,101,truck,38.7,251.0,foggy,Lane 1
TRF-106643,2025-10-04 19:00:00,104,truck,57.6,326.0,snowy,Express Lane
TRF-106644,2025-10-04 20:00:00,108,bus,25.7,1082.0,rainy,Lane 1
TRF-106645,2025-10-04 21:00:00,101,truck,39.7,956.0,clear,Lane 3
TRF-106646,2025-10-04 22:00:00,102,truck,74.3,1024.0,rainy,Lane 3
TRF-106647,2025-10-04 23:00:00,102,car,59.6,1018.0,snowy,Lane 1
TRF-106648,2025-10-05 00:00:00,105,car,53.2,514.0,rainy,Lane 2
TRF-106649,2025-10-05 01:00:00,108,car,41.5,159.0,rainy,Express Lane
TRF-106650,2025-10-05 02:00:00,105,car,47.2,77.0,clear,Lane 1
TRF-106651,2025-10-05 03:00:00,106,car,21.6,856.0,clear,Lane 2
TRF-106652,2025-10-05 04:00:00,107,motorcycle,42.2,629.0,rainy,Lane 3
TRF-106653,2025-10-05 05:00:00,108,bus,54.8,799.0,cloudy,Express Lane
TRF-106654,2025-10-05 06:00:00,102,motorcycle,47.5,600.0,clear,Lane 2
TRF-106655,2025-10-05 07:00:00,104,truck,47.5,486.0,snowy,Lane 1
TRF-106656,2025-10-05 08:00:00,101,truck,36.2,757.0,rainy,Express Lane
TRF-106657,2025-10-05 09:00:00,103,bus,31.7,319.0,clear,Express Lane
TRF-106658,2025-10-05 10:00:00,105,motorcycle,30.0,564.0,clear,Lane 2
TRF-106659,2025-10-05 11:00:00,103,motorcycle,43.5,465.0,rainy,Lane 2
TRF-106660,2025-10-05 12:00:00,108,car,61.2,857.0,clear,Lane 1
TRF-106661,2025-10-05 13:00:00,104,bus,32.5,280.0,clear,Lane 3
TRF-106662,2025-10-05 14:00:00,105,truck,48.7,270.0,clear,Express Lane
TRF-106663,2025-10-05 15:00:00,103,bus,48.3,953.0,snowy,Lane 1
TRF-106664,2025-10-05 16:00:00,107,bus,64.7,334.0,foggy,Lane 3
TRF-106665,2025-10-05 17:00:00,104,motorcycle,48.2,586.0,cloudy,Lane 2
TRF-106666,2025-10-05 18:00:00,101,car,21.2,1047.0,rainy,Lane 3
TRF-106667,2025-10-05 19:00:00,107,truck,86.2,1020.0,rainy,Lane 2
TRF-106668,2025-10-05 20:00:00,104,truck,65.5,161.0,foggy,Lane 3
TRF-106669,2025-10-05 21:00:00,106,truck,56.7,1036.0,clear,Lane 1
TRF-106670,2025-10-05 22:00:00,105,bike,37.6,405.0,rainy,Lane 2
TRF-106671,2025-10-05 23:00:00,102,truck,42.3,716.0,snowy,Express Lane
TRF-106672,2025-10-06 00:00:00,101,car,22.4,400.0,clear,Lane 1
TRF-106673,2025-10-06 01:00:00,108,truck,42.0,184.0,cloudy,Lane 1
TRF-106674,2025-10-06 02:00:00,107,van,51.2,274.0,foggy,Lane 3
TRF-106675,2025-10-06 03:00:00,107,truck,47.5,571.0,cloudy,Lane 1
TRF-106676,2025-10-06 04:00:00,103,bike,79.5,711.0,clear,Lane 3
TRF-106677,2025-10-06 05:00:00,105,bike,60.1,926.0,snowy,Lane 3
TRF-106678,2025-10-06 06:00:00,108,car,65.5,900.0,rainy,Lane 2
TRF-106679,2025-10-06 07:00:00,102,truck,57.7,702.0,clear,Lane 1
TRF-106680,2025-10-06 08:00:00,104,car,50.9,117.0,clear,Lane 1
TRF-106681,2025-10-06 09:00:00,102,truck,56.2,42.0,foggy,Express Lane
TRF-106682,2025-10-06 10:00:00,105,bus,12.3,910.0,snowy,Lane 1
TRF-106683,2025-10-06 11:00:00,105,bus,43.3,1023.0,rainy,Express Lane
TRF-106684,2025-10-06 12:00:00,106,bike,22.8,349.0,clear,Lane 1
TRF-106685,2025-10-06 13:00:00,106,car,26.8,321.0,clear,Lane 3
TRF-106686,2025-10-06 14:00:00,102,car,69.5,652.0,clear,Express Lane
TRF-106687,2025-10-06 15:00:00,104,bike,28.6,802.0,clear,Lane 3
TRF-106688,2025-10-06 16:00:00,102,motorcycle,24.2,869.0,snowy,Express Lane
TRF-106689,2025-10-06 17:00:00,105,truck,55.0,953.0,clear,Lane 1
TRF-106690,2025-10-06 18:00:00,105,motorcycle,46.8,431.0,snowy,Express Lane
TRF-106691,2025-10-06 19:00:00,103,truck,56.0,187.0,cloudy,Lane 3
TRF-106692,2025-10-06 20:00:00,106,van,79.6,413.0,rainy,Lane 3
TRF-106693,2025-10-06 21:00:00,108,truck,58.3,427.0,snowy,Lane 1
TRF-106694,2025-10-06 22:00:00,108,truck,20.1,85.0,cloudy,Lane 3
TRF-106695,2025-10-06 23:00:00,108,bus,64.8,999.0,rainy,Lane 1
TRF-106696,2025-10-07 00:00:00,103,truck,44.0,789.0,foggy,Lane 2
TRF-106697,2025-10-07 01:00:00,101,truck,51.0,502.0,snowy,Lane 3
TRF-106698,2025-10-07 02:00:00,108,bike,18.2,223.0,foggy,Lane 2
TRF-106699,2025-10-07 03:00:00,105,car,57.1,826.0,clear,Lane 2
TRF-106700,2025-10-07 04:00:00,103,bike,24.6,789.0,clear,Express Lane
TRF-106701,2025-10-07 05:00:00,102,car,57.6,824.0,clear,Lane 2
TRF-106702,2025-10-07 06:00:00,106,truck,35.0,865.0,rainy,Express Lane
TRF-106703,2025-10-07 07:00:00,106,bike,61.0,704.0,cloudy,Lane 3
TRF-106704,2025-10-07 08:00:00,104,truck,24.7,295.0,rainy,Lane 1
TRF-106705,2025-10-07 09:00:00,102,bus,19.9,823.0,foggy,Lane 1
TRF-106706,2025-10-07 10:00:00,104,truck,38.3,120.0,foggy,Express Lane
TRF-106707,2025-10-07 11:00:00,103,motorcycle,52.8,474.0,clear,Express Lane
TRF-106708,2025-10-07 12:00:00,107,bus,27.4,106.0,foggy,Lane 2
TRF-106709,2025-10-07 13:00:00,108,bike,51.7,351.0,clear,Express Lane
TRF-106710,2025-10-07 14:00:00,101,car,63.7,450.0,cloudy,Lane 2
TRF-106711,2025-10-07 15:00:00,102,bike,24.2,575.0,snowy,Lane 2
TRF-106712,2025-10-07 16:00:00,102,truck,51.7,375.0,clear,Express Lane
TRF-106713,2025-10-07 17:00:00,102,truck,57.7,744.0,rainy,Lane 2
TRF-106714,2025-10-07 18:00:00,104,car,44.5,754.0,snowy,Lane 3
TRF-106715,2025-10-07 19:00:00,103,car,46.5,679.0,foggy,Lane 3
TRF-106716,2025-10-07 20:00:00,102,bus,22.6,560.0,clear,Express Lane
TRF-106717,2025-10-07 21:00:00,107,van,55.9,178.0,clear,Lane 2
TRF-106718,2025-10-07 22:00:00,102,car,49.1,447.0,foggy,Express Lane
TRF-106719,2025-10-07 23:00:00,106,motorcycle,47.9,1082.0,foggy,Lane 3
TRF-106720,2025-10-08 00:00:00,108,car,85.2,795.0,rainy,Lane 2
TRF-106721,2025-10-08 01:00:00,101,car,44.3,94.0,clear,Express Lane
TRF-106722,2025-10-08 02:00:00,108,bus,53.8,705.0,clear,Lane 1
TRF-106723,2025-10-08 03:00:00,106,car,71.2,253.0,clear,Lane 2
TRF-106724,2025-10-08 04:00:00,106,motorcycle,47.1,505.0,clear,Lane 3
TRF-106725,2025-10-08 05:00:00,101,bus,35.1,355.0,foggy,Lane 1
TRF-106726,2025-10-08 06:00:00,107,car,55.2,117.0,foggy,Lane 3
TRF-106727,2025-10-08 07:00:00,103,truck,35.7,187.0,foggy,Lane 3
TRF-106728,2025-10-08 08:00:00,106,car,69.6,969.0,snowy,Express Lane
TRF-106729,2025-10-08 09:00:00,103,car,57.3,311.0,clear,Lane 3
TRF-106730,2025-10-08 10:00:00,106,bus,32.5,686.0,clear,Lane 1
TRF-106731,2025-10-08 11:00:00,105,car,25.6,192.0,rainy,Express Lane
TRF-106732,2025-10-08 12:00:00,101,car,50.8,930.0,rainy,Express Lane
TRF-106733,2025-10-08 13:00:00,106,car,52.6,360.0,clear,Lane 2
TRF-106734,2025-10-08 14:00:00,105,motorcycle,25.6,173.0,snowy,Lane 1
TRF-106735,2025-10-08 15:00:00,108,car,62.1,560.0,clear,Lane 1
TRF-106736,2025-10-08 16:00:00,104,van,60.0,517.0,clear,Lane 3
TRF-106737,2025-10-08 17:00:00,105,truck,54.1,1073.0,rainy,Express Lane
TRF-106738,2025-10-08 18:00:00,102,van,61.6,565.0,clear,Lane 1
TRF-106739,2025-10-08 19:00:00,106,truck,30.2,992.0,cloudy,Lane 1
TRF-106740,2025-10-08 20:00:00,105,van,31.2,757.0,clear,Lane 3
TRF-106741,2025-10-08 21:00:00,103,motorcycle,43.3,560.0,clear,Lane 2
TRF-106742,2025-10-08 22:00:00,104,truck,36.6,694.0,cloudy,Lane 1
TRF-106743,2025-10-08 23:00:00,107,bike,57.0,1007.0,clear,Lane 3
TRF-106744,2025-10-09 00:00:00,106,truck,62.5,903.0,clear,Lane 2
TRF-106745,2025-10-09 01:00:00,102,bike,47.9,202.0,clear,Lane 2
TRF-106746,2025-10-09 02:00:00,107,bike,32.4,1003.0,rainy,Lane 2
TRF-106747,2025-10-09 03:00:00,105,car,63.4,30.0,rainy,Lane 2
TRF-106748,2025-10-09 04:00:00,107,bus,30.3,1078.0,clear,Lane 1
TRF-106749,2025-10-09 05:00:00,107,truck,42.9,909.0,clear,Lane 1
TRF-106750,2025-10-09 06:00:00,104,truck,29.8,967.0,rainy,Lane 3
TRF-106751,2025-10-09 07:00:00,108,van,37.3,902.0,rainy,Lane 1
TRF-106752,2025-10-09 08:00:00,107,bike,20.9,438.0,clear,Lane 1
TRF-106753,2025-10-09 09:00:00,107,car,71.1,773.0,clear,Lane 1
TRF-106754,2025-10-09 10:00:00,106,car,66.2,607.0,foggy,Lane 2
TRF-106755,2025-10-09 11:00:00,108,truck,33.5,111.0,clear,Lane 1
TRF-106756,2025-10-09 12:00:00,104,car,56.3,632.0,snowy,Express Lane
TRF-106757,2025-10-09 13:00:00,102,van,22.2,576.0,clear,Lane 3
TRF-106758,2025-10-09 14:00:00,105,truck,59.2,206.0,clear,Lane 1
TRF-106759,2025-10-09 15:00:00,104,motorcycle,32.1,685.0,rainy,Express Lane
TRF-106760,2025-10-09 16:00:00,104,bus,69.9,1017.0,foggy,Express Lane
TRF-106761,2025-10-09 17:00:00,101,bike,57.2,170.0,rainy,Lane 2
TRF-106762,2025-10-09 18:00:00,104,truck,41.4,297.0,foggy,Lane 3
TRF-106763,2025-10-09 19:00:00,108,van,40.7,168.0,clear,Lane 2
TRF-106764,2025-10-09 20:00:00,101,car,50.6,590.0,foggy,Express Lane
TRF-106765,2025-10-09 21:00:00,105,car,31.4,760.0,foggy,Lane 1
TRF-106766,2025-10-09 22:00:00,107,car,68.2,69.0,clear,Express Lane
TRF-106767,2025-10-09 23:00:00,106,truck,53.5,466.0,clear,Lane 3
TRF-106768,2025-10-10 00:00:00,106,bus,65.4,435.0,clear,Express Lane
TRF-106769,2025-10-10 01:00:00,105,car,5.0,773.0,clear,Express Lane
TRF-106770,2025-10-10 02:00:00,105,bus,48.3,67.0,clear,Lane 2
TRF-106771,2025-10-10 03:00:00,108,car,52.5,497.0,rainy,Express Lane
TRF-106772,2025-10-10 04:00:00,103,van,47.9,346.0,rainy,Lane 2
TRF-106773,2025-10-10 05:00:00,107,truck,48.4,659.0,foggy,Lane 2
TRF-106774,2025-10-10 06:00:00,105,van,42.2,844.0,rainy,Lane 1
TRF-106775,2025-10-10 07:00:00,104,bike,88.6,568.0,cloudy,Express Lane
TRF-106776,2025-10-10 08:00:00,108,bike,52.4,238.0,foggy,Lane 1
TRF-106777,2025-10-10 09:00:00,106,car,50.2,521.0,foggy,Lane 3
TRF-106778,2025-10-10 10:00:00,102,bike,64.9,327.0,rainy,Lane 2
TRF-106779,2025-10-10 11:00:00,108,car,37.9,613.0,cloudy,Lane 2
TRF-106780,2025-10-10 12:00:00,106,car,24.8,87.0,clear,Lane 3
TRF-106781,2025-10-10 13:00:00,101,truck,64.3,425.0,clear,Lane 2
TRF-106782,2025-10-10 14:00:00,108,truck,42.0,116.0,clear,Lane 1
TRF-106783,2025-10-10 15:00:00,106,car,72.5,640.0,foggy,Lane 1
TRF-106784,2025-10-10 16:00:00,103,bus,71.4,675.0,rainy,Lane 3
TRF-106785,2025-10-10 17:00:00,108,car,6.2,312.0,clear,Express Lane
TRF-106786,2025-10-10 18:00:00,108,truck,49.3,543.0,clear,Lane 2
TRF-106787,2025-10-10 19:00:00,107,truck,67.4,931.0,foggy,Express Lane
TRF-106788,2025-10-10 20:00:00,105,bus,16.4,858.0,clear,Lane 1
TRF-106789,2025-10-10 21:00:00,107,bike,54.6,186.0,clear,Lane 1
TRF-106790,2025-10-10 22:00:00,108,truck,59.8,255.0,clear,Lane 2
TRF-106791,2025-10-10 23:00:00,105,bus,47.0,862.0,snowy,Lane 3
TRF-106792,2025-10-11 00:00:00,106,bike,47.1,295.0,rainy,Lane 1
TRF-106793,2025-10-11 01:00:00,102,bike,69.6,502.0,clear,Express Lane
TRF-106794,2025-10-11 02:00:00,102,bus,21.1,428.0,rainy,Lane 1
TRF-106795,2025-10-11 03:00:00,108,bike,63.0,557.0,rainy,Lane 2
TRF-106796,2025-10-11 04:00:00,103,van,56.3,203.0,clear,Lane 3
TRF-106797,2025-10-11 05:00:00,101,bus,71.4,919.0,snowy,Lane 1
TRF-106798,2025-10-11 06:00:00,106,bike,30.9,320.0,foggy,Lane 2
TRF-106799,2025-10-11 07:00:00,105,bus,74.6,410.0,clear,Lane 1
TRF-106800,2025-10-11 08:00:00,108,car,23.0,592.0,snowy,Lane 1
TRF-106801,2025-10-11 09:00:00,106,van,42.1,215.0,rainy,Express Lane
TRF-106802,2025-10-11 10:00:00,108,bus,47.9,1058.0,cloudy,Lane 1
TRF-106803,2025-10-11 11:00:00,103,bike,61.0,208.0,clear,Lane 1
TRF-106804,2025-10-11 12:00:00,104,motorcycle,34.3,655.0,clear,Lane 3
TRF-106805,2025-10-11 13:00:00,104,truck,68.4,499.0,clear,Express Lane
TRF-106806,2025-10-11 14:00:00,103,truck,17.6,1034.0,rainy,Lane 3
TRF-106807,2025-10-11 15:00:00,105,truck,40.0,1030.0,clear,Lane 2
TRF-106808,2025-10-11 16:00:00,107,truck,80.1,136.0,rainy,Lane 1
TRF-106809,2025-10-11 17:00:00,103,car,34.3,600.0,cloudy,Express Lane
TRF-106810,2025-10-11 18:00:00,108,car,67.1,1084.0,rainy,Lane 3
TRF-106811,2025-10-11 19:00:00,105,bike,60.5,550.0,foggy,Lane 3
TRF-106812,2025-10-11 20:00:00,102,car,24.5,684.0,snowy,Lane 2
TRF-106813,2025-10-11 21:00:00,103,truck,51.8,71.0,cloudy,Lane 2
TRF-106814,2025-10-11 22:00:00,105,bus,75.5,626.0,cloudy,Lane 2
TRF-106815,2025-10-11 23:00:00,103,truck,40.6,893.0,clear,Lane 3
TRF-106816,2025-10-12 00:00:00,103,bike,35.6,877.0,clear,Lane 1
TRF-106817,2025-10-12 01:00:00,107,truck,53.9,290.0,clear,Lane 2
TRF-106818,2025-10-12 02:00:00,107,bus,44.1,700.0,clear,Lane 3
TRF-106819,2025-10-12 03:00:00,108,motorcycle,21.1,725.0,clear,Lane 2
TRF-106820,2025-10-12 04:00:00,105,bike,44.0,858.0,rainy,Lane 1
TRF-106821,2025-10-12 05:00:00,105,car,39.3,249.0,foggy,Lane 2
TRF-106822,2025-10-12 06:00:00,101,motorcycle,45.6,893.0,clear,Express Lane
TRF-106823,2025-10-12 07:00:00,103,bike,5.0,490.0,rainy,Lane 3
TRF-106824,2025-10-12 08:00:00,104,motorcycle,54.6,319.0,cloudy,Lane 3
TRF-106825,2025-10-12 09:00:00,103,van,18.6,211.0,clear,Lane 2
TRF-106826,2025-10-12 10:00:00,103,van,61.4,495.0,clear,Lane 2
TRF-106827,2025-10-12 11:00:00,105,truck,67.3,253.0,rainy,Lane 1
TRF-106828,2025-10-12 12:00:00,103,bike,12.3,427.0,foggy,Lane 2
TRF-106829,2025-10-12 13:00:00,106,car,71.3,560.0,foggy,Lane 2
TRF-106830,2025-10-12 14:00:00,103,van,45.9,392.0,clear,Lane 1
TRF-106831,2025-10-12 15:00:00,106,bus,67.4,805.0,clear,Express Lane
TRF-106832,2025-10-12 16:00:00,107,motorcycle,64.8,704.0,clear,Lane 1
TRF-106833,2025-10-12 17:00:00,104,car,22.0,32.0,clear,Lane 1
TRF-106834,2025-10-12 18:00:00,108,bus,32.6,622.0,clear,Lane 1
TRF-106835,2025-10-12 19:00:00,105,car,77.1,720.0,clear,Lane 3
TRF-106836,2025-10-12 20:00:00,103,bike,25.7,878.0,foggy,Lane 2
TRF-106837,2025-10-12 21:00:00,106,car,54.5,635.0,snowy,Express Lane
TRF-106838,2025-10-12 22:00:00,106,truck,34.4,758.0,foggy,Lane 3
TRF-106839,2025-10-12 23:00:00,107,van,31.7,51.0,foggy,Lane 2
TRF-106840,2025-10-13 00:00:00,106,car,47.7,450.0,clear,Lane 3
TRF-106841,2025-10-13 01:00:00,108,car,87.4,297.0,snowy,Lane 3
TRF-106842,2025-10-13 02:00:00,102,truck,61.8,644.0,rainy,Lane 2
TRF-106843,2025-10-13 03:00:00,101,truck,29.0,597.0,foggy,Express Lane
TRF-106844,2025-10-13 04:00:00,108,van,51.5,768.0,clear,Lane 3
TRF-106845,2025-10-13 05:00:00,104,bus,14.5,685.0,clear,Lane 1
TRF-106846,2025-10-13 06:00:00,108,truck,7.4,574.0,clear,Lane 3
TRF-106847,2025-10-13 07:00:00,107,bike,51.0,200.0,cloudy,Lane 3
TRF-106848,2025-10-13 08:00:00,107,truck,60.9,334.0,clear,Lane 2
TRF-106849,2025-10-13 09:00:00,108,car,76.1,363.0,foggy,Lane 3
TRF-106850,2025-10-13 10:00:00,103,truck,54.7,560.0,rainy,Express Lane
TRF-106851,2025-10-13 11:00:00,102,truck,48.1,429.0,rainy,Lane 3
TRF-106852,2025-10-13 12:00:00,103,car,41.9,992.0,cloudy,Lane 3
TRF-106853,2025-10-13 13:00:00,103,car,57.5,904.0,snowy,Lane 3
TRF-106854,2025-10-13 14:00:00,108,truck,26.1,987.0,clear,Lane 3
TRF-106855,2025-10-13 15:00:00,105,bike,35.8,887.0,rainy,Lane 2
TRF-106856,2025-10-13 16:00:00,105,truck,26.7,364.0,clear,Lane 1
TRF-106857,2025-10-13 17:00:00,105,van,38.6,560.0,foggy,Lane 1
TRF-106858,2025-10-13 18:00:00,102,bike,35.0,659.0,snowy,Lane 2
TRF-106859,2025-10-13 19:00:00,103,bike,33.7,405.0,rainy,Lane 3
TRF-106860,2025-10-13 20:00:00,101,bus,36.5,110.0,foggy,Lane 3
TRF-106861,2025-10-13 21:00:00,104,truck,51.8,939.0,snowy,Lane 2
TRF-106862,2025-10-13 22:00:00,105,bike,70.8,479.0,foggy,Lane 1
TRF-106863,2025-10-13 23:00:00,105,motorcycle,53.2,1052.0,foggy,Express Lane
TRF-106864,2025-10-14 00:00:00,107,truck,37.7,952.0,rainy,Lane 3
TRF-106865,2025-10-14 01:00:00,103,bus,55.9,709.0,clear,Lane 2
TRF-106866,2025-10-14 02:00:00,103,car,50.0,714.0,clear,Lane 3
TRF-106867,2025-10-14 03:00:00,102,car,51.0,759.0,rainy,Lane 1
TRF-106868,2025-10-14 04:00:00,102,bus,47.6,993.0,clear,Lane 3
TRF-106869,2025-10-14 05:00:00,105,bus,79.1,220.0,snowy,Lane 1
TRF-106870,2025-10-14 06:00:00,103,bike,49.8,1002.0,foggy,Express Lane
TRF-106871,2025-10-14 07:00:00,101,truck,37.9,1043.0,cloudy,Express Lane
TRF-106872,2025-10-14 08:00:00,104,bus,34.0,709.0,clear,Lane 3
TRF-106873,2025-10-14 09:00:00,108,truck,64.2,218.0,clear,Lane 2
TRF-106874,2025-10-14 10:00:00,103,bike,26.6,542.0,clear,Lane 1
TRF-106875,2025-10-14 11:00:00,107,car,72.4,560.0,foggy,Lane 3
TRF-106876,2025-10-14 12:00:00,108,car,13.5,616.0,rainy,Lane 1
TRF-106877,2025-10-14 13:00:00,103,car,70.1,877.0,rainy,Lane 2
TRF-106878,2025-10-14 14:00:00,106,bike,62.4,890.0,clear,Lane 3
TRF-106879,2025-10-14 15:00:00,102,van,40.1,1025.0,foggy,Lane 2
TRF-106880,2025-10-14 16:00:00,107,bike,34.5,172.0,rainy,Lane 1
TRF-106881,2025-10-14 17:00:00,104,car,70.2,516.0,clear,Lane 3
TRF-106882,2025-10-14 18:00:00,105,motorcycle,80.4,223.0,rainy,Lane 2
TRF-106883,2025-10-14 19:00:00,107,van,37.0,551.0,clear,Express Lane
TRF-106884,2025-10-14 20:00:00,103,bike,58.4,1083.0,clear,Lane 1
TRF-106885,2025-10-14 21:00:00,105,bike,65.6,819.0,foggy,Lane 3
TRF-106886,2025-10-14 22:00:00,103,bus,58.9,1095.0,rainy,Express Lane
TRF-106887,2025-10-14 23:00:00,105,car,49.0,446.0,foggy,Lane 2
TRF-106888,2025-10-15 00:00:00,104,truck,41.0,719.0,snowy,Express Lane
TRF-106889,2025-10-15 01:00:00,102,bike,53.0,397.0,foggy,Lane 1
TRF-106890,2025-10-15 02:00:00,104,bus,10.5,627.0,foggy,Lane 3
TRF-106891,2025-10-15 03:00:00,106,truck,72.1,589.0,clear,Express Lane
TRF-106892,2025-10-15 04:00:00,101,motorcycle,17.3,834.0,foggy,Lane 2
TRF-106893,2025-10-15 05:00:00,102,motorcycle,32.9,747.0,foggy,Express Lane
TRF-106894,2025-10-15 06:00:00,104,bike,41.9,888.0,clear,Lane 3
TRF-106895,2025-10-15 07:00:00,106,bus,30.0,852.0,clear,Express Lane
TRF-106896,2025-10-15 08:00:00,101,truck,27.7,339.0,snowy,Lane 3
TRF-106897,2025-10-15 09:00:00,106,car,73.4,732.0,rainy,Lane 2
TRF-106898,2025-10-15 10:00:00,103,truck,80.3,557.0,clear,Lane 3
TRF-106899,2025-10-15 11:00:00,108,truck,75.9,669.0,clear,Lane 2
TRF-106900,2025-10-15 12:00:00,103,truck,63.0,726.0,foggy,Express Lane
TRF-106901,2025-10-15 13:00:00,105,van,92.4,634.0,clear,Lane 3
TRF-106902,2025-10-15 14:00:00,102,bus,43.2,682.0,foggy,Lane 1
TRF-106903,2025-10-15 15:00:00,103,motorcycle,41.5,350.0,clear,Lane 2
TRF-106904,2025-10-15 16:00:00,107,car,48.2,333.0,foggy,Express Lane
TRF-106905,2025-10-15 17:00:00,106,car,73.7,548.0,cloudy,Express Lane
TRF-106906,2025-10-15 18:00:00,102,bus,58.5,956.0,foggy,Lane 2
TRF-106907,2025-10-15 19:00:00,108,bike,79.1,970.0,clear,Lane 1
TRF-106908,2025-10-15 20:00:00,107,van,49.2,221.0,clear,Lane 2
TRF-106909,2025-10-15 21:00:00,103,car,21.0,51.0,clear,Lane 3
TRF-106910,2025-10-15 22:00:00,105,car,35.9,860.0,clear,Express Lane
TRF-106911,2025-10-15 23:00:00,104,truck,66.4,109.0,cloudy,Lane 2
TRF-106912,2025-10-16 00:00:00,105,bike,39.1,457.0,clear,Lane 3
TRF-106913,2025-10-16 01:00:00,107,car,49.7,132.0,clear,Express Lane
TRF-106914,2025-10-16 02:00:00,101,bike,52.4,758.0,cloudy,Express Lane
TRF-106915,2025-10-16 03:00:00,103,bike,80.5,171.0,clear,Lane 3
TRF-106916,2025-10-16 04:00:00,107,car,63.8,1039.0,clear,Lane 2
TRF-106917,2025-10-16 05:00:00,101,bus,60.3,432.0,foggy,Lane 2
TRF-106918,2025-10-16 06:00:00,101,car,50.8,985.0,clear,Express Lane
TRF-106919,2025-10-16 07:00:00,106,motorcycle,33.0,799.0,clear,Lane 2
TRF-106920,2025-10-16 08:00:00,102,car,52.4,848.0,foggy,Lane 1
TRF-106921,2025-10-16 09:00:00,106,truck,87.2,769.0,foggy,Lane 2
TRF-106922,2025-10-16 10:00:00,103,van,57.2,191.0,rainy,Lane 2
TRF-106923,2025-10-16 11:00:00,101,truck,38.1,623.0,snowy,Express Lane
TRF-106924,2025-10-16 12:00:00,108,bus,40.5,245.0,foggy,Express Lane
TRF-106925,2025-10-16 13:00:00,107,truck,73.5,592.0,rainy,Lane 3
TRF-106926,2025-10-16 14:00:00,104,car,38.4,944.0,snowy,Express Lane
TRF-106927,2025-10-16 15:00:00,101,van,44.4,280.0,foggy,Lane 2
TRF-106928,2025-10-16 16:00:00,107,truck,47.9,754.0,clear,Lane 1
TRF-106929,2025-10-16 17:00:00,108,car,43.0,704.0,rainy,Lane 3
TRF-106930,2025-10-16 18:00:00,104,bus,56.5,417.0,clear,Express Lane
TRF-106931,2025-10-16 19:00:00,106,bike,42.7,560.0,clear,Lane 3
TRF-106932,2025-10-16 20:00:00,106,car,48.4,544.0,cloudy,Lane 2
TRF-106933,2025-10-16 21:00:00,102,bike,27.2,34.0,cloudy,Lane 3
TRF-106934,2025-10-16 22:00:00,107,bus,38.0,264.0,clear,Express Lane
TRF-106935,2025-10-16 23:00:00,101,bus,86.4,404.0,foggy,Lane 3
TRF-106936,2025-10-17 00:00:00,105,bike,45.6,304.0,snowy,Lane 2
TRF-106937,2025-10-17 01:00:00,106,truck,54.5,942.0,clear,Express Lane
TRF-106938,2025-10-17 02:00:00,106,car,33.6,953.0,clear,Lane 2
TRF-106939,2025-10-17 03:00:00,102,bus,48.9,870.0,clear,Express Lane
TRF-106940,2025-10-17 04:00:00,104,van,43.1,690.0,clear,Express Lane
TRF-106941,2025-10-17 05:00:00,102,car,67.8,657.0,rainy,Lane 1
TRF-106942,2025-10-17 06:00:00,108,bike,67.0,33.0,foggy,Lane 1
TRF-106943,2025-10-17 07:00:00,101,van,68.9,563.0,clear,Express Lane
TRF-106944,2025-10-17 08:00:00,107,bike,49.4,435.0,clear,Lane 2
TRF-106945,2025-10-17 09:00:00,103,truck,84.7,346.0,clear,Lane 3
TRF-106946,2025-10-17 10:00:00,103,motorcycle,62.5,568.0,rainy,Express Lane
TRF-106947,2025-10-17 11:00:00,107,truck,22.3,369.0,clear,Lane 1
TRF-106948,2025-10-17 12:00:00,104,truck,75.8,548.0,clear,Lane 1
TRF-106949,2025-10-17 13:00:00,108,truck,47.9,953.0,rainy,Lane 2
TRF-106950,2025-10-17 14:00:00,106,truck,68.5,720.0,foggy,Express Lane
TRF-106951,2025-10-17 15:00:00,104,truck,29.0,1001.0,clear,Lane 3
TRF-106952,2025-10-17 16:00:00,106,car,46.7,1002.0,clear,Lane 1
TRF-106953,2025-10-17 17:00:00,106,car,61.5,644.0,clear,Lane 2
TRF-106954,2025-10-17 18:00:00,103,bus,52.4,886.0,foggy,Express Lane
TRF-106955,2025-10-17 19:00:00,104,bike,45.3,240.0,clear,Lane 2
TRF-106956,2025-10-17 20:00:00,108,car,5.0,476.0,cloudy,Express Lane
TRF-106957,2025-10-17 21:00:00,102,bus,34.7,99.0,foggy,Lane 3
TRF-106958,2025-10-17 22:00:00,106,truck,30.4,311.0,rainy,Lane 2
TRF-106959,2025-10-17 23:00:00,105,motorcycle,14.5,491.0,clear,Lane 2
TRF-106960,2025-10-18 00:00:00,105,truck,35.2,560.0,snowy,Lane 2
TRF-106961,2025-10-18 01:00:00,102,car,81.5,415.0,clear,Express Lane
TRF-106962,2025-10-18 02:00:00,105,truck,68.8,70.0,foggy,Lane 1
TRF-106963,2025-10-18 03:00:00,101,bus,33.0,714.0,clear,Express Lane
TRF-106964,2025-10-18 04:00:00,106,bus,37.4,1010.0,foggy,Lane 3
TRF-106965,2025-10-18 05:00:00,102,car,37.4,811.0,snowy,Express Lane
TRF-106966,2025-10-18 06:00:00,104,bike,61.6,706.0,clear,Lane 2
TRF-106967,2025-10-18 07:00:00,106,motorcycle,55.3,546.0,foggy,Lane 2
TRF-106968,2025-10-18 08:00:00,102,car,35.2,717.0,clear,Lane 3
TRF-106969,2025-10-18 09:00:00,103,bike,37.3,1075.0,clear,Lane 1
TRF-106970,2025-10-18 10:00:00,108,bus,67.5,70.0,clear,Lane 3
TRF-106971,2025-10-18 11:00:00,104,bike,75.4,182.0,foggy,Lane 1
TRF-106972,2025-10-18 12:00:00,108,motorcycle,31.9,587.0,clear,Lane 2
TRF-106973,2025-10-18 13:00:00,103,bus,45.9,1062.0,clear,Lane 3
TRF-106974,2025-10-18 14:00:00,106,van,50.3,359.0,clear,Lane 1
TRF-106975,2025-10-18 15:00:00,104,truck,44.6,782.0,cloudy,Lane 3
TRF-106976,2025-10-18 16:00:00,108,bike,68.3,32.0,clear,Lane 2
TRF-106977,2025-10-18 17:00:00,105,van,45.3,805.0,clear,Express Lane
TRF-106978,2025-10-18 18:00:00,108,bus,82.3,1089.0,cloudy,Express Lane
TRF-106979,2025-10-18 19:00:00,102,motorcycle,69.6,840.0,clear,Lane 1
TRF-106980,2025-10-18 20:00:00,106,bus,35.6,272.0,snowy,Lane 2
TRF-106981,2025-10-18 21:00:00,101,truck,49.2,248.0,clear,Lane 3
TRF-106982,2025-10-18 22:00:00,108,car,30.4,230.0,clear,Lane 2
TRF-106983,2025-10-18 23:00:00,104,car,41.0,423.0,foggy,Lane 3
TRF-106984,2025-10-19 00:00:00,104,bike,63.7,630.0,clear,Lane 3
TRF-106985,2025-10-19 01:00:00,107,bus,52.4,298.0,clear,Express Lane
TRF-106986,2025-10-19 02:00:00,108,motorcycle,86.0,865.0,foggy,Lane 2
TRF-106987,2025-10-19 03:00:00,106,truck,26.0,153.0,snowy,Lane 1
TRF-106988,2025-10-19 04:00:00,106,car,47.4,429.0,cloudy,Lane 3
TRF-106989,2025-10-19 05:00:00,103,car,38.9,937.0,clear,Lane 3
TRF-106990,2025-10-19 06:00:00,107,truck,42.3,310.0,clear,Lane 1
TRF-106991,2025-10-19 07:00:00,108,bus,47.9,1037.0,cloudy,Lane 1
TRF-106992,2025-10-19 08:00:00,105,motorcycle,35.8,796.0,snowy,Lane 1
TRF-106993,2025-10-19 09:00:00,103,car,65.2,462.0,rainy,Lane 2
TRF-106994,2025-10-19 10:00:00,107,bus,79.5,429.0,snowy,Lane 1
TRF-106995,2025-10-19 11:00:00,108,motorcycle,6.0,900.0,cloudy,Lane 3
TRF-106996,2025-10-19 12:00:00,108,van,73.1,1055.0,rainy,Express Lane
TRF-106997,2025-10-19 13:00:00,103,truck,93.3,358.0,foggy,Express Lane
TRF-106998,2025-10-19 14:00:00,105,van,51.4,664.0,clear,Express Lane
TRF-106999,2025-10-19 15:00:00,107,truck,37.0,412.0,snowy,Express Lane
TRF-107000,2025-10-19 16:00:00,108,bus,37.7,107.0,foggy,Lane 3
TRF-107001,2025-10-19 17:00:00,108,bus,42.5,361.0,clear,Lane 2
TRF-107002,2025-10-19 18:00:00,107,bike,55.7,192.0,clear,Lane 2
TRF-107003,2025-10-19 19:00:00,101,bus,40.3,179.0,rainy,Lane 3
TRF-107004,2025-10-19 20:00:00,103,car,46.6,589.0,clear,Express Lane
TRF-107005,2025-10-19 21:00:00,103,car,30.8,655.0,clear,Lane 3
TRF-107006,2025-10-19 22:00:00,104,motorcycle,39.8,605.0,foggy,Express Lane
TRF-107007,2025-10-19 23:00:00,105,van,40.6,992.0,foggy,Express Lane
TRF-107008,2025-10-20 00:00:00,102,van,47.4,179.0,rainy,Lane 3
TRF-107009,2025-10-20 01:00:00,101,bus,21.8,391.0,foggy,Lane 2
TRF-107010,2025-10-20 02:00:00,107,van,42.1,403.0,snowy,Lane 3
TRF-107011,2025-10-20 03:00:00,107,car,44.1,800.0,rainy,Lane 3
TRF-107012,2025-10-20 04:00:00,107,bike,51.3,124.0,rainy,Express Lane
TRF-107013,2025-10-20 05:00:00,101,truck,73.2,983.0,cloudy,Lane 2
TRF-107014,2025-10-20 06:00:00,108,bike,46.2,111.0,rainy,Lane 3
TRF-107015,2025-10-20 07:00:00,107,bus,26.1,662.0,clear,Lane 3
TRF-107016,2025-10-20 08:00:00,107,truck,50.4,932.0,foggy,Lane 1
TRF-107017,2025-10-20 09:00:00,105,car,35.2,1025.0,cloudy,Lane 3
TRF-107018,2025-10-20 10:00:00,106,car,34.8,442.0,clear,Lane 1
TRF-107019,2025-10-20 11:00:00,106,bus,42.7,32.0,snowy,Express Lane
TRF-107020,2025-10-20 12:00:00,104,car,38.6,42.0,cloudy,Lane 2
TRF-107021,2025-10-20 13:00:00,104,truck,28.8,193.0,cloudy,Lane 2
TRF-107022,2025-10-20 14:00:00,107,bus,39.3,560.0,cloudy,Lane 1
TRF-107023,2025-10-20 15:00:00,105,bus,56.2,195.0,foggy,Lane 3
TRF-107024,2025-10-20 16:00:00,107,truck,48.7,89.0,foggy,Express Lane
TRF-107025,2025-10-20 17:00:00,104,car,30.1,411.0,clear,Lane 1
TRF-107026,2025-10-20 18:00:00,101,motorcycle,32.5,819.0,cloudy,Lane 2
TRF-107027,2025-10-20 19:00:00,101,bus,50.2,690.0,clear,Express Lane
TRF-107028,2025-10-20 20:00:00,108,bus,30.2,496.0,snowy,Express Lane
TRF-107029,2025-10-20 21:00:00,102,bike,31.9,545.0,foggy,Lane 3
TRF-107030,2025-10-20 22:00:00,106,car,37.7,510.0,foggy,Express Lane
TRF-107031,2025-10-20 23:00:00,105,truck,30.5,266.0,snowy,Lane 3
TRF-107032,2025-10-21 00:00:00,103,bus,49.8,749.0,rainy,Lane 2
TRF-107033,2025-10-21 01:00:00,106,bus,42.5,201.0,clear,Lane 1
TRF-107034,2025-10-21 02:00:00,103,car,73.3,236.0,foggy,Lane 1
TRF-107035,2025-10-21 03:00:00,102,truck,27.1,600.0,clear,Lane 2
TRF-107036,2025-10-21 04:00:00,102,motorcycle,68.7,834.0,clear,Lane 3
TRF-107037,2025-10-21 05:00:00,107,car,52.3,142.0,rainy,Express Lane
TRF-107038,2025-10-21 06:00:00,104,bike,74.8,517.0,snowy,Express Lane
TRF-107039,2025-10-21 07:00:00,102,bike,72.4,412.0,rainy,Lane 2
TRF-107040,2025-10-21 08:00:00,102,bus,40.3,987.0,foggy,Lane 3
TRF-107041,2025-10-21 09:00:00,103,truck,22.6,727.0,rainy,Lane 1
TRF-107042,2025-10-21 10:00:00,104,car,45.3,653.0,clear,Lane 1
TRF-107043,2025-10-21 11:00:00,102,truck,12.4,736.0,clear,Lane 1
TRF-107044,2025-10-21 12:00:00,106,bike,59.9,154.0,snowy,Lane 1
TRF-107045,2025-10-21 13:00:00,108,truck,50.7,385.0,rainy,Lane 2
TRF-107046,2025-10-21 14:00:00,102,truck,37.2,268.0,rainy,Lane 1
TRF-107047,2025-10-21 15:00:00,108,bike,39.9,1035.0,clear,Lane 2
TRF-107048,2025-10-21 16:00:00,104,motorcycle,47.9,542.0,foggy,Lane 2
TRF-107049,2025-10-21 17:00:00,107,bus,47.4,662.0,clear,Express Lane
TRF-107050,2025-10-21 18:00:00,105,van,30.1,630.0,snowy,Lane 2
TRF-107051,2025-10-21 19:00:00,104,bike,47.3,1053.0,foggy,Express Lane
TRF-107052,2025-10-21 20:00:00,103,motorcycle,54.4,143.0,clear,Lane 3
TRF-107053,2025-10-21 21:00:00,105,car,59.7,958.0,snowy,Lane 1
TRF-107054,2025-10-21 22:00:00,106,car,56.0,56.0,foggy,Lane 3
TRF-107055,2025-10-21 23:00:00,101,bike,42.6,628.0,cloudy,Lane 3
TRF-107056,2025-10-22 00:00:00,108,bus,56.0,621.0,clear,Express Lane
TRF-107057,2025-10-22 01:00:00,108,car,50.4,209.0,rainy,Express Lane
TRF-107058,2025-10-22 02:00:00,108,car,50.3,560.0,cloudy,Express Lane
TRF-107059,2025-10-22 03:00:00,104,bus,29.5,276.0,foggy,Lane 2
TRF-107060,2025-10-22 04:00:00,108,van,25.5,346.0,clear,Lane 1
TRF-107061,2025-10-22 05:00:00,107,bus,52.6,988.0,foggy,Express Lane
TRF-107062,2025-10-22 06:00:00,108,bike,56.8,811.0,clear,Express Lane
TRF-107063,2025-10-22 07:00:00,103,bus,36.8,1015.0,rainy,Lane 2
TRF-107064,2025-10-22 08:00:00,106,car,69.1,919.0,rainy,Lane 1
TRF-107065,2025-10-22 09:00:00,108,car,87.8,806.0,clear,Lane 3
TRF-107066,2025-10-22 10:00:00,108,truck,79.6,776.0,clear,Express Lane
TRF-107067,2025-10-22 11:00:00,105,motorcycle,43.2,374.0,clear,Lane 3
TRF-107068,2025-10-22 12:00:00,106,bike,40.2,81.0,clear,Lane 2
TRF-107069,2025-10-22 13:00:00,108,bike,62.2,834.0,clear,Lane 1
TRF-107070,2025-10-22 14:00:00,104,truck,60.2,621.0,rainy,Express Lane
TRF-107071,2025-10-22 15:00:00,102,car,28.0,722.0,cloudy,Lane 2
TRF-107072,2025-10-22 16:00:00,107,car,43.6,438.0,rainy,Lane 2
TRF-107073,2025-10-22 17:00:00,104,bike,59.9,364.0,rainy,Lane 3
TRF-107074,2025-10-22 18:00:00,101,bike,31.9,434.0,rainy,Lane 2
TRF-107075,2025-10-22 19:00:00,104,car,34.6,151.0,rainy,Lane 2
TRF-107076,2025-10-22 20:00:00,105,truck,37.3,676.0,clear,Lane 1
TRF-107077,2025-10-22 21:00:00,105,motorcycle,40.8,718.0,rainy,Lane 1
TRF-107078,2025-10-22 22:00:00,108,motorcycle,19.8,1092.0,clear,Lane 1
TRF-107079,2025-10-22 23:00:00,104,motorcycle,60.5,104.0,cloudy,Lane 2
TRF-107080,2025-10-23 00:00:00,105,truck,34.8,894.0,snowy,Express Lane
TRF-107081,2025-10-23 01:00:00,102,truck,51.6,246.0,clear,Lane 1
TRF-107082,2025-10-23 02:00:00,106,van,49.7,772.0,rainy,Express Lane
TRF-107083,2025-10-23 03:00:00,104,van,29.8,447.0,clear,Lane 2
TRF-107084,2025-10-23 04:00:00,107,bus,16.2,685.0,foggy,Lane 1
TRF-107085,2025-10-23 05:00:00,102,car,49.6,893.0,rainy,Express Lane
TRF-107086,2025-10-23 06:00:00,108,car,40.2,837.0,clear,Lane 1
TRF-107087,2025-10-23 07:00:00,106,car,56.2,325.0,clear,Lane 1
TRF-107088,2025-10-23 08:00:00,107,truck,62.6,479.0,rainy,Express Lane
TRF-107089,2025-10-23 09:00:00,108,truck,11.3,132.0,clear,Express Lane
TRF-107090,2025-10-23 10:00:00,107,truck,43.8,819.0,cloudy,Express Lane
TRF-107091,2025-10-23 11:00:00,108,truck,66.8,930.0,cloudy,Lane 2
TRF-107092,2025-10-23 12:00:00,107,bike,73.9,175.0,clear,Lane 3
TRF-107093,2025-10-23 13:00:00,106,car,15.0,148.0,cloudy,Lane 3
TRF-107094,2025-10-23 14:00:00,102,car,68.7,293.0,clear,Lane 2
TRF-107095,2025-10-23 15:00:00,107,truck,29.8,1018.0,cloudy,Express Lane
TRF-107096,2025-10-23 16:00:00,107,car,60.7,694.0,snowy,Express Lane
TRF-107097,2025-10-23 17:00:00,103,truck,38.1,215.0,clear,Lane 2
TRF-107098,2025-10-23 18:00:00,104,car,61.4,816.0,rainy,Lane 3
TRF-107099,2025-10-23 19:00:00,106,car,41.5,922.0,rainy,Lane 2
TRF-107100,2025-10-23 20:00:00,108,car,22.1,391.0,foggy,Express Lane
TRF-107101,2025-10-23 21:00:00,106,motorcycle,37.5,1028.0,snowy,Express Lane
TRF-107102,2025-10-23 22:00:00,105,car,57.7,265.0,cloudy,Lane 1
TRF-107103,2025-10-23 23:00:00,108,car,40.4,380.0,clear,Lane 3
TRF-107104,2025-10-24 00:00:00,106,car,28.7,446.0,rainy,Express Lane
TRF-107105,2025-10-24 01:00:00,102,motorcycle,25.1,872.0,clear,Lane 2
TRF-107106,2025-10-24 02:00:00,108,car,33.4,773.0,clear,Lane 2
TRF-107107,2025-10-24 03:00:00,108,truck,33.3,1035.0,clear,Lane 3
TRF-107108,2025-10-24 04:00:00,106,van,58.3,42.0,rainy,Lane 2
TRF-107109,2025-10-24 05:00:00,108,bus,40.9,910.0,rainy,Lane 3
TRF-107110,2025-10-24 06:00:00,103,car,42.6,835.0,clear,Lane 2
TRF-107111,2025-10-24 07:00:00,104,car,44.8,242.0,clear,Lane 2
TRF-107112,2025-10-24 08:00:00,108,car,57.7,299.0,cloudy,Express Lane
TRF-107113,2025-10-24 09:00:00,104,car,59.5,1013.0,foggy,Lane 3
TRF-107114,2025-10-24 10:00:00,106,truck,38.5,1093.0,snowy,Express Lane
TRF-107115,2025-10-24 11:00:00,107,truck,43.2,803.0,clear,Lane 3
TRF-107116,2025-10-24 12:00:00,101,bus,59.6,210.0,clear,Express Lane
TRF-107117,2025-10-24 13:00:00,101,bike,35.5,1046.0,foggy,Express Lane
TRF-107118,2025-10-24 14:00:00,107,car,38.1,135.0,clear,Lane 1
TRF-107119,2025-10-24 15:00:00,107,truck,59.5,862.0,foggy,Express Lane
TRF-107120,2025-10-24 16:00:00,107,car,37.7,560.0,snowy,Express Lane
TRF-107121,2025-10-24 17:00:00,102,car,52.5,433.0,cloudy,Lane 2
TRF-107122,2025-10-24 18:00:00,101,van,19.6,419.0,clear,Lane 2
TRF-107123,2025-10-24 19:00:00,107,truck,58.5,637.0,foggy,Lane 3
TRF-107124,2025-10-24 20:00:00,102,truck,44.4,1029.0,foggy,Lane 1
TRF-107125,2025-10-24 21:00:00,105,bike,55.3,152.0,rainy,Lane 3
TRF-107126,2025-10-24 22:00:00,108,van,68.1,818.0,clear,Lane 2
TRF-107127,2025-10-24 23:00:00,102,truck,42.0,66.0,clear,Lane 3
TRF-107128,2025-10-25 00:00:00,101,bus,20.4,739.0,clear,Lane 2
TRF-107129,2025-10-25 01:00:00,106,truck,41.5,796.0,cloudy,Lane 2
TRF-107130,2025-10-25 02:00:00,105,car,69.9,532.0,clear,Lane 3
TRF-107131,2025-10-25 03:00:00,101,bike,51.1,946.0,snowy,Lane 2
TRF-107132,2025-10-25 04:00:00,108,bike,28.8,626.0,rainy,Lane 2
TRF-107133,2025-10-25 05:00:00,102,car,44.5,121.0,clear,Lane 1
TRF-107134,2025-10-25 06:00:00,103,truck,56.8,129.0,rainy,Lane 1
TRF-107135,2025-10-25 07:00:00,104,truck,45.7,1006.0,rainy,Lane 2
TRF-107136,2025-10-25 08:00:00,108,truck,45.3,715.0,clear,Lane 2
TRF-107137,2025-10-25 09:00:00,101,car,35.2,423.0,foggy,Express Lane
TRF-107138,2025-10-25 10:00:00,107,bike,36.6,623.0,snowy,Express Lane
TRF-107139,2025-10-25 11:00:00,102,bike,52.0,863.0,clear,Lane 2
TRF-107140,2025-10-25 12:00:00,107,car,56.9,915.0,foggy,Lane 1
TRF-107141,2025-10-25 13:00:00,107,truck,44.9,1034.0,clear,Lane 2
TRF-107142,2025-10-25 14:00:00,107,truck,39.1,534.0,clear,Lane 1
TRF-107143,2025-10-25 15:00:00,107,car,61.6,819.0,cloudy,Lane 1
TRF-107144,2025-10-25 16:00:00,107,car,40.4,520.0,foggy,Express Lane
TRF-107145,2025-10-25 17:00:00,105,motorcycle,53.2,371.0,clear,Lane 2
TRF-107146,2025-10-25 18:00:00,101,bike,57.6,499.0,cloudy,Lane 1
TRF-107147,2025-10-25 19:00:00,108,car,25.2,163.0,snowy,Lane 2
TRF-107148,2025-10-25 20:00:00,101,car,50.5,907.0,clear,Lane 3
TRF-107149,2025-10-25 21:00:00,108,truck,5.0,706.0,clear,Lane 3
TRF-107150,2025-10-25 22:00:00,104,car,46.2,241.0,clear,Express Lane
TRF-107151,2025-10-25 23:00:00,102,truck,58.4,614.0,snowy,Lane 3
TRF-107152,2025-10-26 00:00:00,103,truck,54.1,386.0,cloudy,Lane 3
TRF-107153,2025-10-26 01:00:00,105,bus,62.4,482.0,clear,Lane 2
TRF-107154,2025-10-26 02:00:00,102,van,54.3,566.0,foggy,Express Lane
TRF-107155,2025-10-26 03:00:00,105,car,38.2,450.0,foggy,Express Lane
TRF-107156,2025-10-26 04:00:00,108,car,20.3,180.0,rainy,Lane 3
TRF-107157,2025-10-26 05:00:00,101,truck,50.0,532.0,clear,Lane 2
TRF-107158,2025-10-26 06:00:00,107,truck,56.6,917.0,foggy,Lane 2
TRF-107159,2025-10-26 07:00:00,104,car,16.4,977.0,cloudy,Express Lane
TRF-107160,2025-10-26 08:00:00,104,truck,55.3,772.0,clear,Lane 2
TRF-107161,2025-10-26 09:00:00,106,bike,49.6,544.0,clear,Lane 2
TRF-107162,2025-10-26 10:00:00,103,truck,41.4,364.0,snowy,Express Lane
TRF-107163,2025-10-26 11:00:00,104,bus,55.9,613.0,clear,Lane 2
TRF-107164,2025-10-26 12:00:00,107,bus,43.0,237.0,rainy,Lane 1
TRF-107165,2025-10-26 13:00:00,101,bus,41.9,881.0,clear,Express Lane
TRF-107166,2025-10-26 14:00:00,103,van,25.1,606.0,clear,Lane 3
TRF-107167,2025-10-26 15:00:00,108,truck,55.3,737.0,snowy,Lane 1
TRF-107168,2025-10-26 16:00:00,102,van,24.5,707.0,cloudy,Lane 1
TRF-107169,2025-10-26 17:00:00,108,truck,35.7,261.0,cloudy,Express Lane
TRF-107170,2025-10-26 18:00:00,107,truck,56.2,1018.0,rainy,Lane 3
TRF-107171,2025-10-26 19:00:00,107,bus,45.0,910.0,foggy,Express Lane
TRF-107172,2025-10-26 20:00:00,104,bike,78.8,633.0,snowy,Lane 2
TRF-107173,2025-10-26 21:00:00,103,car,58.7,361.0,rainy,Express Lane
TRF-107174,2025-10-26 22:00:00,101,bike,61.5,841.0,clear,Lane 2
TRF-107175,2025-10-26 23:00:00,108,truck,63.4,236.0,cloudy,Lane 3
TRF-107176,2025-10-27 00:00:00,106,car,43.7,390.0,foggy,Express Lane
TRF-107177,2025-10-27 01:00:00,108,truck,38.4,402.0,rainy,Lane 3
TRF-107178,2025-10-27 02:00:00,105,truck,26.2,573.0,clear,Lane 3
TRF-107179,2025-10-27 03:00:00,105,truck,21.8,160.0,rainy,Lane 1
TRF-107180,2025-10-27 04:00:00,101,car,68.7,558.0,rainy,Express Lane
TRF-107181,2025-10-27 05:00:00,101,truck,36.8,107.0,rainy,Express Lane
TRF-107182,2025-10-27 06:00:00,105,bus,64.1,70.0,clear,Lane 1
TRF-107183,2025-10-27 07:00:00,106,bike,21.5,287.0,clear,Lane 3
TRF-107184,2025-10-27 08:00:00,103,truck,44.7,319.0,clear,Express Lane
TRF-107185,2025-10-27 09:00:00,105,car,70.8,653.0,cloudy,Lane 3
TRF-107186,2025-10-27 10:00:00,101,motorcycle,52.8,743.0,clear,Lane 3
TRF-107187,2025-10-27 11:00:00,104,bike,53.3,581.0,snowy,Express Lane
TRF-107188,2025-10-27 12:00:00,102,truck,37.4,740.0,clear,Lane 3
TRF-107189,2025-10-27 13:00:00,106,bus,31.8,990.0,clear,Lane 1
TRF-107190,2025-10-27 14:00:00,107,bike,47.2,852.0,rainy,Lane 3
TRF-107191,2025-10-27 15:00:00,106,bus,27.7,103.0,clear,Lane 3
TRF-107192,2025-10-27 16:00:00,104,truck,46.1,34.0,foggy,Express Lane
TRF-107193,2025-10-27 17:00:00,104,bike,65.7,853.0,foggy,Lane 3
TRF-107194,2025-10-27 18:00:00,107,bike,47.9,147.0,rainy,Lane 3
TRF-107195,2025-10-27 19:00:00,108,truck,59.6,773.0,clear,Express Lane
TRF-107196,2025-10-27 20:00:00,101,car,65.9,690.0,clear,Lane 2
TRF-107197,2025-10-27 21:00:00,105,truck,43.3,778.0,clear,Lane 2
TRF-107198,2025-10-27 22:00:00,108,truck,48.6,459.0,foggy,Lane 3
TRF-107199,2025-10-27 23:00:00,103,car,39.4,696.0,cloudy,Lane 1
TRF-107200,2025-10-28 00:00:00,106,bike,42.4,188.0,snowy,Express Lane
TRF-107201,2025-10-28 01:00:00,107,car,62.7,560.0,rainy,Express Lane
TRF-107202,2025-10-28 02:00:00,106,bike,61.0,1045.0,cloudy,Lane 2
TRF-107203,2025-10-28 03:00:00,108,car,55.1,690.0,foggy,Lane 1
TRF-107204,2025-10-28 04:00:00,104,truck,58.9,1066.0,clear,Lane 2
TRF-107205,2025-10-28 05:00:00,105,car,51.6,446.0,clear,Lane 2
TRF-107206,2025-10-28 06:00:00,106,truck,25.9,899.0,clear,Lane 3
TRF-107207,2025-10-28 07:00:00,103,car,67.2,1048.0,clear,Express Lane
TRF-107208,2025-10-28 08:00:00,104,truck,31.9,645.0,cloudy,Lane 3
TRF-107209,2025-10-28 09:00:00,103,car,46.2,1056.0,foggy,Lane 3
TRF-107210,2025-10-28 10:00:00,105,car,63.4,963.0,clear,Lane 1
TRF-107211,2025-10-28 11:00:00,106,bus,22.8,1052.0,foggy,Express Lane
TRF-107212,2025-10-28 12:00:00,102,car,59.2,791.0,clear,Lane 1
TRF-107213,2025-10-28 13:00:00,108,bus,26.5,612.0,foggy,Lane 1
TRF-107214,2025-10-28 14:00:00,106,truck,58.7,300.0,foggy,Lane 3
TRF-107215,2025-10-28 15:00:00,108,car,69.6,756.0,clear,Lane 2
TRF-107216,2025-10-28 16:00:00,105,bike,34.7,463.0,cloudy,Express Lane
TRF-107217,2025-10-28 17:00:00,106,motorcycle,32.4,551.0,rainy,Lane 2
TRF-107218,2025-10-28 18:00:00,108,bus,49.4,641.0,clear,Express Lane
TRF-107219,2025-10-28 19:00:00,107,motorcycle,31.8,898.0,rainy,Lane 2
TRF-107220,2025-10-28 20:00:00,108,car,8.8,975.0,clear,Lane 3
TRF-107221,2025-10-28 21:00:00,106,truck,47.5,519.0,rainy,Express Lane
TRF-107222,2025-10-28 22:00:00,101,car,54.0,839.0,foggy,Lane 2
TRF-107223,2025-10-28 23:00:00,106,truck,42.1,775.0,foggy,Lane 2
TRF-107224,2025-10-29 00:00:00,106,car,50.0,465.0,clear,Express Lane
TRF-107225,2025-10-29 01:00:00,108,truck,66.9,715.0,snowy,Lane 1
TRF-107226,2025-10-29 02:00:00,103,bike,41.6,246.0,rainy,Lane 1
TRF-107227,2025-10-29 03:00:00,102,bus,43.9,69.0,clear,Express Lane
TRF-107228,2025-10-29 04:00:00,103,bus,47.6,727.0,clear,Lane 3
TRF-107229,2025-10-29 05:00:00,108,bus,42.3,821.0,clear,Express Lane
TRF-107230,2025-10-29 06:00:00,103,bus,42.4,709.0,rainy,Express Lane
TRF-107231,2025-10-29 07:00:00,104,bus,47.9,433.0,clear,Lane 2
TRF-107232,2025-10-29 08:00:00,101,bus,50.3,1082.0,clear,Lane 3
TRF-107233,2025-10-29 09:00:00,103,car,42.7,66.0,clear,Lane 1
TRF-107234,2025-10-29 10:00:00,107,car,72.9,536.0,foggy,Lane 2
TRF-107235,2025-10-29 11:00:00,105,bike,67.5,289.0,clear,Lane 2
TRF-107236,2025-10-29 12:00:00,107,motorcycle,59.2,989.0,foggy,Lane 1
TRF-107237,2025-10-29 13:00:00,105,car,37.0,663.0,cloudy,Lane 2
TRF-107238,2025-10-29 14:00:00,106,bike,97.2,441.0,snowy,Lane 3
TRF-107239,2025-10-29 15:00:00,104,car,19.8,451.0,clear,Lane 2
TRF-107240,2025-10-29 16:00:00,101,car,15.9,988.0,rainy,Lane 1
TRF-107241,2025-10-29 17:00:00,107,truck,54.9,692.0,foggy,Lane 1
TRF-107242,2025-10-29 18:00:00,101,bike,41.6,1044.0,cloudy,Lane 3
TRF-107243,2025-10-29 19:00:00,107,truck,5.0,624.0,clear,Lane 3
TRF-107244,2025-10-29 20:00:00,106,truck,45.5,199.0,rainy,Express Lane
TRF-107245,2025-10-29 21:00:00,105,bus,49.4,811.0,clear,Express Lane
TRF-107246,2025-10-29 22:00:00,102,motorcycle,45.0,257.0,rainy,Lane 1
TRF-107247,2025-10-29 23:00:00,104,car,53.4,34.0,foggy,Lane 3
TRF-107248,2025-10-30 00:00:00,107,van,39.5,181.0,clear,Lane 1
TRF-107249,2025-10-30 01:00:00,107,car,45.5,250.0,snowy,Lane 3
TRF-107250,2025-10-30 02:00:00,106,motorcycle,71.5,186.0,snowy,Lane 1
TRF-107251,2025-10-30 03:00:00,104,car,65.3,1059.0,rainy,Lane 3
TRF-107252,2025-10-30 04:00:00,105,truck,44.2,319.0,foggy,Lane 3
TRF-107253,2025-10-30 05:00:00,105,van,57.9,307.0,foggy,Express Lane
TRF-107254,2025-10-30 06:00:00,107,car,63.7,560.0,clear,Express Lane
TRF-107255,2025-10-30 07:00:00,102,bus,31.1,910.0,clear,Express Lane
TRF-107256,2025-10-30 08:00:00,102,truck,53.9,1012.0,foggy,Lane 3
TRF-107257,2025-10-30 09:00:00,101,bus,50.8,1024.0,clear,Lane 3
TRF-107258,2025-10-30 10:00:00,104,motorcycle,59.8,375.0,clear,Express Lane
TRF-107259,2025-10-30 11:00:00,104,bus,31.0,609.0,cloudy,Express Lane
TRF-107260,2025-10-30 12:00:00,105,truck,47.4,642.0,cloudy,Lane 2
TRF-107261,2025-10-30 13:00:00,101,bus,34.4,703.0,cloudy,Lane 1
TRF-107262,2025-10-30 14:00:00,106,car,54.0,342.0,clear,Express Lane
TRF-107263,2025-10-30 15:00:00,104,bus,33.1,202.0,clear,Lane 1
TRF-107264,2025-10-30 16:00:00,101,van,38.2,257.0,snowy,Lane 2
TRF-107265,2025-10-30 17:00:00,101,bus,50.2,222.0,snowy,Lane 3
TRF-107266,2025-10-30 18:00:00,107,truck,31.1,550.0,cloudy,Lane 3
TRF-107267,2025-10-30 19:00:00,105,car,18.9,455.0,rainy,Lane 1
TRF-107268,2025-10-30 20:00:00,101,car,66.7,971.0,clear,Lane 1
TRF-107269,2025-10-30 21:00:00,108,truck,36.4,103.0,foggy,Lane 1
TRF-107270,2025-10-30 22:00:00,102,truck,22.8,372.0,clear,Lane 2
TRF-107271,2025-10-30 23:00:00,108,van,28.0,400.0,clear,Lane 1
TRF-107272,2025-10-31 00:00:00,102,truck,46.2,430.0,rainy,Express Lane
TRF-107273,2025-10-31 01:00:00,103,truck,76.4,913.0,rainy,Express Lane
TRF-107274,2025-10-31 02:00:00,105,bike,45.5,251.0,rainy,Lane 2
TRF-107275,2025-10-31 03:00:00,107,truck,58.5,669.0,clear,Lane 2
TRF-107276,2025-10-31 04:00:00,106,bus,41.1,888.0,clear,Lane 1
TRF-107277,2025-10-31 05:00:00,108,truck,51.3,403.0,cloudy,Lane 1
TRF-107278,2025-10-31 06:00:00,108,bike,44.3,1060.0,snowy,Lane 1
TRF-107279,2025-10-31 07:00:00,103,truck,58.3,766.0,snowy,Lane 3
TRF-107280,2025-10-31 08:00:00,102,bike,27.6,465.0,foggy,Lane 3
TRF-107281,2025-10-31 09:00:00,107,motorcycle,49.4,767.0,snowy,Express Lane
TRF-107282,2025-10-31 10:00:00,103,truck,50.8,594.0,rainy,Lane 3
TRF-107283,2025-10-31 11:00:00,105,van,55.1,1056.0,clear,Lane 1
TRF-107284,2025-10-31 12:00:00,107,truck,23.8,573.0,clear,Lane 2
TRF-107285,2025-10-31 13:00:00,105,truck,39.4,665.0,clear,Lane 2
TRF-107286,2025-10-31 14:00:00,101,motorcycle,58.8,878.0,foggy,Express Lane
TRF-107287,2025-10-31 15:00:00,104,bike,52.1,850.0,rainy,Lane 3
TRF-107288,2025-10-31 16:00:00,101,car,79.2,425.0,rainy,Lane 2
TRF-107289,2025-10-31 17:00:00,105,bus,38.5,921.0,foggy,Lane 3
TRF-107290,2025-10-31 18:00:00,108,truck,12.2,418.0,foggy,Lane 2
TRF-107291,2025-10-31 19:00:00,107,bus,39.6,477.0,snowy,Lane 1
TRF-107292,2025-10-31 20:00:00,102,truck,5.0,74.0,rainy,Lane 1
TRF-107293,2025-10-31 21:00:00,106,truck,60.6,433.0,clear,Lane 2
TRF-107294,2025-10-31 22:00:00,102,motorcycle,47.9,338.0,rainy,Lane 3
TRF-107295,2025-10-31 23:00:00,107,van,55.2,256.0,rainy,Lane 1
TRF-107296,2025-11-01 00:00:00,101,car,58.0,378.0,clear,Lane 2
TRF-107297,2025-11-01 01:00:00,106,car,47.9,142.0,clear,Lane 3
TRF-107298,2025-11-01 02:00:00,107,car,5.0,1083.0,clear,Lane 2
TRF-107299,2025-11-01 03:00:00,105,truck,11.2,305.0,clear,Lane 3
TRF-107300,2025-11-01 04:00:00,108,bus,34.4,755.0,cloudy,Lane 2
TRF-107301,2025-11-01 05:00:00,102,truck,42.5,116.0,snowy,Lane 2
TRF-107302,2025-11-01 06:00:00,105,bus,51.6,833.0,clear,Lane 1
TRF-107303,2025-11-01 07:00:00,106,car,50.2,51.0,snowy,Express Lane
TRF-107304,2025-11-01 08:00:00,106,truck,51.2,414.0,cloudy,Lane 3
TRF-107305,2025-11-01 09:00:00,102,motorcycle,19.9,1074.0,clear,Lane 1
TRF-107306,2025-11-01 10:00:00,105,car,33.7,520.0,foggy,Lane 1
TRF-107307,2025-11-01 11:00:00,103,truck,42.2,802.0,snowy,Express Lane
TRF-107308,2025-11-01 12:00:00,105,bus,45.3,1044.0,rainy,Lane 1
TRF-107309,2025-11-01 13:00:00,106,bike,39.0,917.0,cloudy,Lane 2
TRF-107310,2025-11-01 14:00:00,105,bike,52.6,250.0,clear,Express Lane
TRF-107311,2025-11-01 15:00:00,108,bike,27.5,620.0,clear,Lane 2
TRF-107312,2025-11-01 16:00:00,107,truck,39.3,842.0,foggy,Lane 1
TRF-107313,2025-11-01 17:00:00,101,bike,57.1,560.0,clear,Lane 3
TRF-107314,2025-11-01 18:00:00,108,car,47.9,74.0,clear,Lane 2
TRF-107315,2025-11-01 19:00:00,103,car,41.3,480.0,clear,Lane 1
TRF-107316,2025-11-01 20:00:00,104,van,41.7,1033.0,cloudy,Express Lane
TRF-107317,2025-11-01 21:00:00,107,bus,39.4,711.0,clear,Lane 2
TRF-107318,2025-11-01 22:00:00,101,motorcycle,42.0,176.0,clear,Lane 1
TRF-107319,2025-11-01 23:00:00,104,car,38.9,822.0,rainy,Lane 2
TRF-107320,2025-11-02 00:00:00,102,car,47.9,1022.0,foggy,Lane 1
TRF-107321,2025-11-02 01:00:00,104,bike,53.3,1014.0,snowy,Express Lane
TRF-107322,2025-11-02 02:00:00,107,bus,52.9,46.0,clear,Lane 3
TRF-107323,2025-11-02 03:00:00,105,bike,24.4,178.0,snowy,Lane 3
TRF-107324,2025-11-02 04:00:00,107,van,80.3,1045.0,clear,Lane 3
TRF-107325,2025-11-02 05:00:00,108,motorcycle,38.2,746.0,clear,Express Lane
TRF-107326,2025-11-02 06:00:00,104,car,56.4,879.0,rainy,Lane 3
TRF-107327,2025-11-02 07:00:00,106,bus,28.7,947.0,clear,Express Lane
TRF-107328,2025-11-02 08:00:00,101,truck,74.3,509.0,foggy,Lane 3
TRF-107329,2025-11-02 09:00:00,101,van,57.7,73.0,snowy,Lane 1
TRF-107330,2025-11-02 10:00:00,104,van,54.9,904.0,foggy,Express Lane
TRF-107331,2025-11-02 11:00:00,101,bus,44.8,384.0,clear,Lane 2
TRF-107332,2025-11-02 12:00:00,106,truck,14.9,1065.0,clear,Express Lane
TRF-107333,2025-11-02 13:00:00,107,bus,77.9,385.0,snowy,Lane 1
TRF-107334,2025-11-02 14:00:00,101,van,63.4,924.0,clear,Lane 3
TRF-107335,2025-11-02 15:00:00,104,bus,42.2,503.0,rainy,Lane 1
TRF-107336,2025-11-02 16:00:00,103,van,47.9,82.0,clear,Lane 1
TRF-107337,2025-11-02 17:00:00,103,bus,24.4,142.0,rainy,Lane 1
TRF-107338,2025-11-02 18:00:00,102,bus,13.7,844.0,clear,Lane 1
TRF-107339,2025-11-02 19:00:00,108,van,48.3,349.0,rainy,Lane 3
TRF-107340,2025-11-02 20:00:00,101,bike,33.6,663.0,clear,Lane 1
TRF-107341,2025-11-02 21:00:00,108,car,39.3,430.0,clear,Lane 1
TRF-107342,2025-11-02 22:00:00,107,bus,47.1,34.0,clear,Express Lane
TRF-107343,2025-11-02 23:00:00,104,truck,26.6,476.0,snowy,Lane 1
TRF-107344,2025-11-03 00:00:00,101,bus,46.6,68.0,cloudy,Lane 3
TRF-107345,2025-11-03 01:00:00,105,truck,28.1,229.0,clear,Express Lane
TRF-107346,2025-11-03 02:00:00,106,car,66.2,50.0,clear,Express Lane
TRF-107347,2025-11-03 03:00:00,101,truck,46.2,825.0,clear,Lane 1
TRF-107348,2025-11-03 04:00:00,101,truck,57.5,178.0,foggy,Lane 2
TRF-107349,2025-11-03 05:00:00,108,truck,16.1,654.0,clear,Lane 3
TRF-107350,2025-11-03 06:00:00,108,bike,58.6,115.0,foggy,Lane 3
TRF-107351,2025-11-03 07:00:00,103,bike,75.0,560.0,clear,Express Lane
TRF-107352,2025-11-03 08:00:00,106,bus,50.1,92.0,clear,Lane 1
TRF-107353,2025-11-03 09:00:00,104,truck,57.4,721.0,clear,Lane 3
TRF-107354,2025-11-03 10:00:00,101,motorcycle,43.7,579.0,snowy,Lane 2
TRF-107355,2025-11-03 11:00:00,103,motorcycle,54.8,843.0,clear,Lane 2
TRF-107356,2025-11-03 12:00:00,108,bike,76.8,437.0,cloudy,Lane 2
TRF-107357,2025-11-03 13:00:00,102,bus,88.4,550.0,clear,Express Lane
TRF-107358,2025-11-03 14:00:00,106,bus,53.7,562.0,clear,Express Lane
TRF-107359,2025-11-03 15:00:00,103,car,29.6,53.0,rainy,Lane 3
TRF-107360,2025-11-03 16:00:00,103,truck,59.2,124.0,clear,Lane 3
TRF-107361,2025-11-03 17:00:00,107,van,25.7,325.0,snowy,Lane 2
TRF-107362,2025-11-03 18:00:00,103,truck,36.8,999.0,cloudy,Lane 3
TRF-107363,2025-11-03 19:00:00,107,bike,38.8,562.0,clear,Lane 3
TRF-107364,2025-11-03 20:00:00,101,truck,84.7,1061.0,clear,Lane 3
TRF-107365,2025-11-03 21:00:00,101,car,73.7,917.0,clear,Lane 3
TRF-107366,2025-11-03 22:00:00,108,car,70.0,907.0,cloudy,Lane 3
TRF-107367,2025-11-03 23:00:00,102,bike,62.8,414.0,clear,Lane 1
TRF-107368,2025-11-04 00:00:00,105,bus,31.6,577.0,rainy,Express Lane
TRF-107369,2025-11-04 01:00:00,105,bus,52.3,402.0,foggy,Express Lane
TRF-107370,2025-11-04 02:00:00,105,bike,81.1,586.0,snowy,Lane 3
TRF-107371,2025-11-04 03:00:00,108,car,56.1,685.0,rainy,Lane 1
TRF-107372,2025-11-04 04:00:00,107,bus,66.5,552.0,clear,Lane 1
TRF-107373,2025-11-04 05:00:00,108,truck,19.0,864.0,clear,Lane 2
TRF-107374,2025-11-04 06:00:00,106,bike,61.0,540.0,foggy,Lane 3
TRF-107375,2025-11-04 07:00:00,106,bus,29.0,887.0,clear,Lane 3
TRF-107376,2025-11-04 08:00:00,102,bike,44.0,992.0,cloudy,Lane 1
TRF-107377,2025-11-04 09:00:00,106,truck,73.6,241.0,clear,Lane 1
TRF-107378,2025-11-04 10:00:00,105,truck,54.2,956.0,cloudy,Lane 2
TRF-107379,2025-11-04 11:00:00,105,bike,62.7,654.0,rainy,Express Lane
TRF-107380,2025-11-04 12:00:00,108,bike,44.7,374.0,cloudy,Lane 1
TRF-107381,2025-11-04 13:00:00,103,van,13.3,1064.0,rainy,Lane 1
TRF-107382,2025-11-04 14:00:00,106,van,31.2,365.0,cloudy,Lane 3
TRF-107383,2025-11-04 15:00:00,108,car,60.2,83.0,cloudy,Lane 3
TRF-107384,2025-11-04 16:00:00,101,bike,54.0,634.0,foggy,Lane 1
TRF-107385,2025-11-04 17:00:00,101,van,77.9,560.0,clear,Express Lane
TRF-107386,2025-11-04 18:00:00,103,car,50.3,730.0,foggy,Lane 2
TRF-107387,2025-11-04 19:00:00,103,bike,31.9,417.0,clear,Lane 2
TRF-107388,2025-11-04 20:00:00,103,truck,47.5,1061.0,clear,Express Lane
TRF-107389,2025-11-04 21:00:00,108,van,66.0,66.0,snowy,Lane 3
TRF-107390,2025-11-04 22:00:00,101,car,16.4,212.0,clear,Express Lane
TRF-107391,2025-11-04 23:00:00,105,bike,54.2,321.0,snowy,Lane 2
TRF-107392,2025-11-05 00:00:00,103,car,25.3,99.0,clear,Lane 1
TRF-107393,2025-11-05 01:00:00,102,truck,50.9,266.0,rainy,Lane 3
TRF-107394,2025-11-05 02:00:00,107,truck,61.1,493.0,snowy,Lane 3
TRF-107395,2025-11-05 03:00:00,108,bus,57.9,220.0,rainy,Express Lane
TRF-107396,2025-11-05 04:00:00,103,bike,72.1,959.0,foggy,Lane 1
TRF-107397,2025-11-05 05:00:00,107,bus,52.5,430.0,foggy,Express Lane
TRF-107398,2025-11-05 06:00:00,104,bus,57.2,346.0,clear,Express Lane
TRF-107399,2025-11-05 07:00:00,103,truck,57.9,747.0,clear,Lane 3
TRF-107400,2025-11-05 08:00:00,101,car,30.5,251.0,snowy,Lane 3
TRF-107401,2025-11-05 09:00:00,106,bike,45.7,687.0,rainy,Express Lane
TRF-107402,2025-11-05 10:00:00,103,bus,5.0,321.0,foggy,Lane 2
TRF-107403,2025-11-05 11:00:00,108,bike,54.8,978.0,rainy,Lane 3
TRF-107404,2025-11-05 12:00:00,106,truck,5.0,252.0,foggy,Express Lane
TRF-107405,2025-11-05 13:00:00,104,bus,47.9,787.0,rainy,Lane 2
TRF-107406,2025-11-05 14:00:00,102,truck,77.8,788.0,clear,Express Lane
TRF-107407,2025-11-05 15:00:00,106,bus,57.0,67.0,clear,Lane 2
TRF-107408,2025-11-05 16:00:00,107,van,59.8,955.0,snowy,Express Lane
TRF-107409,2025-11-05 17:00:00,105,truck,69.7,429.0,rainy,Lane 3
TRF-107410,2025-11-05 18:00:00,103,truck,40.2,1059.0,rainy,Express Lane
TRF-107411,2025-11-05 19:00:00,104,bus,47.9,1027.0,cloudy,Lane 3
TRF-107412,2025-11-05 20:00:00,104,car,46.5,542.0,foggy,Express Lane
TRF-107413,2025-11-05 21:00:00,106,truck,34.3,811.0,clear,Lane 1
TRF-107414,2025-11-05 22:00:00,102,bike,49.4,112.0,clear,Express Lane
TRF-107415,2025-11-05 23:00:00,101,truck,52.6,364.0,clear,Express Lane
TRF-107416,2025-11-06 00:00:00,103,car,39.4,688.0,rainy,Lane 3
TRF-107417,2025-11-06 01:00:00,104,motorcycle,35.2,131.0,rainy,Lane 3
TRF-107418,2025-11-06 02:00:00,102,bike,9.2,854.0,foggy,Express Lane
TRF-107419,2025-11-06 03:00:00,105,truck,45.0,1084.0,cloudy,Lane 3
TRF-107420,2025-11-06 04:00:00,104,motorcycle,40.1,1026.0,rainy,Lane 3
TRF-107421,2025-11-06 05:00:00,102,truck,41.4,183.0,clear,Lane 1
TRF-107422,2025-11-06 06:00:00,108,bike,61.2,589.0,rainy,Lane 3
TRF-107423,2025-11-06 07:00:00,101,bike,83.4,972.0,cloudy,Lane 3
TRF-107424,2025-11-06 08:00:00,101,bike,41.6,723.0,clear,Express Lane
TRF-107425,2025-11-06 09:00:00,104,van,54.9,261.0,cloudy,Express Lane
TRF-107426,2025-11-06 10:00:00,107,truck,52.6,417.0,rainy,Lane 3
TRF-107427,2025-11-06 11:00:00,104,bike,68.4,661.0,foggy,Express Lane
TRF-107428,2025-11-06 12:00:00,106,truck,31.6,893.0,clear,Lane 2
TRF-107429,2025-11-06 13:00:00,103,car,31.1,838.0,rainy,Lane 1
TRF-107430,2025-11-06 14:00:00,102,car,33.2,1079.0,rainy,Express Lane
TRF-107431,2025-11-06 15:00:00,104,van,7.2,1072.0,clear,Lane 2
TRF-107432,2025-11-06 16:00:00,103,truck,47.2,884.0,rainy,Lane 3
TRF-107433,2025-11-06 17:00:00,106,motorcycle,29.1,566.0,clear,Lane 3
TRF-107434,2025-11-06 18:00:00,108,motorcycle,52.5,588.0,clear,Express Lane
TRF-107435,2025-11-06 19:00:00,108,bike,5.0,740.0,rainy,Express Lane
TRF-107436,2025-11-06 20:00:00,103,bike,47.0,268.0,clear,Lane 1
TRF-107437,2025-11-06 21:00:00,104,truck,43.4,318.0,foggy,Lane 2
TRF-107438,2025-11-06 22:00:00,101,car,38.2,397.0,rainy,Express Lane
TRF-107439,2025-11-06 23:00:00,102,car,66.0,441.0,foggy,Lane 2
TRF-107440,2025-11-07 00:00:00,102,car,33.5,1075.0,clear,Lane 3
TRF-107441,2025-11-07 01:00:00,108,truck,53.5,383.0,clear,Lane 2
TRF-107442,2025-11-07 02:00:00,108,car,36.6,449.0,snowy,Lane 2
TRF-107443,2025-11-07 03:00:00,101,truck,77.9,811.0,clear,Express Lane
TRF-107444,2025-11-07 04:00:00,107,bike,45.5,358.0,clear,Lane 3
TRF-107445,2025-11-07 05:00:00,104,motorcycle,60.2,902.0,foggy,Lane 3
TRF-107446,2025-11-07 06:00:00,108,car,59.0,811.0,clear,Lane 2
TRF-107447,2025-11-07 07:00:00,108,bike,68.6,767.0,clear,Lane 3
TRF-107448,2025-11-07 08:00:00,108,car,50.6,778.0,clear,Lane 1
TRF-107449,2025-11-07 09:00:00,102,car,24.3,777.0,clear,Lane 3
TRF-107450,2025-11-07 10:00:00,104,bus,56.0,177.0,clear,Lane 2
TRF-107451,2025-11-07 11:00:00,106,motorcycle,53.0,650.0,foggy,Lane 2
TRF-107452,2025-11-07 12:00:00,104,truck,5.0,172.0,clear,Lane 3
TRF-107453,2025-11-07 13:00:00,103,car,17.9,1005.0,foggy,Lane 1
TRF-107454,2025-11-07 14:00:00,101,truck,60.7,100.0,clear,Lane 3
TRF-107455,2025-11-07 15:00:00,107,bus,73.6,340.0,rainy,Lane 1
TRF-107456,2025-11-07 16:00:00,108,truck,46.5,667.0,snowy,Express Lane
TRF-107457,2025-11-07 17:00:00,108,bike,62.6,560.0,foggy,Lane 1
TRF-107458,2025-11-07 18:00:00,104,truck,50.0,623.0,clear,Express Lane
TRF-107459,2025-11-07 19:00:00,107,car,48.7,70.0,clear,Lane 1
TRF-107460,2025-11-07 20:00:00,108,van,45.4,928.0,cloudy,Lane 1
TRF-107461,2025-11-07 21:00:00,107,car,47.9,800.0,clear,Lane 1
TRF-107462,2025-11-07 22:00:00,106,truck,55.0,385.0,foggy,Express Lane
TRF-107463,2025-11-07 23:00:00,105,truck,40.8,308.0,rainy,Lane 1
TRF-107464,2025-11-08 00:00:00,101,bike,70.4,684.0,clear,Lane 2
TRF-107465,2025-11-08 01:00:00,107,truck,30.0,998.0,foggy,Lane 1
TRF-107466,2025-11-08 02:00:00,102,bike,78.6,87.0,clear,Lane 1
TRF-107467,2025-11-08 03:00:00,103,bus,44.1,197.0,snowy,Lane 2
TRF-107468,2025-11-08 04:00:00,102,truck,47.1,402.0,snowy,Lane 1
TRF-107469,2025-11-08 05:00:00,108,truck,36.7,111.0,rainy,Lane 2
TRF-107470,2025-11-08 06:00:00,106,bus,55.4,163.0,foggy,Lane 1
TRF-107471,2025-11-08 07:00:00,106,car,41.2,393.0,cloudy,Express Lane
TRF-107472,2025-11-08 08:00:00,102,bike,39.4,1099.0,clear,Express Lane
TRF-107473,2025-11-08 09:00:00,101,bike,59.0,291.0,snowy,Lane 2
TRF-107474,2025-11-08 10:00:00,102,truck,68.9,498.0,clear,Express Lane
TRF-107475,2025-11-08 11:00:00,104,truck,29.2,121.0,clear,Lane 3
TRF-107476,2025-11-08 12:00:00,108,bus,62.9,48.0,clear,Express Lane
TRF-107477,2025-11-08 13:00:00,108,car,70.5,299.0,snowy,Express Lane
TRF-107478,2025-11-08 14:00:00,102,bus,16.2,606.0,snowy,Lane 2
TRF-107479,2025-11-08 15:00:00,103,truck,32.8,893.0,snowy,Lane 3
TRF-107480,2025-11-08 16:00:00,103,car,70.0,698.0,cloudy,Lane 2
TRF-107481,2025-11-08 17:00:00,108,bus,54.7,444.0,clear,Lane 3
TRF-107482,2025-11-08 18:00:00,105,bike,78.8,45.0,snowy,Lane 3
TRF-107483,2025-11-08 19:00:00,103,truck,44.8,649.0,clear,Lane 2
TRF-107484,2025-11-08 20:00:00,102,bus,38.5,532.0,rainy,Express Lane
TRF-107485,2025-11-08 21:00:00,103,bus,72.5,725.0,clear,Lane 1
TRF-107486,2025-11-08 22:00:00,108,bus,33.0,1031.0,foggy,Lane 3
TRF-107487,2025-11-08 23:00:00,101,bike,43.6,560.0,cloudy,Lane 2
TRF-107488,2025-11-09 00:00:00,107,bike,58.1,470.0,clear,Express Lane
TRF-107489,2025-11-09 01:00:00,103,car,59.9,610.0,clear,Lane 3
TRF-107490,2025-11-09 02:00:00,104,van,33.6,405.0,snowy,Lane 2
TRF-107491,2025-11-09 03:00:00,101,truck,52.7,375.0,cloudy,Lane 3
TRF-107492,2025-11-09 04:00:00,105,car,42.8,758.0,clear,Lane 2
TRF-107493,2025-11-09 05:00:00,104,car,17.7,419.0,clear,Lane 1
TRF-107494,2025-11-09 06:00:00,102,bus,39.7,209.0,clear,Lane 3
TRF-107495,2025-11-09 07:00:00,107,bike,18.6,666.0,foggy,Lane 1
TRF-107496,2025-11-09 08:00:00,102,car,36.1,405.0,foggy,Lane 2
TRF-107497,2025-11-09 09:00:00,107,car,26.4,212.0,clear,Lane 1
TRF-107498,2025-11-09 10:00:00,107,car,61.9,873.0,snowy,Lane 1
TRF-107499,2025-11-09 11:00:00,102,truck,53.4,358.0,foggy,Lane 2
TRF-107500,2025-11-09 12:00:00,104,bus,75.7,519.0,clear,Lane 2
TRF-107501,2025-11-09 13:00:00,104,truck,31.4,229.0,rainy,Lane 1
TRF-107502,2025-11-09 14:00:00,107,van,50.2,725.0,foggy,Lane 2
TRF-107503,2025-11-09 15:00:00,104,car,28.1,508.0,rainy,Express Lane
TRF-107504,2025-11-09 16:00:00,107,bus,36.6,838.0,rainy,Lane 2
TRF-107505,2025-11-09 17:00:00,108,truck,40.8,1021.0,foggy,Lane 2
TRF-107506,2025-11-09 18:00:00,107,truck,83.5,1046.0,clear,Lane 1
TRF-107507,2025-11-09 19:00:00,108,van,54.6,528.0,rainy,Express Lane
TRF-107508,2025-11-09 20:00:00,101,van,45.7,659.0,foggy,Lane 3
TRF-107509,2025-11-09 21:00:00,106,truck,67.4,212.0,clear,Lane 1
TRF-107510,2025-11-09 22:00:00,101,van,60.1,465.0,cloudy,Express Lane
TRF-107511,2025-11-09 23:00:00,102,truck,47.0,75.0,rainy,Lane 3
TRF-107512,2025-11-10 00:00:00,106,van,60.2,905.0,foggy,Lane 3
TRF-107513,2025-11-10 01:00:00,103,bike,42.5,273.0,clear,Express Lane
TRF-107514,2025-11-10 02:00:00,102,van,47.9,185.0,cloudy,Lane 3
TRF-107515,2025-11-10 03:00:00,105,bike,70.0,991.0,foggy,Lane 3
TRF-107516,2025-11-10 04:00:00,101,truck,40.7,278.0,rainy,Express Lane
TRF-107517,2025-11-10 05:00:00,104,bike,61.7,974.0,clear,Express Lane
TRF-107518,2025-11-10 06:00:00,101,truck,57.9,848.0,rainy,Express Lane
TRF-107519,2025-11-10 07:00:00,104,bike,53.1,675.0,clear,Lane 1
TRF-107520,2025-11-10 08:00:00,106,motorcycle,57.3,406.0,cloudy,Express Lane
TRF-107521,2025-11-10 09:00:00,105,car,33.4,182.0,clear,Lane 1
TRF-107522,2025-11-10 10:00:00,106,bus,40.2,801.0,snowy,Lane 1
TRF-107523,2025-11-10 11:00:00,105,bus,77.9,269.0,foggy,Express Lane
TRF-107524,2025-11-10 12:00:00,101,car,51.7,632.0,clear,Lane 3
TRF-107525,2025-11-10 13:00:00,104,car,35.4,269.0,clear,Lane 1
TRF-107526,2025-11-10 14:00:00,106,van,45.5,339.0,cloudy,Lane 1
TRF-107527,2025-11-10 15:00:00,105,car,38.4,288.0,clear,Lane 3
TRF-107528,2025-11-10 16:00:00,107,car,64.2,460.0,snowy,Lane 3
TRF-107529,2025-11-10 17:00:00,102,truck,37.9,529.0,snowy,Lane 2
TRF-107530,2025-11-10 18:00:00,102,motorcycle,47.9,105.0,rainy,Lane 2
TRF-107531,2025-11-10 19:00:00,106,car,36.1,326.0,snowy,Lane 1
TRF-107532,2025-11-10 20:00:00,104,bus,87.7,212.0,clear,Express Lane
TRF-107533,2025-11-10 21:00:00,107,car,59.3,556.0,foggy,Lane 1
TRF-107534,2025-11-10 22:00:00,106,car,58.6,1078.0,clear,Lane 1
TRF-107535,2025-11-10 23:00:00,101,bus,60.6,328.0,clear,Lane 1
TRF-107536,2025-11-11 00:00:00,105,truck,40.9,720.0,clear,Lane 3
TRF-107537,2025-11-11 01:00:00,108,truck,75.4,602.0,rainy,Lane 3
TRF-107538,2025-11-11 02:00:00,101,bike,46.8,705.0,cloudy,Express Lane
TRF-107539,2025-11-11 03:00:00,102,car,79.9,1020.0,clear,Lane 2
TRF-107540,2025-11-11 04:00:00,105,bus,42.2,533.0,foggy,Express Lane
TRF-107541,2025-11-11 05:00:00,106,motorcycle,60.9,267.0,clear,Lane 3
TRF-107542,2025-11-11 06:00:00,101,car,51.0,221.0,clear,Express Lane
TRF-107543,2025-11-11 07:00:00,103,bus,52.8,1081.0,snowy,Lane 3
TRF-107544,2025-11-11 08:00:00,108,motorcycle,17.9,458.0,foggy,Lane 1
TRF-107545,2025-11-11 09:00:00,104,car,30.3,113.0,clear,Lane 2
TRF-107546,2025-11-11 10:00:00,107,bus,75.2,527.0,foggy,Lane 3
TRF-107547,2025-11-11 11:00:00,107,car,24.8,266.0,rainy,Lane 3
TRF-107548,2025-11-11 12:00:00,104,van,64.1,178.0,clear,Lane 2
TRF-107549,2025-11-11 13:00:00,103,truck,94.8,880.0,clear,Lane 1
TRF-107550,2025-11-11 14:00:00,102,truck,58.0,641.0,rainy,Lane 1
TRF-107551,2025-11-11 15:00:00,105,car,86.3,873.0,cloudy,Express Lane
TRF-107552,2025-11-11 16:00:00,104,bus,60.5,1088.0,clear,Lane 1
TRF-107553,2025-11-11 17:00:00,103,bus,52.7,973.0,snowy,Lane 3
TRF-107554,2025-11-11 18:00:00,106,car,54.7,126.0,cloudy,Lane 3
TRF-107555,2025-11-11 19:00:00,108,car,44.8,436.0,rainy,Express Lane
TRF-107556,2025-11-11 20:00:00,107,car,44.3,989.0,foggy,Lane 2
TRF-107557,2025-11-11 21:00:00,108,bus,38.5,554.0,clear,Lane 3
TRF-107558,2025-11-11 22:00:00,103,truck,55.6,955.0,rainy,Lane 1
TRF-107559,2025-11-11 23:00:00,108,bus,87.6,518.0,clear,Lane 1
TRF-107560,2025-11-12 00:00:00,102,bike,73.6,433.0,clear,Lane 3
TRF-107561,2025-11-12 01:00:00,102,car,51.7,803.0,clear,Lane 3
TRF-107562,2025-11-12 02:00:00,101,car,59.1,432.0,rainy,Lane 1
TRF-107563,2025-11-12 03:00:00,104,bike,46.5,480.0,rainy,Express Lane
TRF-107564,2025-11-12 04:00:00,101,van,47.9,213.0,clear,Lane 3
TRF-107565,2025-11-12 05:00:00,108,truck,18.6,306.0,clear,Lane 3
TRF-107566,2025-11-12 06:00:00,107,bus,82.8,924.0,foggy,Lane 2
TRF-107567,2025-11-12 07:00:00,103,truck,38.2,90.0,rainy,Express Lane
TRF-107568,2025-11-12 08:00:00,105,bus,41.1,1019.0,clear,Lane 2
TRF-107569,2025-11-12 09:00:00,108,bike,26.0,175.0,foggy,Lane 3
TRF-107570,2025-11-12 10:00:00,105,bus,50.8,212.0,clear,Lane 1
TRF-107571,2025-11-12 11:00:00,102,bike,35.7,344.0,rainy,Lane 1
TRF-107572,2025-11-12 12:00:00,105,truck,68.9,688.0,clear,Lane 3
TRF-107573,2025-11-12 13:00:00,105,car,60.2,773.0,rainy,Lane 3
TRF-107574,2025-11-12 14:00:00,107,bus,35.5,1025.0,clear,Lane 2
TRF-107575,2025-11-12 15:00:00,105,bike,32.2,838.0,cloudy,Lane 1
TRF-107576,2025-11-12 16:00:00,108,van,36.4,681.0,snowy,Lane 1
TRF-107577,2025-11-12 17:00:00,103,truck,31.0,959.0,foggy,Lane 2
TRF-107578,2025-11-12 18:00:00,105,motorcycle,43.0,922.0,snowy,Express Lane
TRF-107579,2025-11-12 19:00:00,106,car,32.9,65.0,clear,Lane 1
TRF-107580,2025-11-12 20:00:00,105,bus,69.0,818.0,rainy,Lane 2
TRF-107581,2025-11-12 21:00:00,105,truck,39.0,1094.0,clear,Express Lane
TRF-107582,2025-11-12 22:00:00,101,bike,58.4,412.0,clear,Lane 1
TRF-107583,2025-11-12 23:00:00,103,car,58.5,198.0,snowy,Lane 3
TRF-107584,2025-11-13 00:00:00,108,motorcycle,14.6,200.0,clear,Lane 2
TRF-107585,2025-11-13 01:00:00,102,truck,60.8,768.0,foggy,Express Lane
TRF-107586,2025-11-13 02:00:00,101,bus,17.3,627.0,cloudy,Lane 2
TRF-107587,2025-11-13 03:00:00,108,truck,33.0,276.0,clear,Express Lane
TRF-107588,2025-11-13 04:00:00,104,van,60.0,177.0,rainy,Express Lane
TRF-107589,2025-11-13 05:00:00,103,bus,50.2,470.0,foggy,Lane 1
TRF-107590,2025-11-13 06:00:00,106,motorcycle,41.9,391.0,snowy,Express Lane
TRF-107591,2025-11-13 07:00:00,103,car,15.9,251.0,foggy,Lane 2
TRF-107592,2025-11-13 08:00:00,104,bus,65.4,687.0,clear,Lane 2
TRF-107593,2025-11-13 09:00:00,104,car,55.8,137.0,rainy,Lane 1
TRF-107594,2025-11-13 10:00:00,104,van,32.6,605.0,foggy,Lane 3
TRF-107595,2025-11-13 11:00:00,107,truck,30.7,329.0,rainy,Express Lane
TRF-107596,2025-11-13 12:00:00,102,truck,66.5,253.0,snowy,Express Lane
TRF-107597,2025-11-13 13:00:00,105,motorcycle,53.4,606.0,clear,Lane 1
TRF-107598,2025-11-13 14:00:00,103,bike,23.5,921.0,snowy,Lane 1
TRF-107599,2025-11-13 15:00:00,108,motorcycle,34.9,723.0,clear,Lane 1
TRF-107600,2025-11-13 16:00:00,107,car,83.2,1038.0,snowy,Express Lane
TRF-107601,2025-11-13 17:00:00,108,truck,66.0,452.0,clear,Lane 2
TRF-107602,2025-11-13 18:00:00,105,bike,48.0,105.0,clear,Lane 3
TRF-107603,2025-11-13 19:00:00,105,bike,48.4,279.0,clear,Lane 2
TRF-107604,2025-11-13 20:00:00,106,motorcycle,8.8,270.0,cloudy,Lane 1
TRF-107605,2025-11-13 21:00:00,104,truck,71.5,846.0,clear,Express Lane
TRF-107606,2025-11-13 22:00:00,102,bus,39.9,44.0,snowy,Lane 2
TRF-107607,2025-11-13 23:00:00,106,car,33.4,370.0,rainy,Lane 3
TRF-107608,2025-11-14 00:00:00,101,truck,61.5,694.0,snowy,Lane 1
TRF-107609,2025-11-14 01:00:00,107,truck,36.7,525.0,foggy,Lane 3
TRF-107610,2025-11-14 02:00:00,107,truck,15.2,579.0,clear,Express Lane
TRF-107611,2025-11-14 03:00:00,102,bike,55.4,66.0,foggy,Lane 1
TRF-107612,2025-11-14 04:00:00,105,truck,20.7,798.0,clear,Lane 1
TRF-107613,2025-11-14 05:00:00,108,van,46.9,465.0,rainy,Lane 1
TRF-107614,2025-11-14 06:00:00,107,truck,53.7,322.0,foggy,Lane 3
TRF-107615,2025-11-14 07:00:00,102,bus,43.0,330.0,rainy,Express Lane
TRF-107616,2025-11-14 08:00:00,107,car,43.1,982.0,foggy,Lane 1
TRF-107617,2025-11-14 09:00:00,107,bike,75.9,1008.0,rainy,Lane 2
TRF-107618,2025-11-14 10:00:00,104,truck,76.2,560.0,foggy,Lane 1
TRF-107619,2025-11-14 11:00:00,101,car,31.5,379.0,foggy,Lane 1
TRF-107620,2025-11-14 12:00:00,104,bike,37.3,878.0,clear,Lane 1
TRF-107621,2025-11-14 13:00:00,101,truck,38.3,560.0,foggy,Lane 2
TRF-107622,2025-11-14 14:00:00,107,car,47.4,1003.0,clear,Lane 2
TRF-107623,2025-11-14 15:00:00,106,van,46.5,1030.0,rainy,Express Lane
TRF-107624,2025-11-14 16:00:00,108,car,78.9,599.0,foggy,Lane 3
TRF-107625,2025-11-14 17:00:00,105,van,44.7,1046.0,rainy,Lane 1
TRF-107626,2025-11-14 18:00:00,107,motorcycle,29.5,58.0,rainy,Lane 3
TRF-107627,2025-11-14 19:00:00,101,van,37.4,670.0,clear,Lane 3
TRF-107628,2025-11-14 20:00:00,101,car,54.7,144.0,snowy,Lane 1
TRF-107629,2025-11-14 21:00:00,101,car,43.4,1087.0,rainy,Lane 1
TRF-107630,2025-11-14 22:00:00,107,motorcycle,53.6,666.0,cloudy,Lane 2
TRF-107631,2025-11-14 23:00:00,102,bike,43.6,304.0,clear,Express Lane
TRF-107632,2025-11-15 00:00:00,106,car,61.0,373.0,clear,Lane 2
TRF-107633,2025-11-15 01:00:00,102,van,46.4,709.0,cloudy,Lane 3
TRF-107634,2025-11-15 02:00:00,105,truck,26.1,110.0,clear,Lane 1
TRF-107635,2025-11-15 03:00:00,107,car,41.8,636.0,cloudy,Lane 3
TRF-107636,2025-11-15 04:00:00,101,van,87.8,750.0,rainy,Lane 2
TRF-107637,2025-11-15 05:00:00,106,truck,70.3,101.0,clear,Lane 3
TRF-107638,2025-11-15 06:00:00,106,car,27.1,1091.0,cloudy,Lane 1
TRF-107639,2025-11-15 07:00:00,103,bike,80.0,503.0,rainy,Express Lane
TRF-107640,2025-11-15 08:00:00,105,car,50.5,1050.0,snowy,Lane 3
TRF-107641,2025-11-15 09:00:00,108,truck,39.2,200.0,foggy,Express Lane
TRF-107642,2025-11-15 10:00:00,108,car,42.9,69.0,cloudy,Lane 3
TRF-107643,2025-11-15 11:00:00,106,car,49.0,453.0,foggy,Lane 1
TRF-107644,2025-11-15 12:00:00,107,van,67.5,917.0,clear,Lane 1
TRF-107645,2025-11-15 13:00:00,101,truck,51.4,827.0,foggy,Express Lane
TRF-107646,2025-11-15 14:00:00,101,truck,54.0,479.0,snowy,Lane 1
TRF-107647,2025-11-15 15:00:00,106,car,69.8,674.0,clear,Express Lane
TRF-107648,2025-11-15 16:00:00,102,truck,40.8,461.0,clear,Lane 2
TRF-107649,2025-11-15 17:00:00,105,bus,53.4,351.0,cloudy,Express Lane
TRF-107650,2025-11-15 18:00:00,101,motorcycle,55.9,1098.0,clear,Lane 3
TRF-107651,2025-11-15 19:00:00,106,bike,50.4,1049.0,clear,Express Lane
TRF-107652,2025-11-15 20:00:00,101,truck,57.0,353.0,foggy,Express Lane
TRF-107653,2025-11-15 21:00:00,108,truck,35.6,441.0,clear,Lane 3
TRF-107654,2025-11-15 22:00:00,106,truck,65.6,649.0,cloudy,Lane 1
TRF-107655,2025-11-15 23:00:00,105,truck,38.0,76.0,foggy,Lane 1
TRF-107656,2025-11-16 00:00:00,106,bike,56.2,674.0,clear,Lane 2
TRF-107657,2025-11-16 01:00:00,103,car,51.8,662.0,rainy,Lane 1
TRF-107658,2025-11-16 02:00:00,106,bus,35.6,870.0,clear,Lane 2
TRF-107659,2025-11-16 03:00:00,106,truck,77.2,332.0,cloudy,Lane 2
TRF-107660,2025-11-16 04:00:00,107,truck,78.9,801.0,clear,Lane 2
TRF-107661,2025-11-16 05:00:00,108,motorcycle,31.4,1013.0,clear,Lane 1
TRF-107662,2025-11-16 06:00:00,105,truck,62.4,888.0,cloudy,Lane 3
TRF-107663,2025-11-16 07:00:00,107,bus,45.8,606.0,rainy,Lane 1
TRF-107664,2025-11-16 08:00:00,106,truck,35.9,893.0,foggy,Lane 3
TRF-107665,2025-11-16 09:00:00,105,truck,54.6,365.0,clear,Lane 1
TRF-107666,2025-11-16 10:00:00,103,bus,63.0,689.0,foggy,Lane 2
TRF-107667,2025-11-16 11:00:00,105,van,50.9,641.0,clear,Lane 3
TRF-107668,2025-11-16 12:00:00,101,car,41.5,933.0,clear,Lane 1
TRF-107669,2025-11-16 13:00:00,107,car,71.9,111.0,rainy,Lane 1
TRF-107670,2025-11-16 14:00:00,105,bus,72.6,1066.0,foggy,Express Lane
TRF-107671,2025-11-16 15:00:00,108,car,35.7,998.0,foggy,Lane 3
TRF-107672,2025-11-16 16:00:00,103,bus,47.9,507.0,foggy,Lane 2
TRF-107673,2025-11-16 17:00:00,104,car,19.6,328.0,rainy,Lane 2
TRF-107674,2025-11-16 18:00:00,106,van,63.0,121.0,foggy,Lane 3
TRF-107675,2025-11-16 19:00:00,105,truck,71.9,779.0,cloudy,Lane 1
TRF-107676,2025-11-16 20:00:00,106,truck,55.0,725.0,clear,Lane 2
TRF-107677,2025-11-16 21:00:00,102,bus,29.4,751.0,foggy,Lane 1
TRF-107678,2025-11-16 22:00:00,101,car,77.1,333.0,foggy,Express Lane
TRF-107679,2025-11-16 23:00:00,107,car,84.5,897.0,foggy,Lane 2
TRF-107680,2025-11-17 00:00:00,101,bike,40.2,816.0,clear,Lane 1
TRF-107681,2025-11-17 01:00:00,102,bike,56.0,65.0,rainy,Lane 2
TRF-107682,2025-11-17 02:00:00,102,van,62.7,451.0,rainy,Lane 1
TRF-107683,2025-11-17 03:00:00,107,bus,62.2,367.0,rainy,Express Lane
TRF-107684,2025-11-17 04:00:00,105,truck,48.9,611.0,rainy,Express Lane
TRF-107685,2025-11-17 05:00:00,102,car,80.4,657.0,clear,Express Lane
TRF-107686,2025-11-17 06:00:00,104,bike,19.8,492.0,rainy,Lane 1
TRF-107687,2025-11-17 07:00:00,106,bus,20.1,110.0,clear,Lane 2
TRF-107688,2025-11-17 08:00:00,106,bike,47.7,449.0,foggy,Lane 2
TRF-107689,2025-11-17 09:00:00,103,car,79.4,64.0,cloudy,Lane 1
TRF-107690,2025-11-17 10:00:00,108,bike,68.9,924.0,rainy,Express Lane
TRF-107691,2025-11-17 11:00:00,102,bus,21.1,824.0,foggy,Express Lane
TRF-107692,2025-11-17 12:00:00,102,van,99.2,530.0,clear,Lane 3
TRF-107693,2025-11-17 13:00:00,104,truck,58.0,213.0,rainy,Lane 1
TRF-107694,2025-11-17 14:00:00,101,truck,27.3,587.0,snowy,Express Lane
TRF-107695,2025-11-17 15:00:00,101,motorcycle,46.3,869.0,snowy,Lane 3
TRF-107696,2025-11-17 16:00:00,106,truck,65.4,311.0,rainy,Express Lane
TRF-107697,2025-11-17 17:00:00,106,truck,70.5,644.0,clear,Lane 2
TRF-107698,2025-11-17 18:00:00,105,car,46.8,231.0,clear,Lane 3
TRF-107699,2025-11-17 19:00:00,107,car,57.4,603.0,clear,Lane 1
TRF-107700,2025-11-17 20:00:00,108,truck,45.8,446.0,foggy,Lane 2
TRF-107701,2025-11-17 21:00:00,104,truck,46.8,346.0,rainy,Lane 2
TRF-107702,2025-11-17 22:00:00,107,car,61.0,945.0,rainy,Lane 3
TRF-107703,2025-11-17 23:00:00,107,motorcycle,73.9,1012.0,snowy,Lane 2
TRF-107704,2025-11-18 00:00:00,103,bus,27.5,826.0,snowy,Lane 3
TRF-107705,2025-11-18 01:00:00,107,bus,43.8,706.0,cloudy,Lane 1
TRF-107706,2025-11-18 02:00:00,103,van,37.2,272.0,rainy,Express Lane
TRF-107707,2025-11-18 03:00:00,107,truck,29.9,930.0,snowy,Lane 2
TRF-107708,2025-11-18 04:00:00,104,truck,28.9,156.0,rainy,Lane 1
TRF-107709,2025-11-18 05:00:00,103,truck,48.4,648.0,clear,Express Lane
TRF-107710,2025-11-18 06:00:00,101,bike,28.7,863.0,snowy,Lane 3
TRF-107711,2025-11-18 07:00:00,103,bike,28.1,1029.0,snowy,Lane 3
TRF-107712,2025-11-18 08:00:00,103,truck,44.8,785.0,foggy,Lane 1
TRF-107713,2025-11-18 09:00:00,104,car,30.4,805.0,rainy,Express Lane
TRF-107714,2025-11-18 10:00:00,104,truck,57.2,282.0,rainy,Lane 3
TRF-107715,2025-11-18 11:00:00,103,car,39.4,102.0,rainy,Express Lane
TRF-107716,2025-11-18 12:00:00,108,bike,26.5,408.0,cloudy,Lane 3
TRF-107717,2025-11-18 13:00:00,102,car,89.9,328.0,clear,Express Lane
TRF-107718,2025-11-18 14:00:00,108,bus,9.6,974.0,clear,Lane 1
TRF-107719,2025-11-18 15:00:00,104,truck,63.4,521.0,clear,Lane 1
TRF-107720,2025-11-18 16:00:00,108,truck,54.2,713.0,clear,Lane 2
TRF-107721,2025-11-18 17:00:00,108,motorcycle,39.3,333.0,rainy,Lane 2
TRF-107722,2025-11-18 18:00:00,105,motorcycle,31.7,1060.0,foggy,Lane 1
TRF-107723,2025-11-18 19:00:00,105,motorcycle,79.1,285.0,snowy,Lane 2
TRF-107724,2025-11-18 20:00:00,101,truck,86.2,263.0,snowy,Lane 3
TRF-107725,2025-11-18 21:00:00,107,truck,42.7,902.0,snowy,Lane 2
TRF-107726,2025-11-18 22:00:00,103,truck,40.1,522.0,clear,Lane 2
TRF-107727,2025-11-18 23:00:00,102,bus,68.3,258.0,rainy,Express Lane
TRF-107728,2025-11-19 00:00:00,101,car,43.6,374.0,clear,Lane 3
TRF-107729,2025-11-19 01:00:00,103,truck,58.5,106.0,foggy,Lane 1
TRF-107730,2025-11-19 02:00:00,108,truck,58.0,294.0,clear,Lane 3
TRF-107731,2025-11-19 03:00:00,104,van,48.7,773.0,snowy,Express Lane
TRF-107732,2025-11-19 04:00:00,105,bike,51.0,274.0,clear,Lane 2
TRF-107733,2025-11-19 05:00:00,106,car,54.7,458.0,snowy,Lane 3
TRF-107734,2025-11-19 06:00:00,102,motorcycle,28.4,474.0,rainy,Express Lane
TRF-107735,2025-11-19 07:00:00,108,car,35.8,892.0,clear,Lane 1
TRF-107736,2025-11-19 08:00:00,106,van,52.1,483.0,clear,Lane 2
TRF-107737,2025-11-19 09:00:00,105,truck,39.8,378.0,cloudy,Express Lane
TRF-107738,2025-11-19 10:00:00,108,bike,98.0,451.0,cloudy,Express Lane
TRF-107739,2025-11-19 11:00:00,107,car,50.4,744.0,clear,Express Lane
TRF-107740,2025-11-19 12:00:00,107,bike,16.7,519.0,snowy,Lane 1
TRF-107741,2025-11-19 13:00:00,106,car,5.0,715.0,clear,Lane 1
TRF-107742,2025-11-19 14:00:00,104,bus,62.8,611.0,clear,Express Lane
TRF-107743,2025-11-19 15:00:00,108,motorcycle,50.5,644.0,foggy,Lane 3
TRF-107744,2025-11-19 16:00:00,103,bus,47.9,192.0,clear,Lane 1
TRF-107745,2025-11-19 17:00:00,108,bike,36.4,809.0,foggy,Lane 3
TRF-107746,2025-11-19 18:00:00,104,van,45.8,333.0,cloudy,Lane 3
TRF-107747,2025-11-19 19:00:00,108,car,53.0,348.0,clear,Express Lane
TRF-107748,2025-11-19 20:00:00,106,car,45.2,714.0,clear,Express Lane
TRF-107749,2025-11-19 21:00:00,104,truck,43.7,1059.0,clear,Lane 2
TRF-107750,2025-11-19 22:00:00,105,bus,61.1,130.0,clear,Lane 1
TRF-107751,2025-11-19 23:00:00,102,car,33.0,445.0,clear,Lane 1
TRF-107752,2025-11-20 00:00:00,104,truck,57.6,993.0,rainy,Lane 1
TRF-107753,2025-11-20 01:00:00,108,bike,80.9,924.0,foggy,Express Lane
TRF-107754,2025-11-20 02:00:00,105,motorcycle,77.8,415.0,cloudy,Lane 1
TRF-107755,2025-11-20 03:00:00,102,car,15.5,1073.0,snowy,Express Lane
TRF-107756,2025-11-20 04:00:00,107,van,39.2,324.0,clear,Lane 1
TRF-107757,2025-11-20 05:00:00,103,truck,53.2,425.0,snowy,Lane 3
TRF-107758,2025-11-20 06:00:00,106,car,71.0,321.0,rainy,Express Lane
TRF-107759,2025-11-20 07:00:00,108,van,51.8,377.0,clear,Lane 2
TRF-107760,2025-11-20 08:00:00,108,bike,47.9,794.0,cloudy,Lane 2
TRF-107761,2025-11-20 09:00:00,107,bus,36.0,73.0,foggy,Lane 1
TRF-107762,2025-11-20 10:00:00,103,bus,53.9,104.0,rainy,Lane 3
TRF-107763,2025-11-20 11:00:00,107,bus,54.4,82.0,rainy,Lane 3
TRF-107764,2025-11-20 12:00:00,101,car,71.6,95.0,rainy,Lane 1
TRF-107765,2025-11-20 13:00:00,107,bus,64.4,67.0,clear,Lane 2
TRF-107766,2025-11-20 14:00:00,105,bike,60.4,795.0,clear,Lane 1
TRF-107767,2025-11-20 15:00:00,102,car,63.3,446.0,foggy,Lane 3
TRF-107768,2025-11-20 16:00:00,108,car,26.2,740.0,clear,Lane 1
TRF-107769,2025-11-20 17:00:00,107,car,44.9,777.0,rainy,Lane 1
TRF-107770,2025-11-20 18:00:00,108,bus,29.9,873.0,clear,Lane 1
TRF-107771,2025-11-20 19:00:00,104,motorcycle,36.2,145.0,foggy,Lane 3
TRF-107772,2025-11-20 20:00:00,103,truck,44.9,308.0,clear,Lane 2
TRF-107773,2025-11-20 21:00:00,107,car,7.4,483.0,cloudy,Express Lane
TRF-107774,2025-11-20 22:00:00,102,bus,45.5,637.0,foggy,Lane 1
TRF-107775,2025-11-20 23:00:00,105,truck,33.9,398.0,snowy,Express Lane
TRF-107776,2025-11-21 00:00:00,101,truck,29.0,399.0,rainy,Express Lane
TRF-107777,2025-11-21 01:00:00,108,bus,49.7,330.0,snowy,Lane 2
TRF-107778,2025-11-21 02:00:00,103,truck,41.0,746.0,foggy,Lane 2
TRF-107779,2025-11-21 03:00:00,106,van,54.1,1000.0,cloudy,Lane 3
TRF-107780,2025-11-21 04:00:00,102,motorcycle,36.3,224.0,rainy,Express Lane
TRF-107781,2025-11-21 05:00:00,106,bus,44.8,279.0,rainy,Express Lane
TRF-107782,2025-11-21 06:00:00,102,truck,92.3,287.0,rainy,Lane 1
TRF-107783,2025-11-21 07:00:00,102,motorcycle,59.2,1019.0,snowy,Lane 1
TRF-107784,2025-11-21 08:00:00,105,truck,32.8,88.0,clear,Lane 2
TRF-107785,2025-11-21 09:00:00,105,truck,70.3,971.0,clear,Lane 2
TRF-107786,2025-11-21 10:00:00,105,bus,75.9,816.0,foggy,Lane 2
TRF-107787,2025-11-21 11:00:00,107,truck,58.8,590.0,clear,Lane 3
TRF-107788,2025-11-21 12:00:00,104,bike,33.9,1005.0,foggy,Express Lane
TRF-107789,2025-11-21 13:00:00,102,car,66.6,560.0,clear,Lane 3
TRF-107790,2025-11-21 14:00:00,103,car,37.6,527.0,rainy,Express Lane
TRF-107791,2025-11-21 15:00:00,106,bus,72.3,668.0,clear,Lane 2
TRF-107792,2025-11-21 16:00:00,105,bike,43.7,1050.0,snowy,Lane 3
TRF-107793,2025-11-21 17:00:00,107,truck,43.0,184.0,clear,Lane 3
TRF-107794,2025-11-21 18:00:00,105,truck,57.4,1032.0,clear,Express Lane
TRF-107795,2025-11-21 19:00:00,106,car,73.4,827.0,clear,Express Lane
TRF-107796,2025-11-21 20:00:00,106,bike,90.6,107.0,foggy,Lane 3
TRF-107797,2025-11-21 21:00:00,108,truck,48.5,349.0,foggy,Lane 1
TRF-107798,2025-11-21 22:00:00,102,bus,40.6,1085.0,clear,Express Lane
TRF-107799,2025-11-21 23:00:00,105,truck,33.2,551.0,rainy,Express Lane
TRF-107800,2025-11-22 00:00:00,106,truck,21.3,643.0,snowy,Lane 3
TRF-107801,2025-11-22 01:00:00,104,truck,29.9,659.0,clear,Lane 2
TRF-107802,2025-11-22 02:00:00,104,car,52.2,698.0,clear,Lane 1
TRF-107803,2025-11-22 03:00:00,105,car,67.0,274.0,cloudy,Lane 2
TRF-107804,2025-11-22 04:00:00,107,van,31.7,620.0,clear,Lane 3
TRF-107805,2025-11-22 05:00:00,106,truck,47.9,701.0,clear,Lane 2
TRF-107806,2025-11-22 06:00:00,108,van,32.5,899.0,snowy,Lane 2
TRF-107807,2025-11-22 07:00:00,102,bike,34.7,670.0,clear,Lane 3
TRF-107808,2025-11-22 08:00:00,102,truck,28.7,43.0,clear,Express Lane
TRF-107809,2025-11-22 09:00:00,107,bike,72.0,928.0,foggy,Lane 2
TRF-107810,2025-11-22 10:00:00,108,car,76.9,315.0,snowy,Lane 3
TRF-107811,2025-11-22 11:00:00,102,car,34.9,700.0,snowy,Lane 3
TRF-107812,2025-11-22 12:00:00,108,bike,33.4,670.0,foggy,Lane 3
TRF-107813,2025-11-22 13:00:00,101,truck,59.2,715.0,foggy,Lane 2
TRF-107814,2025-11-22 14:00:00,105,truck,79.1,961.0,snowy,Express Lane
TRF-107815,2025-11-22 15:00:00,102,car,77.1,961.0,snowy,Lane 2
TRF-107816,2025-11-22 16:00:00,104,bike,41.1,1041.0,clear,Lane 2
TRF-107817,2025-11-22 17:00:00,106,car,44.7,72.0,clear,Lane 1
TRF-107818,2025-11-22 18:00:00,108,car,25.8,940.0,clear,Lane 2
TRF-107819,2025-11-22 19:00:00,108,car,40.9,841.0,cloudy,Lane 3
TRF-107820,2025-11-22 20:00:00,103,motorcycle,49.7,1049.0,clear,Lane 3
TRF-107821,2025-11-22 21:00:00,107,bus,23.7,650.0,clear,Lane 1
TRF-107822,2025-11-22 22:00:00,103,bus,47.9,596.0,snowy,Lane 1
TRF-107823,2025-11-22 23:00:00,102,car,52.0,136.0,clear,Lane 1
TRF-107824,2025-11-23 00:00:00,103,car,20.6,665.0,rainy,Lane 1
TRF-107825,2025-11-23 01:00:00,103,car,56.4,447.0,foggy,Lane 2
TRF-107826,2025-11-23 02:00:00,101,bike,47.9,78.0,clear,Lane 2
TRF-107827,2025-11-23 03:00:00,108,car,58.3,349.0,clear,Lane 3
TRF-107828,2025-11-23 04:00:00,104,motorcycle,39.1,282.0,foggy,Lane 2
TRF-107829,2025-11-23 05:00:00,107,car,69.1,506.0,snowy,Lane 1
TRF-107830,2025-11-23 06:00:00,104,truck,73.0,859.0,rainy,Express Lane
TRF-107831,2025-11-23 07:00:00,101,motorcycle,53.7,593.0,clear,Lane 1
TRF-107832,2025-11-23 08:00:00,101,car,50.7,770.0,foggy,Lane 1
TRF-107833,2025-11-23 09:00:00,103,truck,36.8,216.0,foggy,Express Lane
TRF-107834,2025-11-23 10:00:00,105,van,40.7,729.0,clear,Express Lane
TRF-107835,2025-11-23 11:00:00,108,bike,67.3,732.0,rainy,Lane 1
TRF-107836,2025-11-23 12:00:00,106,bus,81.3,141.0,foggy,Lane 2
TRF-107837,2025-11-23 13:00:00,108,bike,40.5,322.0,snowy,Lane 3
TRF-107838,2025-11-23 14:00:00,106,bus,44.9,985.0,cloudy,Express Lane
TRF-107839,2025-11-23 15:00:00,103,van,36.3,903.0,foggy,Lane 3
TRF-107840,2025-11-23 16:00:00,106,bike,40.2,390.0,clear,Lane 2
TRF-107841,2025-11-23 17:00:00,101,car,25.4,531.0,clear,Lane 1
TRF-107842,2025-11-23 18:00:00,104,truck,47.9,1013.0,foggy,Lane 2
TRF-107843,2025-11-23 19:00:00,106,bus,25.2,678.0,clear,Lane 2
TRF-107844,2025-11-23 20:00:00,108,truck,38.1,560.0,clear,Lane 3
TRF-107845,2025-11-23 21:00:00,107,van,46.9,1009.0,foggy,Lane 2
TRF-107846,2025-11-23 22:00:00,103,bus,24.3,325.0,snowy,Express Lane
TRF-107847,2025-11-23 23:00:00,105,bus,34.1,308.0,foggy,Lane 1
TRF-107848,2025-11-24 00:00:00,103,bus,27.7,281.0,clear,Express Lane
TRF-107849,2025-11-24 01:00:00,102,bike,67.8,1061.0,foggy,Lane 2
TRF-107850,2025-11-24 02:00:00,103,bus,73.6,615.0,foggy,Lane 3
TRF-107851,2025-11-24 03:00:00,101,truck,33.8,634.0,clear,Lane 3
TRF-107852,2025-11-24 04:00:00,104,van,97.7,405.0,foggy,Express Lane
TRF-107853,2025-11-24 05:00:00,104,truck,31.2,637.0,clear,Express Lane
TRF-107854,2025-11-24 06:00:00,107,bus,40.4,469.0,clear,Lane 3
TRF-107855,2025-11-24 07:00:00,106,bus,56.9,171.0,foggy,Express Lane
TRF-107856,2025-11-24 08:00:00,101,bus,58.6,621.0,clear,Lane 2
TRF-107857,2025-11-24 09:00:00,102,truck,42.3,49.0,cloudy,Lane 1
TRF-107858,2025-11-24 10:00:00,101,bike,67.7,41.0,clear,Lane 1
TRF-107859,2025-11-24 11:00:00,103,truck,69.6,665.0,rainy,Lane 1
TRF-107860,2025-11-24 12:00:00,101,motorcycle,47.9,151.0,foggy,Lane 3
TRF-107861,2025-11-24 13:00:00,101,truck,45.3,454.0,rainy,Lane 3
TRF-107862,2025-11-24 14:00:00,107,truck,37.0,258.0,clear,Lane 3
TRF-107863,2025-11-24 15:00:00,102,bus,29.3,626.0,clear,Lane 1
TRF-107864,2025-11-24 16:00:00,103,bike,33.6,962.0,foggy,Express Lane
TRF-107865,2025-11-24 17:00:00,105,bus,57.8,907.0,foggy,Lane 3
TRF-107866,2025-11-24 18:00:00,107,bus,48.0,815.0,clear,Lane 3
TRF-107867,2025-11-24 19:00:00,105,bike,43.6,58.0,cloudy,Lane 2
TRF-107868,2025-11-24 20:00:00,107,truck,37.7,164.0,clear,Lane 3
TRF-107869,2025-11-24 21:00:00,104,truck,38.1,130.0,snowy,Lane 3
TRF-107870,2025-11-24 22:00:00,108,truck,47.2,405.0,cloudy,Lane 1
TRF-107871,2025-11-24 23:00:00,107,car,45.8,675.0,clear,Lane 1
TRF-107872,2025-11-25 00:00:00,106,car,48.0,722.0,clear,Lane 2
TRF-107873,2025-11-25 01:00:00,101,bus,40.0,229.0,foggy,Lane 1
TRF-107874,2025-11-25 02:00:00,104,motorcycle,35.9,750.0,foggy,Express Lane
TRF-107875,2025-11-25 03:00:00,102,car,48.2,500.0,snowy,Express Lane
TRF-107876,2025-11-25 04:00:00,105,bike,59.7,1075.0,clear,Lane 1
TRF-107877,2025-11-25 05:00:00,108,bus,38.8,79.0,rainy,Lane 3
TRF-107878,2025-11-25 06:00:00,108,bus,5.0,755.0,foggy,Lane 2
TRF-107879,2025-11-25 07:00:00,107,car,23.4,95.0,rainy,Lane 3
TRF-107880,2025-11-25 08:00:00,101,car,67.3,331.0,snowy,Lane 3
TRF-107881,2025-11-25 09:00:00,102,car,65.9,413.0,clear,Lane 2
TRF-107882,2025-11-25 10:00:00,106,bus,59.6,567.0,rainy,Lane 1
TRF-107883,2025-11-25 11:00:00,102,car,57.2,732.0,rainy,Lane 2
TRF-107884,2025-11-25 12:00:00,101,truck,66.3,78.0,rainy,Express Lane
TRF-107885,2025-11-25 13:00:00,106,car,41.8,348.0,cloudy,Lane 3
TRF-107886,2025-11-25 14:00:00,102,bus,50.5,50.0,clear,Express Lane
TRF-107887,2025-11-25 15:00:00,106,bike,34.1,620.0,snowy,Lane 2
TRF-107888,2025-11-25 16:00:00,107,bike,44.8,621.0,clear,Lane 1
TRF-107889,2025-11-25 17:00:00,107,bus,82.1,38.0,snowy,Lane 2
TRF-107890,2025-11-25 18:00:00,101,motorcycle,33.1,178.0,foggy,Express Lane
TRF-107891,2025-11-25 19:00:00,101,bus,27.0,528.0,foggy,Express Lane
TRF-107892,2025-11-25 20:00:00,106,truck,44.5,326.0,cloudy,Lane 3
TRF-107893,2025-11-25 21:00:00,103,bike,40.8,547.0,foggy,Lane 3
TRF-107894,2025-11-25 22:00:00,104,car,52.8,798.0,rainy,Lane 3
TRF-107895,2025-11-25 23:00:00,108,truck,62.3,733.0,snowy,Lane 3
TRF-107896,2025-11-26 00:00:00,102,car,41.3,930.0,clear,Lane 1
TRF-107897,2025-11-26 01:00:00,102,motorcycle,85.9,1052.0,clear,Lane 2
TRF-107898,2025-11-26 02:00:00,103,van,70.2,311.0,rainy,Lane 2
TRF-107899,2025-11-26 03:00:00,103,car,34.3,798.0,foggy,Lane 2
TRF-107900,2025-11-26 04:00:00,103,bus,46.6,286.0,clear,Lane 1
TRF-107901,2025-11-26 05:00:00,105,motorcycle,57.5,243.0,foggy,Lane 2
TRF-107902,2025-11-26 06:00:00,105,car,33.1,582.0,foggy,Lane 2
TRF-107903,2025-11-26 07:00:00,106,motorcycle,10.8,162.0,clear,Lane 1
TRF-107904,2025-11-26 08:00:00,105,truck,82.7,946.0,foggy,Lane 3
TRF-107905,2025-11-26 09:00:00,107,bike,28.1,115.0,clear,Lane 3
TRF-107906,2025-11-26 10:00:00,107,motorcycle,63.3,931.0,snowy,Lane 1
TRF-107907,2025-11-26 11:00:00,101,car,60.6,906.0,foggy,Lane 1
TRF-107908,2025-11-26 12:00:00,108,bus,33.3,789.0,foggy,Lane 3
TRF-107909,2025-11-26 13:00:00,106,truck,83.3,901.0,foggy,Lane 1
TRF-107910,2025-11-26 14:00:00,108,car,49.2,986.0,clear,Lane 2
TRF-107911,2025-11-26 15:00:00,102,bike,50.5,278.0,clear,Express Lane
TRF-107912,2025-11-26 16:00:00,104,car,20.3,593.0,clear,Express Lane
TRF-107913,2025-11-26 17:00:00,101,bike,10.0,318.0,rainy,Lane 2
TRF-107914,2025-11-26 18:00:00,102,car,43.6,438.0,snowy,Lane 1
TRF-107915,2025-11-26 19:00:00,102,motorcycle,71.4,762.0,snowy,Lane 3
TRF-107916,2025-11-26 20:00:00,106,bus,14.5,338.0,rainy,Express Lane
TRF-107917,2025-11-26 21:00:00,103,car,50.6,90.0,snowy,Express Lane
TRF-107918,2025-11-26 22:00:00,103,bus,49.5,810.0,rainy,Lane 2
TRF-107919,2025-11-26 23:00:00,108,car,70.3,556.0,clear,Lane 3
TRF-107920,2025-11-27 00:00:00,101,car,66.3,229.0,foggy,Express Lane
TRF-107921,2025-11-27 01:00:00,103,car,50.5,844.0,clear,Lane 2
TRF-107922,2025-11-27 02:00:00,102,bus,46.3,785.0,clear,Lane 3
TRF-107923,2025-11-27 03:00:00,103,bus,35.0,1074.0,snowy,Lane 1
TRF-107924,2025-11-27 04:00:00,105,truck,27.4,1089.0,cloudy,Lane 2
TRF-107925,2025-11-27 05:00:00,103,bus,36.7,227.0,foggy,Express Lane
TRF-107926,2025-11-27 06:00:00,102,bike,28.1,73.0,foggy,Lane 2
TRF-107927,2025-11-27 07:00:00,108,truck,46.1,670.0,rainy,Lane 2
TRF-107928,2025-11-27 08:00:00,106,car,47.4,583.0,clear,Express Lane
TRF-107929,2025-11-27 09:00:00,101,truck,43.1,984.0,foggy,Lane 1
TRF-107930,2025-11-27 10:00:00,104,truck,50.0,900.0,snowy,Express Lane
TRF-107931,2025-11-27 11:00:00,103,car,39.7,539.0,clear,Express Lane
TRF-107932,2025-11-27 12:00:00,107,bike,63.1,445.0,cloudy,Lane 1
TRF-107933,2025-11-27 13:00:00,107,car,52.1,438.0,clear,Express Lane
TRF-107934,2025-11-27 14:00:00,108,car,39.3,325.0,clear,Lane 3
TRF-107935,2025-11-27 15:00:00,102,van,27.0,983.0,rainy,Lane 3
TRF-107936,2025-11-27 16:00:00,104,bus,46.5,656.0,clear,Express Lane
TRF-107937,2025-11-27 17:00:00,104,truck,68.5,232.0,clear,Lane 3
TRF-107938,2025-11-27 18:00:00,105,motorcycle,58.6,605.0,snowy,Lane 2
TRF-107939,2025-11-27 19:00:00,104,bus,61.6,944.0,clear,Lane 3
TRF-107940,2025-11-27 20:00:00,107,bike,61.0,1014.0,rainy,Lane 3
TRF-107941,2025-11-27 21:00:00,106,bus,69.9,825.0,clear,Lane 2
TRF-107942,2025-11-27 22:00:00,102,bike,63.5,877.0,rainy,Lane 3
TRF-107943,2025-11-27 23:00:00,102,bike,50.7,975.0,rainy,Express Lane
TRF-107944,2025-11-28 00:00:00,103,truck,40.7,768.0,foggy,Lane 2
TRF-107945,2025-11-28 01:00:00,103,truck,63.8,391.0,cloudy,Lane 2
TRF-107946,2025-11-28 02:00:00,103,motorcycle,5.0,505.0,clear,Express Lane
TRF-107947,2025-11-28 03:00:00,107,van,70.8,333.0,clear,Express Lane
TRF-107948,2025-11-28 04:00:00,107,truck,60.4,214.0,clear,Express Lane
TRF-107949,2025-11-28 05:00:00,108,van,77.5,294.0,foggy,Lane 3
TRF-107950,2025-11-28 06:00:00,107,bike,27.8,431.0,clear,Lane 3
TRF-107951,2025-11-28 07:00:00,107,bike,68.9,202.0,foggy,Lane 3
TRF-107952,2025-11-28 08:00:00,107,truck,59.9,907.0,rainy,Express Lane
TRF-107953,2025-11-28 09:00:00,107,car,37.1,936.0,snowy,Lane 1
TRF-107954,2025-11-28 10:00:00,106,bike,45.5,375.0,clear,Lane 3
TRF-107955,2025-11-28 11:00:00,107,truck,44.3,837.0,cloudy,Lane 1
TRF-107956,2025-11-28 12:00:00,108,van,41.4,237.0,foggy,Lane 2
TRF-107957,2025-11-28 13:00:00,104,car,23.7,1086.0,rainy,Express Lane
TRF-107958,2025-11-28 14:00:00,104,car,69.1,1018.0,snowy,Express Lane
TRF-107959,2025-11-28 15:00:00,105,truck,31.0,907.0,snowy,Lane 2
TRF-107960,2025-11-28 16:00:00,106,car,29.1,191.0,cloudy,Lane 3
TRF-107961,2025-11-28 17:00:00,103,car,69.6,45.0,foggy,Lane 3
TRF-107962,2025-11-28 18:00:00,101,truck,22.8,1067.0,snowy,Lane 3
TRF-107963,2025-11-28 19:00:00,107,car,42.6,772.0,clear,Lane 1
TRF-107964,2025-11-28 20:00:00,105,bike,30.1,275.0,clear,Lane 2
TRF-107965,2025-11-28 21:00:00,101,truck,77.5,1099.0,foggy,Lane 1
TRF-107966,2025-11-28 22:00:00,108,bike,68.6,584.0,clear,Lane 3
TRF-107967,2025-11-28 23:00:00,104,motorcycle,33.2,743.0,clear,Lane 1
TRF-107968,2025-11-29 00:00:00,105,van,30.1,171.0,clear,Lane 2
TRF-107969,2025-11-29 01:00:00,108,van,61.8,479.0,foggy,Lane 3
TRF-107970,2025-11-29 02:00:00,105,bus,55.8,1002.0,clear,Lane 1
TRF-107971,2025-11-29 03:00:00,102,bike,41.6,852.0,clear,Lane 2
TRF-107972,2025-11-29 04:00:00,108,bus,40.0,145.0,rainy,Lane 3
TRF-107973,2025-11-29 05:00:00,104,motorcycle,43.8,905.0,rainy,Lane 3
TRF-107974,2025-11-29 06:00:00,104,truck,64.2,543.0,rainy,Express Lane
TRF-107975,2025-11-29 07:00:00,106,bus,76.3,928.0,foggy,Lane 3
TRF-107976,2025-11-29 08:00:00,105,truck,80.8,42.0,rainy,Express Lane
TRF-107977,2025-11-29 09:00:00,107,bus,34.8,306.0,foggy,Lane 3
TRF-107978,2025-11-29 10:00:00,104,bike,47.9,945.0,snowy,Lane 1
TRF-107979,2025-11-29 11:00:00,105,bike,72.2,922.0,cloudy,Lane 1
TRF-107980,2025-11-29 12:00:00,106,truck,32.3,257.0,clear,Lane 3
TRF-107981,2025-11-29 13:00:00,107,truck,35.7,246.0,cloudy,Lane 3
TRF-107982,2025-11-29 14:00:00,108,truck,62.3,778.0,rainy,Express Lane
TRF-107983,2025-11-29 15:00:00,106,truck,39.6,323.0,clear,Lane 1
TRF-107984,2025-11-29 16:00:00,102,car,21.4,797.0,clear,Lane 1
TRF-107985,2025-11-29 17:00:00,107,car,33.1,310.0,foggy,Lane 3
TRF-107986,2025-11-29 18:00:00,105,car,65.8,527.0,foggy,Express Lane
TRF-107987,2025-11-29 19:00:00,104,car,52.5,1006.0,foggy,Lane 3
TRF-107988,2025-11-29 20:00:00,104,truck,19.9,779.0,clear,Lane 1
TRF-107989,2025-11-29 21:00:00,105,motorcycle,37.0,733.0,snowy,Lane 1
TRF-107990,2025-11-29 22:00:00,105,bus,80.8,997.0,foggy,Lane 1
TRF-107991,2025-11-29 23:00:00,105,truck,46.7,298.0,clear,Lane 1
TRF-107992,2025-11-30 00:00:00,103,truck,43.6,238.0,clear,Lane 3
TRF-107993,2025-11-30 01:00:00,107,truck,48.1,1010.0,clear,Lane 1
TRF-107994,2025-11-30 02:00:00,104,car,51.7,875.0,foggy,Lane 3
TRF-107995,2025-11-30 03:00:00,107,truck,41.0,334.0,clear,Lane 1
TRF-107996,2025-11-30 04:00:00,106,van,72.1,1041.0,clear,Lane 1
TRF-107997,2025-11-30 05:00:00,104,van,39.5,117.0,clear,Lane 2
TRF-107998,2025-11-30 06:00:00,103,bike,65.9,792.0,foggy,Express Lane
TRF-107999,2025-11-30 07:00:00,105,car,80.8,953.0,clear,Lane 2
TRF-108000,2025-11-30 08:00:00,102,truck,54.8,752.0,foggy,Lane 2
TRF-108001,2025-11-30 09:00:00,105,van,29.1,40.0,clear,Lane 1
TRF-108002,2025-11-30 10:00:00,108,bike,51.4,468.0,rainy,Express Lane
TRF-108003,2025-11-30 11:00:00,105,bus,37.9,1063.0,foggy,Lane 2
TRF-108004,2025-11-30 12:00:00,103,van,64.2,344.0,rainy,Lane 2
TRF-108005,2025-11-30 13:00:00,107,bus,51.7,94.0,rainy,Lane 3
TRF-108006,2025-11-30 14:00:00,104,bus,45.9,930.0,clear,Express Lane
TRF-108007,2025-11-30 15:00:00,105,bike,29.8,621.0,rainy,Lane 2
TRF-108008,2025-11-30 16:00:00,104,car,14.5,945.0,clear,Lane 2
TRF-108009,2025-11-30 17:00:00,101,truck,33.4,674.0,clear,Lane 3
TRF-108010,2025-11-30 18:00:00,106,bus,59.7,224.0,rainy,Lane 1
TRF-108011,2025-11-30 19:00:00,107,truck,69.3,30.0,foggy,Lane 2
TRF-108012,2025-11-30 20:00:00,104,truck,42.4,397.0,foggy,Express Lane
TRF-108013,2025-11-30 21:00:00,102,truck,31.0,660.0,rainy,Lane 3
TRF-108014,2025-11-30 22:00:00,106,car,51.4,405.0,clear,Express Lane
TRF-108015,2025-11-30 23:00:00,108,car,60.4,319.0,rainy,Express Lane
TRF-108016,2025-12-01 00:00:00,108,motorcycle,62.0,892.0,clear,Express Lane
TRF-108017,2025-12-01 01:00:00,102,bike,51.5,829.0,foggy,Lane 3
TRF-108018,2025-12-01 02:00:00,105,car,85.3,657.0,foggy,Express Lane
TRF-108019,2025-12-01 03:00:00,106,bike,70.8,264.0,clear,Lane 2
TRF-108020,2025-12-01 04:00:00,104,bus,26.0,225.0,cloudy,Lane 3
TRF-108021,2025-12-01 05:00:00,106,truck,21.6,470.0,rainy,Lane 2
TRF-108022,2025-12-01 06:00:00,105,car,27.7,819.0,cloudy,Lane 1
TRF-108023,2025-12-01 07:00:00,103,van,69.0,186.0,cloudy,Lane 2
TRF-108024,2025-12-01 08:00:00,107,truck,17.2,1049.0,clear,Express Lane
TRF-108025,2025-12-01 09:00:00,102,truck,56.2,383.0,snowy,Lane 1
TRF-108026,2025-12-01 10:00:00,105,bus,44.9,842.0,clear,Express Lane
TRF-108027,2025-12-01 11:00:00,103,bike,25.6,864.0,clear,Lane 3
TRF-108028,2025-12-01 12:00:00,106,bus,52.5,562.0,cloudy,Lane 3
TRF-108029,2025-12-01 13:00:00,106,truck,44.8,434.0,rainy,Lane 1
TRF-108030,2025-12-01 14:00:00,105,truck,62.5,729.0,clear,Lane 2
TRF-108031,2025-12-01 15:00:00,104,bus,18.7,826.0,rainy,Express Lane
TRF-108032,2025-12-01 16:00:00,106,bike,31.9,318.0,rainy,Lane 2
TRF-108033,2025-12-01 17:00:00,104,motorcycle,32.3,119.0,foggy,Express Lane
TRF-108034,2025-12-01 18:00:00,104,car,59.9,996.0,snowy,Express Lane
TRF-108035,2025-12-01 19:00:00,107,bus,43.7,614.0,clear,Lane 2
TRF-108036,2025-12-01 20:00:00,104,motorcycle,69.3,1011.0,clear,Lane 3
TRF-108037,2025-12-01 21:00:00,101,motorcycle,40.8,782.0,clear,Lane 3
TRF-108038,2025-12-01 22:00:00,107,bus,52.0,745.0,clear,Lane 1
TRF-108039,2025-12-01 23:00:00,103,car,74.7,857.0,clear,Lane 2
TRF-108040,2025-12-02 00:00:00,103,truck,16.1,423.0,cloudy,Lane 3
TRF-108041,2025-12-02 01:00:00,106,bike,48.5,504.0,rainy,Lane 3
TRF-108042,2025-12-02 02:00:00,106,bike,47.9,803.0,clear,Express Lane
TRF-108043,2025-12-02 03:00:00,104,car,33.8,471.0,rainy,Express Lane
TRF-108044,2025-12-02 04:00:00,107,truck,45.1,37.0,clear,Lane 3
TRF-108045,2025-12-02 05:00:00,107,car,53.6,99.0,rainy,Lane 1
TRF-108046,2025-12-02 06:00:00,101,bus,34.6,732.0,snowy,Lane 3
TRF-108047,2025-12-02 07:00:00,104,car,49.0,69.0,cloudy,Lane 1
TRF-108048,2025-12-02 08:00:00,101,bus,29.6,883.0,clear,Lane 1
TRF-108049,2025-12-02 09:00:00,108,car,44.3,1082.0,rainy,Express Lane
TRF-108050,2025-12-02 10:00:00,104,bike,64.7,306.0,cloudy,Lane 1
TRF-108051,2025-12-02 11:00:00,102,truck,65.6,212.0,clear,Lane 2
TRF-108052,2025-12-02 12:00:00,102,truck,69.1,968.0,clear,Lane 2
TRF-108053,2025-12-02 13:00:00,105,bike,46.2,551.0,clear,Express Lane
TRF-108054,2025-12-02 14:00:00,104,truck,42.1,718.0,snowy,Lane 3
TRF-108055,2025-12-02 15:00:00,107,motorcycle,61.3,113.0,foggy,Lane 2
TRF-108056,2025-12-02 16:00:00,106,car,69.0,115.0,clear,Lane 2
TRF-108057,2025-12-02 17:00:00,103,car,49.5,573.0,clear,Lane 3
TRF-108058,2025-12-02 18:00:00,105,car,75.2,970.0,foggy,Express Lane
TRF-108059,2025-12-02 19:00:00,106,motorcycle,60.8,1066.0,clear,Lane 1
TRF-108060,2025-12-02 20:00:00,102,bike,37.7,754.0,clear,Lane 1
TRF-108061,2025-12-02 21:00:00,104,bus,39.9,993.0,snowy,Lane 3
TRF-108062,2025-12-02 22:00:00,105,car,47.3,647.0,rainy,Lane 3
TRF-108063,2025-12-02 23:00:00,104,bike,19.7,44.0,clear,Lane 2
TRF-108064,2025-12-03 00:00:00,102,truck,38.0,754.0,clear,Lane 1
TRF-108065,2025-12-03 01:00:00,105,truck,68.5,217.0,foggy,Express Lane
TRF-108066,2025-12-03 02:00:00,102,van,72.2,263.0,snowy,Lane 2
TRF-108067,2025-12-03 03:00:00,101,car,53.1,764.0,clear,Lane 1
TRF-108068,2025-12-03 04:00:00,102,truck,56.2,487.0,cloudy,Express Lane
TRF-108069,2025-12-03 05:00:00,107,car,42.4,754.0,clear,Lane 1
TRF-108070,2025-12-03 06:00:00,107,truck,36.5,174.0,clear,Lane 2
TRF-108071,2025-12-03 07:00:00,104,car,58.3,546.0,snowy,Express Lane
TRF-108072,2025-12-03 08:00:00,103,bike,40.1,562.0,clear,Lane 1
TRF-108073,2025-12-03 09:00:00,102,bike,78.4,921.0,clear,Lane 1
TRF-108074,2025-12-03 10:00:00,106,truck,55.4,1097.0,rainy,Lane 1
TRF-108075,2025-12-03 11:00:00,107,bus,56.0,233.0,rainy,Lane 2
TRF-108076,2025-12-03 12:00:00,108,bus,28.9,390.0,clear,Lane 2
TRF-108077,2025-12-03 13:00:00,103,motorcycle,6.3,243.0,snowy,Express Lane
TRF-108078,2025-12-03 14:00:00,101,car,56.0,671.0,foggy,Lane 3
TRF-108079,2025-12-03 15:00:00,105,bike,39.1,635.0,rainy,Lane 1
TRF-108080,2025-12-03 16:00:00,105,bike,65.7,395.0,snowy,Lane 1
TRF-108081,2025-12-03 17:00:00,107,bike,31.6,928.0,cloudy,Lane 1
TRF-108082,2025-12-03 18:00:00,103,car,38.4,216.0,snowy,Lane 2
TRF-108083,2025-12-03 19:00:00,107,van,68.2,753.0,foggy,Lane 1
TRF-108084,2025-12-03 20:00:00,105,van,55.9,1046.0,snowy,Express Lane
TRF-108085,2025-12-03 21:00:00,108,bike,30.0,732.0,clear,Lane 2
TRF-108086,2025-12-03 22:00:00,102,car,48.6,863.0,snowy,Lane 2
TRF-108087,2025-12-03 23:00:00,103,bus,82.3,119.0,clear,Lane 2
TRF-108088,2025-12-04 00:00:00,104,bus,50.6,786.0,clear,Lane 2
TRF-108089,2025-12-04 01:00:00,102,car,45.3,1018.0,cloudy,Lane 3
TRF-108090,2025-12-04 02:00:00,102,car,64.1,943.0,foggy,Lane 2
TRF-108091,2025-12-04 03:00:00,102,car,54.3,422.0,cloudy,Lane 3
TRF-108092,2025-12-04 04:00:00,104,truck,74.0,441.0,clear,Lane 2
TRF-108093,2025-12-04 05:00:00,108,bus,61.6,322.0,foggy,Lane 2
TRF-108094,2025-12-04 06:00:00,101,bike,64.3,660.0,clear,Lane 1
TRF-108095,2025-12-04 07:00:00,108,truck,74.9,199.0,clear,Lane 2
TRF-108096,2025-12-04 08:00:00,108,car,42.6,919.0,foggy,Express Lane
TRF-108097,2025-12-04 09:00:00,108,bike,37.2,85.0,cloudy,Express Lane
TRF-108098,2025-12-04 10:00:00,106,truck,23.8,597.0,foggy,Express Lane
TRF-108099,2025-12-04 11:00:00,107,truck,44.2,180.0,foggy,Lane 1
TRF-108100,2025-12-04 12:00:00,105,car,24.4,347.0,rainy,Lane 2
TRF-108101,2025-12-04 13:00:00,107,bus,54.6,1013.0,foggy,Express Lane
TRF-108102,2025-12-04 14:00:00,103,bus,37.0,1006.0,clear,Express Lane
TRF-108103,2025-12-04 15:00:00,108,truck,65.3,35.0,foggy,Express Lane
TRF-108104,2025-12-04 16:00:00,101,car,62.0,218.0,snowy,Lane 3
TRF-108105,2025-12-04 17:00:00,103,motorcycle,41.0,346.0,cloudy,Lane 3
TRF-108106,2025-12-04 18:00:00,107,motorcycle,65.6,760.0,clear,Lane 3
TRF-108107,2025-12-04 19:00:00,105,truck,50.7,553.0,foggy,Express Lane
TRF-108108,2025-12-04 20:00:00,104,bus,16.1,546.0,clear,Express Lane
TRF-108109,2025-12-04 21:00:00,107,car,30.2,744.0,rainy,Lane 2
TRF-108110,2025-12-04 22:00:00,102,motorcycle,35.0,607.0,rainy,Express Lane
TRF-108111,2025-12-04 23:00:00,107,truck,48.2,696.0,clear,Express Lane
TRF-108112,2025-12-05 00:00:00,102,bus,40.3,617.0,clear,Express Lane
TRF-108113,2025-12-05 01:00:00,104,truck,38.5,802.0,clear,Express Lane
TRF-108114,2025-12-05 02:00:00,107,bus,58.5,883.0,foggy,Lane 1
TRF-108115,2025-12-05 03:00:00,101,bus,62.2,365.0,clear,Lane 2
TRF-108116,2025-12-05 04:00:00,101,car,36.9,887.0,clear,Express Lane
TRF-108117,2025-12-05 05:00:00,103,car,32.7,528.0,rainy,Lane 1
TRF-108118,2025-12-05 06:00:00,104,bike,70.8,678.0,rainy,Lane 3
TRF-108119,2025-12-05 07:00:00,108,motorcycle,97.1,205.0,rainy,Lane 1
TRF-108120,2025-12-05 08:00:00,101,bike,31.0,829.0,foggy,Lane 3
TRF-108121,2025-12-05 09:00:00,107,bike,64.0,880.0,rainy,Lane 1
TRF-108122,2025-12-05 10:00:00,104,van,45.5,1089.0,snowy,Lane 1
TRF-108123,2025-12-05 11:00:00,105,van,60.2,1017.0,rainy,Lane 1
TRF-108124,2025-12-05 12:00:00,102,bus,30.8,172.0,clear,Lane 3
TRF-108125,2025-12-05 13:00:00,107,car,25.5,678.0,clear,Lane 3
TRF-108126,2025-12-05 14:00:00,102,bike,27.8,557.0,rainy,Lane 3
TRF-108127,2025-12-05 15:00:00,102,bus,37.8,35.0,clear,Express Lane
TRF-108128,2025-12-05 16:00:00,108,van,43.8,613.0,clear,Lane 3
TRF-108129,2025-12-05 17:00:00,104,car,65.0,702.0,clear,Lane 1
TRF-108130,2025-12-05 18:00:00,104,car,33.0,253.0,clear,Lane 3
TRF-108131,2025-12-05 19:00:00,103,van,36.5,385.0,clear,Lane 2
TRF-108132,2025-12-05 20:00:00,102,truck,85.4,967.0,clear,Express Lane
TRF-108133,2025-12-05 21:00:00,103,car,49.0,1037.0,clear,Lane 1
TRF-108134,2025-12-05 22:00:00,108,car,53.1,1089.0,clear,Lane 2
TRF-108135,2025-12-05 23:00:00,102,bus,61.4,575.0,foggy,Lane 3
TRF-108136,2025-12-06 00:00:00,103,bus,38.6,554.0,foggy,Lane 1
TRF-108137,2025-12-06 01:00:00,103,truck,47.7,1060.0,clear,Lane 3
TRF-108138,2025-12-06 02:00:00,105,truck,42.2,140.0,clear,Lane 1
TRF-108139,2025-12-06 03:00:00,103,bike,46.5,800.0,clear,Express Lane
TRF-108140,2025-12-06 04:00:00,104,truck,63.2,339.0,foggy,Lane 1
TRF-108141,2025-12-06 05:00:00,103,bike,60.1,123.0,cloudy,Lane 3
TRF-108142,2025-12-06 06:00:00,102,truck,6.9,831.0,rainy,Lane 3
TRF-108143,2025-12-06 07:00:00,103,van,66.0,589.0,foggy,Lane 1
TRF-108144,2025-12-06 08:00:00,101,car,41.8,46.0,clear,Lane 2
TRF-108145,2025-12-06 09:00:00,106,van,55.1,666.0,foggy,Express Lane
TRF-108146,2025-12-06 10:00:00,102,truck,40.7,778.0,cloudy,Lane 1
TRF-108147,2025-12-06 11:00:00,101,bike,47.1,585.0,clear,Express Lane
TRF-108148,2025-12-06 12:00:00,108,motorcycle,71.7,1041.0,foggy,Lane 3
TRF-108149,2025-12-06 13:00:00,102,car,54.0,288.0,clear,Express Lane
TRF-108150,2025-12-06 14:00:00,104,bus,70.8,742.0,clear,Express Lane
TRF-108151,2025-12-06 15:00:00,106,van,47.1,864.0,cloudy,Lane 3
TRF-108152,2025-12-06 16:00:00,106,truck,45.2,1041.0,clear,Express Lane
TRF-108153,2025-12-06 17:00:00,104,van,48.2,896.0,rainy,Lane 2
TRF-108154,2025-12-06 18:00:00,106,car,25.1,933.0,cloudy,Lane 2
TRF-108155,2025-12-06 19:00:00,104,bike,5.0,439.0,clear,Lane 1
TRF-108156,2025-12-06 20:00:00,101,van,33.9,917.0,rainy,Lane 1
TRF-108157,2025-12-06 21:00:00,108,car,66.5,172.0,rainy,Lane 2
TRF-108158,2025-12-06 22:00:00,105,bike,73.6,426.0,clear,Lane 1
TRF-108159,2025-12-06 23:00:00,102,motorcycle,12.0,768.0,snowy,Express Lane
TRF-108160,2025-12-07 00:00:00,104,bike,71.2,677.0,rainy,Lane 3
TRF-108161,2025-12-07 01:00:00,102,truck,37.3,999.0,rainy,Lane 1
TRF-108162,2025-12-07 02:00:00,108,bus,22.3,831.0,snowy,Lane 1
TRF-108163,2025-12-07 03:00:00,101,bike,67.1,741.0,foggy,Lane 2
TRF-108164,2025-12-07 04:00:00,105,bike,38.9,48.0,clear,Lane 3
TRF-108165,2025-12-07 05:00:00,108,truck,95.1,674.0,snowy,Lane 1
TRF-108166,2025-12-07 06:00:00,101,bike,35.9,813.0,clear,Lane 1
TRF-108167,2025-12-07 07:00:00,106,truck,43.0,398.0,clear,Lane 3
TRF-108168,2025-12-07 08:00:00,102,car,30.4,487.0,clear,Lane 3
TRF-108169,2025-12-07 09:00:00,107,bus,50.7,48.0,clear,Lane 3
TRF-108170,2025-12-07 10:00:00,105,car,62.3,1088.0,clear,Lane 1
TRF-108171,2025-12-07 11:00:00,106,bus,16.9,708.0,clear,Lane 2
TRF-108172,2025-12-07 12:00:00,108,car,59.8,674.0,cloudy,Express Lane
TRF-108173,2025-12-07 13:00:00,105,bike,40.6,656.0,cloudy,Lane 1
TRF-108174,2025-12-07 14:00:00,106,truck,32.5,651.0,foggy,Lane 1
TRF-108175,2025-12-07 15:00:00,101,car,22.8,757.0,rainy,Lane 3
TRF-108176,2025-12-07 16:00:00,104,van,65.6,126.0,rainy,Lane 3
TRF-108177,2025-12-07 17:00:00,102,truck,53.2,929.0,clear,Express Lane
TRF-108178,2025-12-07 18:00:00,103,car,37.5,758.0,clear,Lane 1
TRF-108179,2025-12-07 19:00:00,103,bus,62.0,727.0,foggy,Lane 3
TRF-108180,2025-12-07 20:00:00,101,truck,57.5,912.0,rainy,Lane 1
TRF-108181,2025-12-07 21:00:00,108,car,63.6,125.0,snowy,Lane 3
TRF-108182,2025-12-07 22:00:00,102,car,77.5,1032.0,clear,Express Lane
TRF-108183,2025-12-07 23:00:00,108,car,51.9,471.0,clear,Lane 2
TRF-108184,2025-12-08 00:00:00,102,bike,82.8,480.0,clear,Express Lane
TRF-108185,2025-12-08 01:00:00,101,bike,73.7,263.0,cloudy,Lane 1
TRF-108186,2025-12-08 02:00:00,102,van,62.1,822.0,cloudy,Lane 1
TRF-108187,2025-12-08 03:00:00,104,bike,17.6,57.0,cloudy,Lane 3
TRF-108188,2025-12-08 04:00:00,108,truck,50.0,952.0,foggy,Lane 1
TRF-108189,2025-12-08 05:00:00,101,truck,52.4,873.0,rainy,Lane 1
TRF-108190,2025-12-08 06:00:00,104,truck,51.9,771.0,foggy,Lane 1
TRF-108191,2025-12-08 07:00:00,102,truck,46.0,933.0,rainy,Lane 3
TRF-108192,2025-12-08 08:00:00,101,car,59.6,404.0,rainy,Express Lane
TRF-108193,2025-12-08 09:00:00,102,truck,62.0,891.0,snowy,Lane 3
TRF-108194,2025-12-08 10:00:00,108,car,17.9,653.0,rainy,Lane 1
TRF-108195,2025-12-08 11:00:00,101,bike,72.4,328.0,foggy,Lane 2
TRF-108196,2025-12-08 12:00:00,102,bus,21.4,1078.0,snowy,Lane 2
TRF-108197,2025-12-08 13:00:00,108,bus,40.7,635.0,clear,Express Lane
TRF-108198,2025-12-08 14:00:00,104,bike,32.0,95.0,clear,Express Lane
TRF-108199,2025-12-08 15:00:00,107,bus,35.0,558.0,foggy,Express Lane
TRF-108200,2025-12-08 16:00:00,104,bus,67.6,307.0,clear,Express Lane
TRF-108201,2025-12-08 17:00:00,102,bus,50.2,39.0,foggy,Express Lane
TRF-108202,2025-12-08 18:00:00,101,truck,60.3,57.0,clear,Lane 1
TRF-108203,2025-12-08 19:00:00,103,bus,59.4,422.0,foggy,Lane 2
TRF-108204,2025-12-08 20:00:00,104,truck,13.5,749.0,snowy,Lane 1
TRF-108205,2025-12-08 21:00:00,104,bike,38.0,878.0,clear,Express Lane
TRF-108206,2025-12-08 22:00:00,108,van,61.5,290.0,rainy,Lane 3
TRF-108207,2025-12-08 23:00:00,106,truck,59.8,67.0,foggy,Lane 2
TRF-108208,2025-12-09 00:00:00,103,bus,16.4,496.0,foggy,Lane 2
TRF-108209,2025-12-09 01:00:00,102,bus,66.5,93.0,rainy,Lane 1
TRF-108210,2025-12-09 02:00:00,107,bike,59.1,560.0,snowy,Lane 1
TRF-108211,2025-12-09 03:00:00,101,bus,47.9,707.0,foggy,Lane 3
TRF-108212,2025-12-09 04:00:00,106,car,55.4,874.0,clear,Lane 2
TRF-108213,2025-12-09 05:00:00,102,car,43.9,128.0,clear,Lane 2
TRF-108214,2025-12-09 06:00:00,105,truck,56.9,333.0,snowy,Lane 2
TRF-108215,2025-12-09 07:00:00,107,bike,15.6,976.0,clear,Express Lane
TRF-108216,2025-12-09 08:00:00,104,bus,41.7,243.0,foggy,Lane 2
TRF-108217,2025-12-09 09:00:00,105,bus,69.3,334.0,snowy,Lane 1
TRF-108218,2025-12-09 10:00:00,104,bus,57.7,374.0,rainy,Lane 3
TRF-108219,2025-12-09 11:00:00,104,car,62.2,773.0,foggy,Express Lane
TRF-108220,2025-12-09 12:00:00,105,bus,43.8,523.0,clear,Express Lane
TRF-108221,2025-12-09 13:00:00,107,truck,58.2,870.0,clear,Lane 2
TRF-108222,2025-12-09 14:00:00,108,motorcycle,45.1,437.0,cloudy,Lane 3
TRF-108223,2025-12-09 15:00:00,105,bike,31.4,1021.0,clear,Lane 1
TRF-108224,2025-12-09 16:00:00,102,motorcycle,43.5,686.0,foggy,Lane 1
TRF-108225,2025-12-09 17:00:00,106,motorcycle,74.2,646.0,clear,Lane 1
TRF-108226,2025-12-09 18:00:00,106,car,68.4,373.0,rainy,Lane 3
TRF-108227,2025-12-09 19:00:00,105,car,30.1,805.0,clear,Lane 3
TRF-108228,2025-12-09 20:00:00,102,van,40.5,93.0,foggy,Lane 2
TRF-108229,2025-12-09 21:00:00,108,truck,31.4,531.0,foggy,Lane 3
TRF-108230,2025-12-09 22:00:00,106,bike,51.2,1064.0,clear,Lane 3
TRF-108231,2025-12-09 23:00:00,102,truck,66.0,636.0,rainy,Lane 2
TRF-108232,2025-12-10 00:00:00,108,motorcycle,84.6,459.0,rainy,Express Lane
TRF-108233,2025-12-10 01:00:00,102,bus,22.3,1034.0,clear,Lane 1
TRF-108234,2025-12-10 02:00:00,104,truck,63.5,123.0,snowy,Express Lane
TRF-108235,2025-12-10 03:00:00,106,truck,47.9,344.0,cloudy,Lane 1
TRF-108236,2025-12-10 04:00:00,108,truck,41.4,182.0,rainy,Express Lane
TRF-108237,2025-12-10 05:00:00,106,bike,31.2,169.0,clear,Lane 3
TRF-108238,2025-12-10 06:00:00,104,van,80.0,245.0,foggy,Express Lane
TRF-108239,2025-12-10 07:00:00,105,bus,18.7,823.0,clear,Express Lane
TRF-108240,2025-12-10 08:00:00,104,bus,39.2,399.0,foggy,Lane 2
TRF-108241,2025-12-10 09:00:00,106,bike,54.6,1001.0,foggy,Lane 3
TRF-108242,2025-12-10 10:00:00,106,motorcycle,56.2,270.0,rainy,Lane 3
TRF-108243,2025-12-10 11:00:00,107,motorcycle,70.4,1010.0,cloudy,Lane 1
TRF-108244,2025-12-10 12:00:00,108,bus,32.1,350.0,snowy,Lane 2
TRF-108245,2025-12-10 13:00:00,105,truck,59.2,74.0,clear,Lane 3
TRF-108246,2025-12-10 14:00:00,104,car,46.9,643.0,snowy,Express Lane
TRF-108247,2025-12-10 15:00:00,108,bike,48.7,313.0,clear,Express Lane
TRF-108248,2025-12-10 16:00:00,101,bus,39.7,701.0,cloudy,Express Lane
TRF-108249,2025-12-10 17:00:00,108,truck,50.9,116.0,foggy,Lane 3
TRF-108250,2025-12-10 18:00:00,101,truck,45.4,1060.0,rainy,Lane 3
TRF-108251,2025-12-10 19:00:00,105,van,41.6,212.0,foggy,Lane 1
TRF-108252,2025-12-10 20:00:00,104,car,38.5,328.0,foggy,Lane 1
TRF-108253,2025-12-10 21:00:00,104,bike,54.7,427.0,clear,Lane 3
TRF-108254,2025-12-10 22:00:00,102,bus,24.0,43.0,rainy,Express Lane
TRF-108255,2025-12-10 23:00:00,106,car,44.5,129.0,foggy,Lane 2
TRF-108256,2025-12-11 00:00:00,103,car,34.2,785.0,clear,Lane 1
TRF-108257,2025-12-11 01:00:00,107,truck,45.8,198.0,snowy,Lane 3
TRF-108258,2025-12-11 02:00:00,108,bike,46.0,261.0,cloudy,Express Lane
TRF-108259,2025-12-11 03:00:00,105,truck,63.6,643.0,clear,Lane 1
TRF-108260,2025-12-11 04:00:00,103,truck,59.9,758.0,snowy,Lane 1
TRF-108261,2025-12-11 05:00:00,108,car,53.3,269.0,cloudy,Lane 3
TRF-108262,2025-12-11 06:00:00,103,bus,51.1,269.0,rainy,Express Lane
TRF-108263,2025-12-11 07:00:00,105,motorcycle,44.6,762.0,foggy,Lane 1
TRF-108264,2025-12-11 08:00:00,104,bus,44.2,299.0,rainy,Lane 1
TRF-108265,2025-12-11 09:00:00,105,bus,16.5,569.0,clear,Lane 3
TRF-108266,2025-12-11 10:00:00,108,car,61.2,364.0,clear,Lane 1
TRF-108267,2025-12-11 11:00:00,103,bike,52.8,472.0,foggy,Lane 3
TRF-108268,2025-12-11 12:00:00,106,bus,69.6,754.0,snowy,Lane 3
TRF-108269,2025-12-11 13:00:00,107,car,38.0,937.0,clear,Lane 3
TRF-108270,2025-12-11 14:00:00,107,car,70.7,399.0,rainy,Lane 1
TRF-108271,2025-12-11 15:00:00,106,bus,44.5,104.0,foggy,Lane 2
TRF-108272,2025-12-11 16:00:00,106,car,37.7,452.0,clear,Express Lane
TRF-108273,2025-12-11 17:00:00,104,bike,75.8,99.0,snowy,Express Lane
TRF-108274,2025-12-11 18:00:00,108,motorcycle,54.6,864.0,rainy,Express Lane
TRF-108275,2025-12-11 19:00:00,101,car,78.1,774.0,snowy,Lane 2
TRF-108276,2025-12-11 20:00:00,105,car,51.1,300.0,rainy,Lane 1
TRF-108277,2025-12-11 21:00:00,107,car,62.5,161.0,foggy,Lane 1
TRF-108278,2025-12-11 22:00:00,106,truck,66.5,131.0,cloudy,Express Lane
TRF-108279,2025-12-11 23:00:00,105,truck,42.9,627.0,clear,Lane 3
TRF-108280,2025-12-12 00:00:00,107,truck,54.2,701.0,clear,Express Lane
TRF-108281,2025-12-12 01:00:00,106,truck,50.8,664.0,foggy,Lane 2
TRF-108282,2025-12-12 02:00:00,108,bike,63.0,953.0,clear,Lane 2
TRF-108283,2025-12-12 03:00:00,107,bike,28.8,881.0,foggy,Lane 1
TRF-108284,2025-12-12 04:00:00,104,truck,58.8,449.0,foggy,Lane 3
TRF-108285,2025-12-12 05:00:00,101,truck,64.6,290.0,foggy,Lane 1
TRF-108286,2025-12-12 06:00:00,101,car,35.7,1006.0,foggy,Lane 1
TRF-108287,2025-12-12 07:00:00,106,van,32.1,445.0,foggy,Lane 2
TRF-108288,2025-12-12 08:00:00,107,bus,18.2,730.0,rainy,Lane 1
TRF-108289,2025-12-12 09:00:00,104,car,47.9,572.0,cloudy,Lane 2
TRF-108290,2025-12-12 10:00:00,102,truck,34.8,1012.0,clear,Lane 1
TRF-108291,2025-12-12 11:00:00,105,bus,73.5,959.0,rainy,Lane 2
TRF-108292,2025-12-12 12:00:00,105,car,44.3,845.0,clear,Lane 2
TRF-108293,2025-12-12 13:00:00,103,motorcycle,67.8,78.0,clear,Express Lane
TRF-108294,2025-12-12 14:00:00,104,truck,58.5,473.0,snowy,Lane 2
TRF-108295,2025-12-12 15:00:00,107,bus,85.8,914.0,clear,Lane 2
TRF-108296,2025-12-12 16:00:00,108,van,74.0,201.0,clear,Lane 3
TRF-108297,2025-12-12 17:00:00,108,truck,51.8,959.0,rainy,Lane 2
TRF-108298,2025-12-12 18:00:00,103,truck,53.6,1019.0,clear,Lane 3
TRF-108299,2025-12-12 19:00:00,106,truck,60.2,35.0,clear,Lane 3
TRF-108300,2025-12-12 20:00:00,107,car,96.3,398.0,cloudy,Lane 1
TRF-108301,2025-12-12 21:00:00,103,bus,49.2,923.0,clear,Lane 2
TRF-108302,2025-12-12 22:00:00,101,bike,24.7,751.0,foggy,Lane 1
TRF-108303,2025-12-12 23:00:00,105,truck,52.4,960.0,cloudy,Lane 1
TRF-108304,2025-12-13 00:00:00,107,truck,36.5,310.0,foggy,Lane 2
TRF-108305,2025-12-13 01:00:00,103,van,51.8,947.0,snowy,Lane 2
TRF-108306,2025-12-13 02:00:00,101,truck,68.7,457.0,cloudy,Express Lane
TRF-108307,2025-12-13 03:00:00,104,truck,57.1,442.0,clear,Lane 1
TRF-108308,2025-12-13 04:00:00,103,bus,37.3,868.0,foggy,Lane 1
TRF-108309,2025-12-13 05:00:00,106,bus,44.3,77.0,clear,Express Lane
TRF-108310,2025-12-13 06:00:00,106,car,28.8,1056.0,foggy,Lane 2
TRF-108311,2025-12-13 07:00:00,106,truck,71.0,714.0,foggy,Express Lane
TRF-108312,2025-12-13 08:00:00,107,bus,62.8,817.0,clear,Lane 3
TRF-108313,2025-12-13 09:00:00,108,bike,28.4,358.0,snowy,Lane 3
TRF-108314,2025-12-13 10:00:00,108,bike,93.4,262.0,clear,Lane 1
TRF-108315,2025-12-13 11:00:00,105,bike,44.1,89.0,clear,Express Lane
TRF-108316,2025-12-13 12:00:00,103,motorcycle,53.3,619.0,cloudy,Lane 3
TRF-108317,2025-12-13 13:00:00,104,motorcycle,41.9,559.0,clear,Lane 1
TRF-108318,2025-12-13 14:00:00,103,car,55.6,1084.0,rainy,Lane 2
TRF-108319,2025-12-13 15:00:00,105,truck,49.7,1011.0,foggy,Lane 1
TRF-108320,2025-12-13 16:00:00,101,motorcycle,22.8,806.0,clear,Lane 3
TRF-108321,2025-12-13 17:00:00,105,car,69.1,177.0,cloudy,Lane 3
TRF-108322,2025-12-13 18:00:00,106,car,33.1,76.0,snowy,Lane 3
TRF-108323,2025-12-13 19:00:00,107,bike,64.5,385.0,rainy,Lane 2
TRF-108324,2025-12-13 20:00:00,101,bike,43.8,683.0,clear,Express Lane
TRF-108325,2025-12-13 21:00:00,107,bike,49.1,482.0,clear,Lane 2
TRF-108326,2025-12-13 22:00:00,106,bus,56.7,551.0,clear,Lane 2
TRF-108327,2025-12-13 23:00:00,102,truck,50.5,206.0,clear,Lane 3
TRF-108328,2025-12-14 00:00:00,105,car,61.4,985.0,clear,Lane 2
TRF-108329,2025-12-14 01:00:00,105,truck,35.3,239.0,clear,Lane 2
TRF-108330,2025-12-14 02:00:00,104,bus,66.7,1095.0,foggy,Lane 2
TRF-108331,2025-12-14 03:00:00,103,car,29.5,216.0,cloudy,Express Lane
TRF-108332,2025-12-14 04:00:00,101,motorcycle,31.6,1078.0,clear,Lane 1
TRF-108333,2025-12-14 05:00:00,108,car,58.4,1035.0,clear,Lane 3
TRF-108334,2025-12-14 06:00:00,107,bike,66.9,64.0,foggy,Lane 3
TRF-108335,2025-12-14 07:00:00,101,bike,53.1,504.0,cloudy,Lane 3
TRF-108336,2025-12-14 08:00:00,104,bus,74.9,788.0,foggy,Lane 2
TRF-108337,2025-12-14 09:00:00,104,bike,33.0,499.0,rainy,Express Lane
TRF-108338,2025-12-14 10:00:00,107,bike,27.0,936.0,clear,Lane 2
TRF-108339,2025-12-14 11:00:00,108,bike,63.1,551.0,snowy,Lane 2
TRF-108340,2025-12-14 12:00:00,103,car,50.2,293.0,foggy,Lane 1
TRF-108341,2025-12-14 13:00:00,107,car,62.5,796.0,foggy,Lane 1
TRF-108342,2025-12-14 14:00:00,107,truck,29.5,436.0,foggy,Express Lane
TRF-108343,2025-12-14 15:00:00,106,truck,40.0,675.0,clear,Lane 1
TRF-108344,2025-12-14 16:00:00,108,truck,79.4,665.0,clear,Express Lane
TRF-108345,2025-12-14 17:00:00,103,car,44.4,560.0,rainy,Lane 2
TRF-108346,2025-12-14 18:00:00,105,truck,73.7,998.0,clear,Lane 2
TRF-108347,2025-12-14 19:00:00,106,truck,62.0,843.0,rainy,Lane 3
TRF-108348,2025-12-14 20:00:00,102,van,42.9,901.0,foggy,Lane 1
TRF-108349,2025-12-14 21:00:00,108,truck,73.4,67.0,clear,Lane 2
TRF-108350,2025-12-14 22:00:00,103,car,53.9,789.0,foggy,Lane 1
TRF-108351,2025-12-14 23:00:00,104,car,47.9,694.0,clear,Express Lane
TRF-108352,2025-12-15 00:00:00,106,truck,46.6,251.0,clear,Lane 1
TRF-108353,2025-12-15 01:00:00,103,truck,55.9,799.0,clear,Lane 2
TRF-108354,2025-12-15 02:00:00,101,motorcycle,27.7,502.0,rainy,Express Lane
TRF-108355,2025-12-15 03:00:00,107,bus,64.2,560.0,cloudy,Lane 1
TRF-108356,2025-12-15 04:00:00,102,truck,55.9,608.0,snowy,Lane 1
TRF-108357,2025-12-15 05:00:00,105,bus,37.7,264.0,foggy,Lane 2
TRF-108358,2025-12-15 06:00:00,107,bus,25.2,631.0,clear,Lane 2
TRF-108359,2025-12-15 07:00:00,101,motorcycle,43.5,123.0,foggy,Express Lane
TRF-108360,2025-12-15 08:00:00,101,car,52.5,890.0,snowy,Lane 1
TRF-108361,2025-12-15 09:00:00,102,car,50.8,868.0,clear,Lane 3
TRF-108362,2025-12-15 10:00:00,105,bike,50.7,218.0,foggy,Express Lane
TRF-108363,2025-12-15 11:00:00,104,motorcycle,60.1,678.0,foggy,Lane 3
TRF-108364,2025-12-15 12:00:00,106,truck,27.3,45.0,cloudy,Lane 3
TRF-108365,2025-12-15 13:00:00,108,bus,46.8,393.0,rainy,Express Lane
TRF-108366,2025-12-15 14:00:00,105,truck,53.4,773.0,clear,Express Lane
TRF-108367,2025-12-15 15:00:00,108,bus,56.3,439.0,clear,Express Lane
TRF-108368,2025-12-15 16:00:00,103,bus,64.2,203.0,snowy,Express Lane
TRF-108369,2025-12-15 17:00:00,101,car,44.3,215.0,clear,Lane 2
TRF-108370,2025-12-15 18:00:00,103,bike,49.0,1083.0,clear,Lane 3
TRF-108371,2025-12-15 19:00:00,104,van,34.7,499.0,cloudy,Lane 2
TRF-108372,2025-12-15 20:00:00,103,bus,55.0,341.0,clear,Lane 1
TRF-108373,2025-12-15 21:00:00,105,motorcycle,32.3,829.0,foggy,Lane 2
TRF-108374,2025-12-15 22:00:00,103,truck,58.3,564.0,clear,Express Lane
TRF-108375,2025-12-15 23:00:00,104,bus,69.3,558.0,foggy,Lane 3
TRF-108376,2025-12-16 00:00:00,104,motorcycle,56.4,151.0,rainy,Lane 3
TRF-108377,2025-12-16 01:00:00,104,bike,71.1,257.0,snowy,Lane 3
TRF-108378,2025-12-16 02:00:00,105,truck,39.8,1018.0,rainy,Lane 3
TRF-108379,2025-12-16 03:00:00,104,car,26.4,582.0,clear,Express Lane
TRF-108380,2025-12-16 04:00:00,101,van,45.1,44.0,cloudy,Lane 3
TRF-108381,2025-12-16 05:00:00,107,car,36.9,560.0,cloudy,Lane 1
TRF-108382,2025-12-16 06:00:00,104,truck,39.1,632.0,rainy,Lane 1
TRF-108383,2025-12-16 07:00:00,103,van,8.0,81.0,clear,Lane 1
TRF-108384,2025-12-16 08:00:00,106,truck,51.2,959.0,snowy,Lane 1
TRF-108385,2025-12-16 09:00:00,103,car,48.4,86.0,clear,Lane 2
TRF-108386,2025-12-16 10:00:00,106,car,63.2,437.0,clear,Lane 3
TRF-108387,2025-12-16 11:00:00,103,motorcycle,47.9,561.0,rainy,Lane 3
TRF-108388,2025-12-16 12:00:00,105,truck,44.8,386.0,clear,Lane 1
TRF-108389,2025-12-16 13:00:00,103,motorcycle,64.4,729.0,cloudy,Lane 1
TRF-108390,2025-12-16 14:00:00,105,motorcycle,64.0,1086.0,clear,Express Lane
TRF-108391,2025-12-16 15:00:00,105,bike,39.2,703.0,foggy,Express Lane
TRF-108392,2025-12-16 16:00:00,104,motorcycle,51.5,903.0,clear,Express Lane
TRF-108393,2025-12-16 17:00:00,101,truck,75.2,546.0,rainy,Lane 1
TRF-108394,2025-12-16 18:00:00,106,bus,53.9,710.0,rainy,Express Lane
TRF-108395,2025-12-16 19:00:00,104,bus,33.2,756.0,foggy,Lane 2
TRF-108396,2025-12-16 20:00:00,104,truck,27.8,146.0,foggy,Lane 2
TRF-108397,2025-12-16 21:00:00,107,bike,21.5,796.0,clear,Lane 1
TRF-108398,2025-12-16 22:00:00,105,car,11.1,298.0,snowy,Lane 3
TRF-108399,2025-12-16 23:00:00,105,van,39.3,747.0,clear,Lane 2
TRF-108400,2025-12-17 00:00:00,106,bus,44.9,750.0,snowy,Express Lane
TRF-108401,2025-12-17 01:00:00,103,bike,30.4,169.0,clear,Lane 1
TRF-108402,2025-12-17 02:00:00,103,car,35.7,173.0,rainy,Lane 1
TRF-108403,2025-12-17 03:00:00,108,truck,30.8,251.0,foggy,Lane 1
TRF-108404,2025-12-17 04:00:00,104,truck,19.6,810.0,rainy,Lane 3
TRF-108405,2025-12-17 05:00:00,108,bus,44.9,921.0,foggy,Express Lane
TRF-108406,2025-12-17 06:00:00,102,bike,60.0,617.0,rainy,Express Lane
TRF-108407,2025-12-17 07:00:00,102,car,38.8,659.0,clear,Express Lane
TRF-108408,2025-12-17 08:00:00,108,bus,68.4,464.0,cloudy,Lane 2
TRF-108409,2025-12-17 09:00:00,103,car,50.8,1059.0,clear,Express Lane
TRF-108410,2025-12-17 10:00:00,102,truck,64.1,412.0,clear,Express Lane
TRF-108411,2025-12-17 11:00:00,107,bike,48.6,463.0,clear,Lane 3
TRF-108412,2025-12-17 12:00:00,103,car,60.1,509.0,rainy,Express Lane
TRF-108413,2025-12-17 13:00:00,105,car,22.6,51.0,clear,Lane 2
TRF-108414,2025-12-17 14:00:00,104,van,63.2,590.0,clear,Lane 3
TRF-108415,2025-12-17 15:00:00,101,van,48.1,677.0,foggy,Lane 2
TRF-108416,2025-12-17 16:00:00,104,car,67.8,641.0,foggy,Lane 3
TRF-108417,2025-12-17 17:00:00,108,van,47.9,497.0,clear,Express Lane
TRF-108418,2025-12-17 18:00:00,103,bike,79.4,741.0,rainy,Express Lane
TRF-108419,2025-12-17 19:00:00,108,truck,57.6,875.0,rainy,Lane 1
TRF-108420,2025-12-17 20:00:00,107,car,31.7,150.0,snowy,Lane 3
TRF-108421,2025-12-17 21:00:00,103,van,68.3,768.0,clear,Lane 1
TRF-108422,2025-12-17 22:00:00,104,truck,29.0,780.0,clear,Express Lane
TRF-108423,2025-12-17 23:00:00,107,truck,28.0,818.0,snowy,Express Lane
TRF-108424,2025-12-18 00:00:00,107,truck,71.2,924.0,foggy,Lane 3
TRF-108425,2025-12-18 01:00:00,107,bike,54.0,1036.0,foggy,Lane 1
TRF-108426,2025-12-18 02:00:00,106,bike,49.3,216.0,foggy,Express Lane
TRF-108427,2025-12-18 03:00:00,103,car,38.9,547.0,foggy,Lane 1
TRF-108428,2025-12-18 04:00:00,102,truck,63.0,711.0,clear,Lane 3
TRF-108429,2025-12-18 05:00:00,102,truck,43.1,1030.0,rainy,Lane 3
TRF-108430,2025-12-18 06:00:00,103,car,51.6,669.0,cloudy,Lane 3
TRF-108431,2025-12-18 07:00:00,103,car,27.7,759.0,clear,Lane 3
TRF-108432,2025-12-18 08:00:00,106,bike,47.0,682.0,snowy,Express Lane
TRF-108433,2025-12-18 09:00:00,102,car,51.2,462.0,clear,Express Lane
TRF-108434,2025-12-18 10:00:00,103,car,57.6,673.0,rainy,Lane 3
TRF-108435,2025-12-18 11:00:00,103,car,54.1,792.0,clear,Lane 1
TRF-108436,2025-12-18 12:00:00,108,bus,42.0,919.0,clear,Lane 1
TRF-108437,2025-12-18 13:00:00,106,bus,53.1,130.0,foggy,Express Lane
TRF-108438,2025-12-18 14:00:00,106,truck,65.7,349.0,clear,Lane 2
TRF-108439,2025-12-18 15:00:00,104,bus,21.3,877.0,clear,Lane 2
TRF-108440,2025-12-18 16:00:00,106,bike,45.0,560.0,snowy,Lane 2
TRF-108441,2025-12-18 17:00:00,101,car,51.8,727.0,foggy,Express Lane
TRF-108442,2025-12-18 18:00:00,102,truck,31.4,385.0,rainy,Lane 3
TRF-108443,2025-12-18 19:00:00,104,bus,64.7,924.0,snowy,Express Lane
TRF-108444,2025-12-18 20:00:00,101,motorcycle,58.8,898.0,clear,Lane 3
TRF-108445,2025-12-18 21:00:00,103,car,66.0,459.0,foggy,Lane 3
TRF-108446,2025-12-18 22:00:00,108,bus,86.9,1092.0,foggy,Lane 3
TRF-108447,2025-12-18 23:00:00,108,bus,53.9,454.0,clear,Express Lane
TRF-108448,2025-12-19 00:00:00,103,truck,42.9,458.0,clear,Lane 1
TRF-108449,2025-12-19 01:00:00,104,car,64.9,484.0,cloudy,Lane 1
TRF-108450,2025-12-19 02:00:00,106,bike,37.4,548.0,clear,Express Lane
TRF-108451,2025-12-19 03:00:00,107,car,56.4,239.0,clear,Lane 1
TRF-108452,2025-12-19 04:00:00,108,bike,66.7,620.0,rainy,Lane 2
TRF-108453,2025-12-19 05:00:00,107,car,63.0,923.0,clear,Lane 2
TRF-108454,2025-12-19 06:00:00,103,truck,73.3,896.0,clear,Lane 1
TRF-108455,2025-12-19 07:00:00,107,truck,43.1,473.0,cloudy,Lane 1
TRF-108456,2025-12-19 08:00:00,105,van,60.8,205.0,foggy,Lane 1
TRF-108457,2025-12-19 09:00:00,104,car,49.7,790.0,foggy,Lane 1
TRF-108458,2025-12-19 10:00:00,101,car,52.6,246.0,clear,Lane 1
TRF-108459,2025-12-19 11:00:00,104,bus,52.6,892.0,snowy,Express Lane
TRF-108460,2025-12-19 12:00:00,102,van,57.7,633.0,snowy,Lane 2
TRF-108461,2025-12-19 13:00:00,106,truck,47.4,849.0,clear,Lane 3
TRF-108462,2025-12-19 14:00:00,106,car,22.4,1091.0,clear,Express Lane
TRF-108463,2025-12-19 15:00:00,104,car,50.8,453.0,clear,Lane 3
TRF-108464,2025-12-19 16:00:00,103,car,54.5,910.0,clear,Lane 1
TRF-108465,2025-12-19 17:00:00,103,van,47.2,994.0,clear,Lane 3
TRF-108466,2025-12-19 18:00:00,105,motorcycle,55.8,937.0,foggy,Express Lane
TRF-108467,2025-12-19 19:00:00,105,truck,45.8,608.0,clear,Lane 1
TRF-108468,2025-12-19 20:00:00,106,bike,43.1,214.0,rainy,Lane 1
TRF-108469,2025-12-19 21:00:00,105,car,73.0,304.0,snowy,Express Lane
TRF-108470,2025-12-19 22:00:00,108,bus,88.6,631.0,rainy,Lane 3
TRF-108471,2025-12-19 23:00:00,108,bus,63.8,748.0,foggy,Express Lane
TRF-108472,2025-12-20 00:00:00,101,truck,37.7,559.0,foggy,Lane 3
TRF-108473,2025-12-20 01:00:00,105,bike,52.1,1042.0,clear,Lane 3
TRF-108474,2025-12-20 02:00:00,101,bus,50.7,785.0,rainy,Express Lane
TRF-108475,2025-12-20 03:00:00,105,bike,60.1,36.0,rainy,Lane 1
TRF-108476,2025-12-20 04:00:00,106,bike,51.4,217.0,cloudy,Lane 2
TRF-108477,2025-12-20 05:00:00,106,car,59.1,528.0,cloudy,Lane 1
TRF-108478,2025-12-20 06:00:00,101,van,80.2,92.0,foggy,Express Lane
TRF-108479,2025-12-20 07:00:00,104,truck,14.8,470.0,clear,Express Lane
TRF-108480,2025-12-20 08:00:00,106,car,38.9,616.0,foggy,Express Lane
TRF-108481,2025-12-20 09:00:00,104,bus,65.3,408.0,rainy,Lane 3
TRF-108482,2025-12-20 10:00:00,103,truck,47.2,324.0,snowy,Lane 1
TRF-108483,2025-12-20 11:00:00,108,truck,58.7,469.0,foggy,Lane 2
TRF-108484,2025-12-20 12:00:00,101,bus,44.6,423.0,clear,Express Lane
TRF-108485,2025-12-20 13:00:00,107,bus,76.1,766.0,rainy,Express Lane
TRF-108486,2025-12-20 14:00:00,106,van,68.9,903.0,cloudy,Lane 2
TRF-108487,2025-12-20 15:00:00,102,bike,53.4,733.0,clear,Lane 1
TRF-108488,2025-12-20 16:00:00,103,bus,78.1,128.0,snowy,Lane 1
TRF-108489,2025-12-20 17:00:00,104,motorcycle,53.6,912.0,cloudy,Express Lane
TRF-108490,2025-12-20 18:00:00,106,bus,49.2,441.0,rainy,Express Lane
TRF-108491,2025-12-20 19:00:00,101,car,74.5,443.0,foggy,Lane 2
TRF-108492,2025-12-20 20:00:00,107,bus,22.8,343.0,snowy,Lane 3
TRF-108493,2025-12-20 21:00:00,105,bus,51.0,355.0,snowy,Lane 3
TRF-108494,2025-12-20 22:00:00,107,bike,54.4,158.0,clear,Lane 1
TRF-108495,2025-12-20 23:00:00,102,truck,44.0,452.0,clear,Express Lane
TRF-108496,2025-12-21 00:00:00,104,car,34.6,680.0,clear,Express Lane
TRF-108497,2025-12-21 01:00:00,103,van,46.7,259.0,snowy,Lane 3
TRF-108498,2025-12-21 02:00:00,107,bus,20.8,706.0,rainy,Express Lane
TRF-108499,2025-12-21 03:00:00,101,bike,76.0,745.0,foggy,Lane 3
TRF-108500,2025-12-21 04:00:00,102,car,76.9,560.0,foggy,Lane 1
TRF-108501,2025-12-21 05:00:00,101,car,49.3,367.0,foggy,Lane 3
TRF-108502,2025-12-21 06:00:00,106,car,42.4,275.0,rainy,Lane 2
TRF-108503,2025-12-21 07:00:00,105,bus,21.4,587.0,clear,Lane 1
TRF-108504,2025-12-21 08:00:00,103,bus,36.2,233.0,rainy,Lane 2
TRF-108505,2025-12-21 09:00:00,101,bus,74.7,934.0,clear,Express Lane
TRF-108506,2025-12-21 10:00:00,104,car,48.1,703.0,cloudy,Lane 3
TRF-108507,2025-12-21 11:00:00,106,car,38.8,765.0,rainy,Lane 2
TRF-108508,2025-12-21 12:00:00,106,bike,48.8,313.0,clear,Express Lane
TRF-108509,2025-12-21 13:00:00,103,van,38.3,247.0,rainy,Lane 2
TRF-108510,2025-12-21 14:00:00,106,truck,19.6,602.0,cloudy,Lane 2
TRF-108511,2025-12-21 15:00:00,104,truck,42.5,211.0,clear,Lane 2
TRF-108512,2025-12-21 16:00:00,101,van,29.2,1003.0,clear,Lane 2
TRF-108513,2025-12-21 17:00:00,103,truck,55.7,970.0,clear,Lane 1
TRF-108514,2025-12-21 18:00:00,108,bike,64.7,237.0,foggy,Lane 1
TRF-108515,2025-12-21 19:00:00,106,truck,35.2,452.0,foggy,Lane 2
TRF-108516,2025-12-21 20:00:00,106,bike,51.5,168.0,clear,Express Lane
TRF-108517,2025-12-21 21:00:00,104,bus,47.7,232.0,cloudy,Lane 2
TRF-108518,2025-12-21 22:00:00,105,car,34.7,283.0,rainy,Lane 3
TRF-108519,2025-12-21 23:00:00,105,car,7.0,598.0,snowy,Lane 1
TRF-108520,2025-12-22 00:00:00,107,car,29.6,455.0,clear,Lane 1
TRF-108521,2025-12-22 01:00:00,106,bike,34.0,963.0,rainy,Lane 3
TRF-108522,2025-12-22 02:00:00,108,bike,50.6,998.0,clear,Lane 3
TRF-108523,2025-12-22 03:00:00,101,truck,52.4,791.0,cloudy,Lane 1
TRF-108524,2025-12-22 04:00:00,103,car,70.3,598.0,clear,Lane 3
TRF-108525,2025-12-22 05:00:00,106,truck,29.4,608.0,foggy,Lane 1
TRF-108526,2025-12-22 06:00:00,102,bike,33.2,260.0,clear,Express Lane
TRF-108527,2025-12-22 07:00:00,103,bus,36.4,1024.0,rainy,Express Lane
TRF-108528,2025-12-22 08:00:00,107,bus,44.6,315.0,snowy,Lane 2
TRF-108529,2025-12-22 09:00:00,105,bike,52.0,951.0,foggy,Lane 1
TRF-108530,2025-12-22 10:00:00,108,car,55.7,83.0,foggy,Lane 3
TRF-108531,2025-12-22 11:00:00,106,car,14.1,819.0,clear,Lane 1
TRF-108532,2025-12-22 12:00:00,104,car,69.5,607.0,clear,Lane 2
TRF-108533,2025-12-22 13:00:00,102,bus,56.5,418.0,foggy,Lane 2
TRF-108534,2025-12-22 14:00:00,106,car,63.9,1066.0,clear,Lane 1
TRF-108535,2025-12-22 15:00:00,108,truck,5.0,372.0,snowy,Lane 2
TRF-108536,2025-12-22 16:00:00,107,bike,63.0,368.0,clear,Lane 2
TRF-108537,2025-12-22 17:00:00,101,bus,30.1,53.0,clear,Lane 1
TRF-108538,2025-12-22 18:00:00,102,bike,39.9,1088.0,clear,Lane 2
TRF-108539,2025-12-22 19:00:00,107,car,73.8,615.0,cloudy,Express Lane
TRF-108540,2025-12-22 20:00:00,106,motorcycle,59.8,451.0,clear,Lane 1
TRF-108541,2025-12-22 21:00:00,101,bike,35.8,1072.0,clear,Lane 2
TRF-108542,2025-12-22 22:00:00,102,van,62.3,407.0,snowy,Lane 3
TRF-108543,2025-12-22 23:00:00,101,truck,54.5,157.0,foggy,Lane 1
TRF-108544,2025-12-23 00:00:00,101,car,40.7,462.0,rainy,Express Lane
TRF-108545,2025-12-23 01:00:00,102,car,56.6,806.0,rainy,Lane 3
TRF-108546,2025-12-23 02:00:00,102,truck,41.2,843.0,clear,Lane 3
TRF-108547,2025-12-23 03:00:00,101,truck,55.0,544.0,foggy,Express Lane
TRF-108548,2025-12-23 04:00:00,107,bike,47.9,531.0,clear,Lane 3
TRF-108549,2025-12-23 05:00:00,108,car,57.1,1018.0,snowy,Express Lane
TRF-108550,2025-12-23 06:00:00,105,motorcycle,82.6,446.0,snowy,Express Lane
TRF-108551,2025-12-23 07:00:00,102,car,65.0,129.0,clear,Lane 2
TRF-108552,2025-12-23 08:00:00,106,car,66.0,908.0,foggy,Lane 1
TRF-108553,2025-12-23 09:00:00,103,truck,38.5,457.0,cloudy,Lane 1
TRF-108554,2025-12-23 10:00:00,104,bus,20.7,707.0,snowy,Lane 3
TRF-108555,2025-12-23 11:00:00,101,bus,44.6,178.0,clear,Lane 3
TRF-108556,2025-12-23 12:00:00,101,bus,39.2,704.0,clear,Lane 2
TRF-108557,2025-12-23 13:00:00,104,car,58.8,480.0,clear,Lane 1
TRF-108558,2025-12-23 14:00:00,105,bike,44.4,563.0,snowy,Lane 1
TRF-108559,2025-12-23 15:00:00,104,van,71.9,561.0,cloudy,Lane 2
TRF-108560,2025-12-23 16:00:00,102,bike,16.7,897.0,clear,Express Lane
TRF-108561,2025-12-23 17:00:00,104,car,43.0,752.0,clear,Express Lane
TRF-108562,2025-12-23 18:00:00,101,car,54.7,893.0,clear,Lane 1
TRF-108563,2025-12-23 19:00:00,104,car,30.4,848.0,foggy,Lane 3
TRF-108564,2025-12-23 20:00:00,103,bus,64.3,275.0,foggy,Lane 3
TRF-108565,2025-12-23 21:00:00,106,car,63.7,183.0,clear,Lane 1
TRF-108566,2025-12-23 22:00:00,102,car,40.2,275.0,rainy,Lane 3
TRF-108567,2025-12-23 23:00:00,104,bus,95.7,844.0,rainy,Lane 1
TRF-108568,2025-12-24 00:00:00,101,truck,27.9,1096.0,clear,Lane 1
TRF-108569,2025-12-24 01:00:00,107,truck,23.8,422.0,clear,Lane 2
TRF-108570,2025-12-24 02:00:00,106,bus,39.5,192.0,cloudy,Lane 2
TRF-108571,2025-12-24 03:00:00,102,car,51.4,495.0,clear,Lane 1
TRF-108572,2025-12-24 04:00:00,101,bike,19.0,541.0,foggy,Lane 3
TRF-108573,2025-12-24 05:00:00,105,bus,59.1,877.0,clear,Lane 2
TRF-108574,2025-12-24 06:00:00,103,truck,92.3,544.0,rainy,Lane 3
TRF-108575,2025-12-24 07:00:00,108,bike,22.9,175.0,rainy,Lane 1
TRF-108576,2025-12-24 08:00:00,105,bike,51.5,325.0,clear,Lane 3
TRF-108577,2025-12-24 09:00:00,108,truck,65.2,836.0,cloudy,Lane 1
TRF-108578,2025-12-24 10:00:00,103,motorcycle,61.8,343.0,clear,Lane 3
TRF-108579,2025-12-24 11:00:00,104,bus,86.9,598.0,clear,Lane 1
TRF-108580,2025-12-24 12:00:00,102,car,39.6,309.0,foggy,Lane 2
TRF-108581,2025-12-24 13:00:00,104,truck,83.7,506.0,foggy,Lane 2
TRF-108582,2025-12-24 14:00:00,103,car,46.9,563.0,clear,Lane 3
TRF-108583,2025-12-24 15:00:00,103,bus,38.8,503.0,clear,Express Lane
TRF-108584,2025-12-24 16:00:00,103,van,81.8,241.0,foggy,Lane 3
TRF-108585,2025-12-24 17:00:00,108,bike,41.4,757.0,snowy,Express Lane
TRF-108586,2025-12-24 18:00:00,106,van,67.3,617.0,rainy,Lane 2
TRF-108587,2025-12-24 19:00:00,101,car,39.1,509.0,clear,Express Lane
TRF-108588,2025-12-24 20:00:00,102,bike,25.1,90.0,rainy,Lane 2
TRF-108589,2025-12-24 21:00:00,104,car,25.1,801.0,cloudy,Lane 1
TRF-108590,2025-12-24 22:00:00,104,truck,60.7,617.0,clear,Lane 2
TRF-108591,2025-12-24 23:00:00,105,bus,28.8,238.0,snowy,Lane 1
TRF-108592,2025-12-25 00:00:00,108,truck,44.2,66.0,clear,Lane 2
TRF-108593,2025-12-25 01:00:00,103,motorcycle,36.3,634.0,snowy,Express Lane
TRF-108594,2025-12-25 02:00:00,107,truck,32.2,441.0,rainy,Lane 1
TRF-108595,2025-12-25 03:00:00,103,car,34.4,677.0,clear,Express Lane
TRF-108596,2025-12-25 04:00:00,103,bike,51.7,764.0,cloudy,Lane 1
TRF-108597,2025-12-25 05:00:00,107,car,5.0,941.0,cloudy,Lane 1
TRF-108598,2025-12-25 06:00:00,104,truck,63.2,536.0,clear,Lane 3
TRF-108599,2025-12-25 07:00:00,105,truck,24.7,859.0,clear,Express Lane
TRF-108600,2025-12-25 08:00:00,101,van,27.0,1002.0,cloudy,Lane 1
TRF-108601,2025-12-25 09:00:00,107,bus,22.0,479.0,clear,Lane 2
TRF-108602,2025-12-25 10:00:00,108,car,52.8,149.0,rainy,Lane 2
TRF-108603,2025-12-25 11:00:00,106,car,74.4,663.0,snowy,Lane 2
TRF-108604,2025-12-25 12:00:00,102,bike,45.6,241.0,clear,Lane 1
TRF-108605,2025-12-25 13:00:00,108,van,55.9,313.0,clear,Lane 3
TRF-108606,2025-12-25 14:00:00,107,van,57.7,306.0,clear,Lane 1
TRF-108607,2025-12-25 15:00:00,101,car,61.3,1094.0,clear,Lane 3
TRF-108608,2025-12-25 16:00:00,104,car,29.9,998.0,clear,Lane 3
TRF-108609,2025-12-25 17:00:00,106,motorcycle,76.7,935.0,rainy,Lane 2
TRF-108610,2025-12-25 18:00:00,106,van,42.0,572.0,clear,Lane 2
TRF-108611,2025-12-25 19:00:00,106,car,53.1,490.0,snowy,Lane 2
TRF-108612,2025-12-25 20:00:00,103,bike,45.3,482.0,snowy,Lane 1
TRF-108613,2025-12-25 21:00:00,102,van,40.0,389.0,clear,Lane 2
TRF-108614,2025-12-25 22:00:00,104,van,64.9,963.0,rainy,Lane 2
TRF-108615,2025-12-25 23:00:00,104,car,59.4,1096.0,foggy,Express Lane
TRF-108616,2025-12-26 00:00:00,106,car,8.6,675.0,foggy,Lane 1
TRF-108617,2025-12-26 01:00:00,104,car,55.5,698.0,foggy,Lane 1
TRF-108618,2025-12-26 02:00:00,102,bike,85.8,235.0,rainy,Lane 3
TRF-108619,2025-12-26 03:00:00,102,truck,51.3,118.0,clear,Lane 3
TRF-108620,2025-12-26 04:00:00,105,bus,38.8,965.0,foggy,Lane 1
TRF-108621,2025-12-26 05:00:00,107,bike,41.1,1090.0,foggy,Lane 1
TRF-108622,2025-12-26 06:00:00,107,truck,37.9,403.0,clear,Lane 3
TRF-108623,2025-12-26 07:00:00,105,car,27.3,421.0,rainy,Lane 2
TRF-108624,2025-12-26 08:00:00,101,van,44.7,740.0,rainy,Express Lane
TRF-108625,2025-12-26 09:00:00,107,bike,44.6,1023.0,clear,Lane 3
TRF-108626,2025-12-26 10:00:00,102,truck,58.8,84.0,clear,Lane 2
TRF-108627,2025-12-26 11:00:00,102,bus,38.6,973.0,foggy,Lane 3
TRF-108628,2025-12-26 12:00:00,107,truck,84.2,784.0,clear,Express Lane
TRF-108629,2025-12-26 13:00:00,102,bike,31.1,615.0,clear,Lane 2
TRF-108630,2025-12-26 14:00:00,105,car,50.7,343.0,clear,Lane 3
TRF-108631,2025-12-26 15:00:00,106,car,34.5,45.0,rainy,Lane 2
TRF-108632,2025-12-26 16:00:00,106,van,38.3,58.0,rainy,Lane 3
TRF-108633,2025-12-26 17:00:00,104,motorcycle,43.0,805.0,clear,Lane 1
TRF-108634,2025-12-26 18:00:00,108,bus,51.7,385.0,clear,Express Lane
TRF-108635,2025-12-26 19:00:00,108,motorcycle,62.5,724.0,foggy,Lane 3
TRF-108636,2025-12-26 20:00:00,106,bike,39.6,593.0,clear,Express Lane
TRF-108637,2025-12-26 21:00:00,103,truck,21.1,540.0,foggy,Lane 1
TRF-108638,2025-12-26 22:00:00,105,truck,72.7,376.0,foggy,Express Lane
TRF-108639,2025-12-26 23:00:00,102,bike,30.4,874.0,cloudy,Express Lane
TRF-108640,2025-12-27 00:00:00,107,motorcycle,43.6,951.0,clear,Express Lane
TRF-108641,2025-12-27 01:00:00,106,bike,49.0,54.0,clear,Lane 3
TRF-108642,2025-12-27 02:00:00,105,truck,46.2,121.0,foggy,Lane 1
TRF-108643,2025-12-27 03:00:00,106,bike,22.6,358.0,clear,Lane 3
TRF-108644,2025-12-27 04:00:00,101,truck,63.5,1001.0,clear,Lane 3
TRF-108645,2025-12-27 05:00:00,102,bike,5.0,631.0,foggy,Lane 1
TRF-108646,2025-12-27 06:00:00,101,bus,65.6,371.0,clear,Lane 1
TRF-108647,2025-12-27 07:00:00,102,bus,68.8,926.0,foggy,Lane 1
TRF-108648,2025-12-27 08:00:00,105,van,64.3,425.0,snowy,Lane 2
TRF-108649,2025-12-27 09:00:00,104,bike,42.5,571.0,foggy,Lane 3
TRF-108650,2025-12-27 10:00:00,106,motorcycle,50.3,555.0,cloudy,Express Lane
TRF-108651,2025-12-27 11:00:00,106,bus,36.0,438.0,rainy,Lane 2
TRF-108652,2025-12-27 12:00:00,103,bus,49.2,912.0,clear,Lane 2
TRF-108653,2025-12-27 13:00:00,107,motorcycle,59.3,100.0,rainy,Lane 2
TRF-108654,2025-12-27 14:00:00,101,car,28.3,574.0,foggy,Lane 2
TRF-108655,2025-12-27 15:00:00,106,car,45.6,848.0,clear,Lane 1
TRF-108656,2025-12-27 16:00:00,105,bike,39.4,631.0,snowy,Lane 1
TRF-108657,2025-12-27 17:00:00,104,bike,69.1,914.0,foggy,Express Lane
TRF-108658,2025-12-27 18:00:00,107,bike,31.1,876.0,cloudy,Lane 2
TRF-108659,2025-12-27 19:00:00,105,truck,59.3,816.0,snowy,Lane 2
TRF-108660,2025-12-27 20:00:00,101,bike,47.9,981.0,clear,Lane 1
TRF-108661,2025-12-27 21:00:00,103,bike,45.8,30.0,clear,Lane 1
TRF-108662,2025-12-27 22:00:00,106,bus,59.8,578.0,rainy,Lane 2
TRF-108663,2025-12-27 23:00:00,105,bus,41.1,997.0,foggy,Lane 2
TRF-108664,2025-12-28 00:00:00,107,car,49.9,620.0,clear,Lane 1
TRF-108665,2025-12-28 01:00:00,102,car,68.0,163.0,foggy,Lane 1
TRF-108666,2025-12-28 02:00:00,104,truck,34.0,898.0,rainy,Lane 3
TRF-108667,2025-12-28 03:00:00,107,motorcycle,52.9,1075.0,foggy,Lane 3
TRF-108668,2025-12-28 04:00:00,105,bus,63.9,759.0,foggy,Express Lane
TRF-108669,2025-12-28 05:00:00,104,bus,56.4,550.0,clear,Lane 3
TRF-108670,2025-12-28 06:00:00,106,truck,71.1,938.0,cloudy,Express Lane
TRF-108671,2025-12-28 07:00:00,102,bus,45.8,825.0,clear,Express Lane
TRF-108672,2025-12-28 08:00:00,103,bus,60.1,530.0,cloudy,Lane 3
TRF-108673,2025-12-28 09:00:00,107,truck,47.9,280.0,foggy,Lane 2
TRF-108674,2025-12-28 10:00:00,103,bus,17.6,934.0,clear,Lane 1
TRF-108675,2025-12-28 11:00:00,102,truck,40.7,37.0,clear,Express Lane
TRF-108676,2025-12-28 12:00:00,104,bus,54.8,137.0,cloudy,Lane 2
TRF-108677,2025-12-28 13:00:00,106,truck,64.6,846.0,foggy,Lane 3
TRF-108678,2025-12-28 14:00:00,105,bus,52.4,560.0,clear,Lane 3
TRF-108679,2025-12-28 15:00:00,102,truck,73.1,415.0,clear,Lane 2
TRF-108680,2025-12-28 16:00:00,101,bus,38.4,212.0,snowy,Express Lane
TRF-108681,2025-12-28 17:00:00,104,bus,25.8,951.0,rainy,Express Lane
TRF-108682,2025-12-28 18:00:00,103,car,62.3,1044.0,clear,Lane 2
TRF-108683,2025-12-28 19:00:00,107,car,46.0,1065.0,rainy,Express Lane
TRF-108684,2025-12-28 20:00:00,102,bus,32.9,227.0,rainy,Lane 1
TRF-108685,2025-12-28 21:00:00,103,car,78.8,66.0,foggy,Lane 3
TRF-108686,2025-12-28 22:00:00,104,motorcycle,61.4,922.0,cloudy,Lane 3
TRF-108687,2025-12-28 23:00:00,103,motorcycle,59.7,450.0,clear,Express Lane
TRF-108688,2025-12-29 00:00:00,102,truck,76.7,1061.0,foggy,Lane 2
TRF-108689,2025-12-29 01:00:00,104,car,41.0,194.0,clear,Lane 1
TRF-108690,2025-12-29 02:00:00,101,truck,73.4,149.0,rainy,Express Lane
TRF-108691,2025-12-29 03:00:00,102,car,55.5,773.0,clear,Lane 2
TRF-108692,2025-12-29 04:00:00,105,motorcycle,37.4,401.0,clear,Express Lane
TRF-108693,2025-12-29 05:00:00,108,truck,47.9,262.0,clear,Lane 2
TRF-108694,2025-12-29 06:00:00,106,bike,51.4,316.0,cloudy,Lane 2
TRF-108695,2025-12-29 07:00:00,102,truck,68.0,767.0,foggy,Lane 3
TRF-108696,2025-12-29 08:00:00,104,truck,23.7,481.0,clear,Lane 1
TRF-108697,2025-12-29 09:00:00,107,car,16.5,686.0,clear,Lane 2
TRF-108698,2025-12-29 10:00:00,106,motorcycle,33.8,1092.0,foggy,Express Lane
TRF-108699,2025-12-29 11:00:00,102,truck,46.8,994.0,clear,Express Lane
TRF-108700,2025-12-29 12:00:00,101,bike,60.9,401.0,cloudy,Lane 2
TRF-108701,2025-12-29 13:00:00,107,bus,39.8,578.0,foggy,Lane 1
TRF-108702,2025-12-29 14:00:00,101,motorcycle,55.5,1032.0,clear,Lane 3
TRF-108703,2025-12-29 15:00:00,105,motorcycle,76.9,505.0,snowy,Lane 2
TRF-108704,2025-12-29 16:00:00,107,van,17.4,240.0,rainy,Express Lane
TRF-108705,2025-12-29 17:00:00,103,bike,45.6,434.0,snowy,Express Lane
TRF-108706,2025-12-29 18:00:00,108,truck,91.6,633.0,rainy,Lane 2
TRF-108707,2025-12-29 19:00:00,107,motorcycle,35.2,641.0,clear,Lane 3
TRF-108708,2025-12-29 20:00:00,106,car,33.3,610.0,clear,Express Lane
TRF-108709,2025-12-29 21:00:00,107,car,57.4,54.0,clear,Lane 3
TRF-108710,2025-12-29 22:00:00,104,car,38.5,656.0,rainy,Express Lane
TRF-108711,2025-12-29 23:00:00,108,bus,67.4,370.0,clear,Lane 3
TRF-108712,2025-12-30 00:00:00,104,car,92.6,241.0,snowy,Lane 2
TRF-108713,2025-12-30 01:00:00,103,motorcycle,49.3,943.0,clear,Lane 3
TRF-108714,2025-12-30 02:00:00,107,motorcycle,97.3,617.0,snowy,Lane 2
TRF-108715,2025-12-30 03:00:00,101,bike,39.8,325.0,clear,Lane 3
TRF-108716,2025-12-30 04:00:00,101,bike,45.0,1039.0,rainy,Lane 2
TRF-108717,2025-12-30 05:00:00,102,motorcycle,30.7,456.0,clear,Express Lane
TRF-108718,2025-12-30 06:00:00,105,bus,39.9,995.0,foggy,Lane 3
TRF-108719,2025-12-30 07:00:00,106,bus,43.7,942.0,cloudy,Lane 2
TRF-108720,2025-12-30 08:00:00,108,car,55.5,84.0,clear,Lane 1
TRF-108721,2025-12-30 09:00:00,105,truck,25.6,794.0,snowy,Express Lane
TRF-108722,2025-12-30 10:00:00,107,bike,38.7,910.0,foggy,Lane 3
TRF-108723,2025-12-30 11:00:00,105,truck,39.1,866.0,rainy,Lane 3
TRF-108724,2025-12-30 12:00:00,102,car,64.1,591.0,clear,Lane 1
TRF-108725,2025-12-30 13:00:00,105,car,50.1,754.0,clear,Lane 2
TRF-108726,2025-12-30 14:00:00,108,truck,50.1,33.0,foggy,Lane 1
TRF-108727,2025-12-30 15:00:00,103,motorcycle,49.5,393.0,foggy,Lane 1
TRF-108728,2025-12-30 16:00:00,102,van,16.6,782.0,snowy,Lane 2
TRF-108729,2025-12-30 17:00:00,103,car,76.9,1052.0,foggy,Lane 3
TRF-108730,2025-12-30 18:00:00,107,bus,31.4,455.0,foggy,Lane 3
TRF-108731,2025-12-30 19:00:00,102,van,64.0,428.0,clear,Lane 3
TRF-108732,2025-12-30 20:00:00,107,bike,43.9,983.0,foggy,Lane 1
TRF-108733,2025-12-30 21:00:00,107,car,37.0,333.0,clear,Lane 2
TRF-108734,2025-12-30 22:00:00,105,car,66.8,869.0,clear,Lane 3
TRF-108735,2025-12-30 23:00:00,103,car,26.5,133.0,cloudy,Lane 2
TRF-108736,2025-12-31 00:00:00,107,bus,28.0,393.0,clear,Lane 1
TRF-108737,2025-12-31 01:00:00,103,car,50.8,596.0,rainy,Lane 3
TRF-108738,2025-12-31 02:00:00,103,bike,51.4,829.0,cloudy,Express Lane
TRF-108739,2025-12-31 03:00:00,102,truck,62.8,705.0,clear,Lane 1
TRF-108740,2025-12-31 04:00:00,104,car,60.9,397.0,clear,Lane 2
TRF-108741,2025-12-31 05:00:00,105,van,46.8,754.0,foggy,Express Lane
TRF-108742,2025-12-31 06:00:00,107,bike,47.9,744.0,clear,Express Lane
TRF-108743,2025-12-31 07:00:00,103,bike,45.4,854.0,clear,Express Lane
TRF-108744,2025-12-31 08:00:00,106,bus,73.5,121.0,clear,Lane 3
TRF-108745,2025-12-31 09:00:00,104,bike,30.3,653.0,foggy,Lane 3
TRF-108746,2025-12-31 10:00:00,107,car,48.6,198.0,snowy,Lane 3
TRF-108747,2025-12-31 11:00:00,106,bus,61.9,416.0,cloudy,Express Lane
TRF-108748,2025-12-31 12:00:00,105,car,68.0,130.0,clear,Lane 3
TRF-108749,2025-12-31 13:00:00,105,car,36.0,1038.0,clear,Express Lane
TRF-108750,2025-12-31 14:00:00,103,bike,30.5,222.0,rainy,Lane 1
TRF-108751,2025-12-31 15:00:00,103,bike,25.7,899.0,clear,Lane 1
TRF-108752,2025-12-31 16:00:00,108,car,41.8,748.0,foggy,Lane 2
TRF-108753,2025-12-31 17:00:00,108,truck,52.6,992.0,cloudy,Lane 3
TRF-108754,2025-12-31 18:00:00,107,truck,39.5,1004.0,clear,Express Lane
TRF-108755,2025-12-31 19:00:00,102,bus,60.6,257.0,rainy,Express Lane
TRF-108756,2025-12-31 20:00:00,104,bike,46.8,390.0,clear,Lane 2
TRF-108757,2025-12-31 21:00:00,107,car,59.0,72.0,rainy,Lane 1
TRF-108758,2025-12-31 22:00:00,104,motorcycle,50.6,210.0,snowy,Lane 2
TRF-108759,2025-12-31 23:00:00,103,truck,17.7,540.0,rainy,Express Lane
TRF-108760,2026-01-01 00:00:00,105,car,27.3,491.0,foggy,Express Lane
TRF-108761,2026-01-01 01:00:00,103,bus,68.8,315.0,cloudy,Lane 1
TRF-108762,2026-01-01 02:00:00,105,car,31.1,1090.0,rainy,Lane 3
TRF-108763,2026-01-01 03:00:00,108,car,63.3,962.0,clear,Lane 2
TRF-108764,2026-01-01 04:00:00,107,car,50.3,286.0,clear,Lane 3
TRF-108765,2026-01-01 05:00:00,108,van,30.3,551.0,clear,Lane 1
TRF-108766,2026-01-01 06:00:00,105,truck,61.5,779.0,clear,Lane 2
TRF-108767,2026-01-01 07:00:00,103,bike,39.4,1079.0,foggy,Lane 2
TRF-108768,2026-01-01 08:00:00,108,bike,50.7,686.0,rainy,Lane 3
TRF-108769,2026-01-01 09:00:00,101,bike,44.2,349.0,rainy,Express Lane
TRF-108770,2026-01-01 10:00:00,104,van,5.0,763.0,snowy,Lane 3
TRF-108771,2026-01-01 11:00:00,106,bus,60.1,440.0,clear,Lane 3
TRF-108772,2026-01-01 12:00:00,105,truck,61.8,488.0,clear,Express Lane
TRF-108773,2026-01-01 13:00:00,105,bike,39.1,368.0,rainy,Lane 2
TRF-108774,2026-01-01 14:00:00,101,motorcycle,59.6,257.0,rainy,Express Lane
TRF-108775,2026-01-01 15:00:00,107,bike,32.3,560.0,clear,Express Lane
TRF-108776,2026-01-01 16:00:00,107,truck,32.7,463.0,clear,Lane 1
TRF-108777,2026-01-01 17:00:00,107,car,52.3,887.0,foggy,Lane 3
TRF-108778,2026-01-01 18:00:00,106,van,35.5,478.0,clear,Lane 3
TRF-108779,2026-01-01 19:00:00,102,truck,45.7,536.0,clear,Lane 1
TRF-108780,2026-01-01 20:00:00,101,bus,31.1,91.0,rainy,Express Lane
TRF-108781,2026-01-01 21:00:00,106,truck,24.9,216.0,clear,Lane 2
TRF-108782,2026-01-01 22:00:00,108,truck,51.7,921.0,foggy,Lane 2
TRF-108783,2026-01-01 23:00:00,101,truck,51.9,880.0,foggy,Lane 1
TRF-108784,2026-01-02 00:00:00,105,van,48.3,637.0,clear,Express Lane
TRF-108785,2026-01-02 01:00:00,104,bike,42.8,283.0,clear,Lane 3
TRF-108786,2026-01-02 02:00:00,101,truck,35.3,608.0,clear,Express Lane
TRF-108787,2026-01-02 03:00:00,102,car,28.5,343.0,clear,Lane 2
TRF-108788,2026-01-02 04:00:00,103,motorcycle,27.8,1035.0,cloudy,Lane 3
TRF-108789,2026-01-02 05:00:00,108,van,37.1,460.0,clear,Express Lane
TRF-108790,2026-01-02 06:00:00,106,car,66.4,251.0,clear,Lane 3
TRF-108791,2026-01-02 07:00:00,108,bike,52.2,347.0,foggy,Lane 1
TRF-108792,2026-01-02 08:00:00,108,van,54.5,789.0,clear,Express Lane
TRF-108793,2026-01-02 09:00:00,101,car,25.4,795.0,clear,Express Lane
TRF-108794,2026-01-02 10:00:00,101,truck,51.3,756.0,rainy,Lane 2
TRF-108795,2026-01-02 11:00:00,102,bus,54.1,101.0,clear,Lane 1
TRF-108796,2026-01-02 12:00:00,104,van,76.5,1019.0,clear,Lane 2
TRF-108797,2026-01-02 13:00:00,101,bike,47.7,485.0,foggy,Lane 3
TRF-108798,2026-01-02 14:00:00,101,bike,40.9,639.0,clear,Express Lane
TRF-108799,2026-01-02 15:00:00,104,car,34.2,626.0,foggy,Lane 3
TRF-108800,2026-01-02 16:00:00,102,van,49.1,866.0,rainy,Lane 2
TRF-108801,2026-01-02 17:00:00,106,bus,44.5,968.0,cloudy,Express Lane
TRF-108802,2026-01-02 18:00:00,108,bus,68.2,919.0,rainy,Lane 2
TRF-108803,2026-01-02 19:00:00,106,truck,47.9,814.0,clear,Lane 3
TRF-108804,2026-01-02 20:00:00,101,bus,30.1,547.0,snowy,Lane 3
TRF-108805,2026-01-02 21:00:00,104,car,47.6,872.0,clear,Lane 1
TRF-108806,2026-01-02 22:00:00,101,car,92.1,67.0,clear,Lane 3
TRF-108807,2026-01-02 23:00:00,107,bike,21.6,348.0,rainy,Express Lane
TRF-108808,2026-01-03 00:00:00,103,truck,44.6,669.0,foggy,Lane 3
TRF-108809,2026-01-03 01:00:00,106,car,61.5,169.0,snowy,Lane 2
TRF-108810,2026-01-03 02:00:00,107,motorcycle,43.7,947.0,clear,Express Lane
TRF-108811,2026-01-03 03:00:00,105,motorcycle,42.2,456.0,snowy,Express Lane
TRF-108812,2026-01-03 04:00:00,103,bus,39.5,884.0,cloudy,Lane 1
TRF-108813,2026-01-03 05:00:00,101,motorcycle,28.9,244.0,clear,Lane 1
TRF-108814,2026-01-03 06:00:00,102,bus,45.0,674.0,clear,Lane 2
TRF-108815,2026-01-03 07:00:00,106,truck,66.5,570.0,clear,Express Lane
TRF-108816,2026-01-03 08:00:00,105,car,25.1,905.0,rainy,Lane 2
TRF-108817,2026-01-03 09:00:00,103,car,52.8,418.0,foggy,Lane 1
TRF-108818,2026-01-03 10:00:00,106,motorcycle,67.4,181.0,snowy,Lane 2
TRF-108819,2026-01-03 11:00:00,104,motorcycle,47.6,776.0,cloudy,Lane 2
TRF-108820,2026-01-03 12:00:00,102,bus,40.4,162.0,clear,Lane 1
TRF-108821,2026-01-03 13:00:00,103,bike,60.1,771.0,clear,Express Lane
TRF-108822,2026-01-03 14:00:00,104,car,31.8,1088.0,snowy,Lane 2
TRF-108823,2026-01-03 15:00:00,107,bike,55.6,621.0,rainy,Lane 2
TRF-108824,2026-01-03 16:00:00,101,truck,45.0,896.0,clear,Express Lane
TRF-108825,2026-01-03 17:00:00,104,truck,49.1,783.0,cloudy,Lane 1
TRF-108826,2026-01-03 18:00:00,103,truck,78.2,373.0,rainy,Express Lane
TRF-108827,2026-01-03 19:00:00,108,truck,68.8,513.0,clear,Lane 1
TRF-108828,2026-01-03 20:00:00,103,truck,74.7,417.0,clear,Lane 2
TRF-108829,2026-01-03 21:00:00,108,van,33.3,574.0,clear,Express Lane
TRF-108830,2026-01-03 22:00:00,107,bike,29.6,888.0,clear,Lane 3
TRF-108831,2026-01-03 23:00:00,101,car,56.4,947.0,rainy,Lane 3
TRF-108832,2026-01-04 00:00:00,108,car,53.8,728.0,clear,Lane 2
TRF-108833,2026-01-04 01:00:00,108,bike,12.4,1064.0,foggy,Lane 2
TRF-108834,2026-01-04 02:00:00,104,bike,54.1,610.0,rainy,Lane 3
TRF-108835,2026-01-04 03:00:00,104,bus,84.9,160.0,rainy,Express Lane
TRF-108836,2026-01-04 04:00:00,101,car,47.9,395.0,clear,Express Lane
TRF-108837,2026-01-04 05:00:00,104,motorcycle,35.4,450.0,clear,Express Lane
TRF-108838,2026-01-04 06:00:00,106,bike,60.8,453.0,clear,Lane 1
TRF-108839,2026-01-04 07:00:00,101,van,32.0,191.0,clear,Lane 3
TRF-108840,2026-01-04 08:00:00,102,motorcycle,46.3,124.0,foggy,Lane 3
TRF-108841,2026-01-04 09:00:00,108,car,33.2,864.0,rainy,Lane 1
TRF-108842,2026-01-04 10:00:00,103,truck,27.0,250.0,foggy,Lane 2
TRF-108843,2026-01-04 11:00:00,102,bus,63.9,492.0,cloudy,Lane 1
TRF-108844,2026-01-04 12:00:00,108,bike,53.2,960.0,clear,Express Lane
TRF-108845,2026-01-04 13:00:00,106,truck,56.0,710.0,snowy,Lane 2
TRF-108846,2026-01-04 14:00:00,108,car,59.4,686.0,clear,Lane 2
TRF-108847,2026-01-04 15:00:00,108,bus,51.6,315.0,foggy,Lane 3
TRF-108848,2026-01-04 16:00:00,108,truck,29.3,849.0,snowy,Lane 1
TRF-108849,2026-01-04 17:00:00,107,bike,51.8,485.0,clear,Lane 2
TRF-108850,2026-01-04 18:00:00,106,truck,44.1,948.0,clear,Lane 1
TRF-108851,2026-01-04 19:00:00,105,car,44.6,304.0,rainy,Lane 2
TRF-108852,2026-01-04 20:00:00,105,truck,31.0,66.0,foggy,Express Lane
TRF-108853,2026-01-04 21:00:00,105,bike,20.9,472.0,clear,Lane 1
TRF-108854,2026-01-04 22:00:00,101,bus,37.8,904.0,clear,Express Lane
TRF-108855,2026-01-04 23:00:00,104,van,57.8,1089.0,foggy,Lane 1
TRF-108856,2026-01-05 00:00:00,106,bike,46.8,97.0,snowy,Lane 2
TRF-108857,2026-01-05 01:00:00,102,car,80.1,389.0,clear,Lane 1
TRF-108858,2026-01-05 02:00:00,107,car,46.8,746.0,clear,Lane 2
TRF-108859,2026-01-05 03:00:00,102,bike,51.5,977.0,foggy,Lane 2
TRF-108860,2026-01-05 04:00:00,102,bus,48.3,511.0,clear,Lane 1
TRF-108861,2026-01-05 05:00:00,102,car,28.9,318.0,cloudy,Lane 3
TRF-108862,2026-01-05 06:00:00,107,bike,47.6,119.0,clear,Express Lane
TRF-108863,2026-01-05 07:00:00,105,bike,28.8,241.0,rainy,Lane 1
TRF-108864,2026-01-05 08:00:00,102,car,46.8,604.0,clear,Lane 2
TRF-108865,2026-01-05 09:00:00,107,motorcycle,16.3,877.0,rainy,Lane 2
TRF-108866,2026-01-05 10:00:00,107,van,46.7,319.0,clear,Express Lane
TRF-108867,2026-01-05 11:00:00,104,van,50.7,396.0,foggy,Lane 2
TRF-108868,2026-01-05 12:00:00,107,motorcycle,52.0,56.0,foggy,Lane 1
TRF-108869,2026-01-05 13:00:00,105,car,22.2,449.0,cloudy,Lane 3
TRF-108870,2026-01-05 14:00:00,102,car,56.7,929.0,clear,Lane 3
TRF-108871,2026-01-05 15:00:00,107,truck,59.9,834.0,foggy,Express Lane
TRF-108872,2026-01-05 16:00:00,101,car,47.9,641.0,snowy,Lane 2
TRF-108873,2026-01-05 17:00:00,107,car,65.7,501.0,rainy,Express Lane
TRF-108874,2026-01-05 18:00:00,103,bus,51.4,398.0,clear,Express Lane
TRF-108875,2026-01-05 19:00:00,103,bus,46.9,439.0,cloudy,Lane 2
TRF-108876,2026-01-05 20:00:00,103,car,58.2,1078.0,rainy,Lane 3
TRF-108877,2026-01-05 21:00:00,107,bike,77.2,190.0,rainy,Lane 2
TRF-108878,2026-01-05 22:00:00,105,truck,45.5,707.0,foggy,Express Lane
TRF-108879,2026-01-05 23:00:00,102,bike,39.1,42.0,snowy,Lane 2
TRF-108880,2026-01-06 00:00:00,106,car,85.5,117.0,clear,Express Lane
TRF-108881,2026-01-06 01:00:00,106,van,44.9,468.0,snowy,Lane 2
TRF-108882,2026-01-06 02:00:00,106,bus,54.6,450.0,snowy,Lane 2
TRF-108883,2026-01-06 03:00:00,105,truck,44.9,1060.0,clear,Express Lane
TRF-108884,2026-01-06 04:00:00,104,car,47.9,529.0,clear,Lane 3
TRF-108885,2026-01-06 05:00:00,108,car,42.5,275.0,clear,Lane 3
TRF-108886,2026-01-06 06:00:00,101,bike,68.0,375.0,cloudy,Lane 3
TRF-108887,2026-01-06 07:00:00,101,car,33.4,509.0,snowy,Express Lane
TRF-108888,2026-01-06 08:00:00,103,car,71.7,927.0,foggy,Express Lane
TRF-108889,2026-01-06 09:00:00,103,van,61.7,549.0,rainy,Lane 1
TRF-108890,2026-01-06 10:00:00,107,bus,29.9,459.0,snowy,Lane 3
TRF-108891,2026-01-06 11:00:00,106,motorcycle,26.3,199.0,clear,Lane 2
TRF-108892,2026-01-06 12:00:00,107,bike,25.8,148.0,clear,Lane 1
TRF-108893,2026-01-06 13:00:00,108,bike,40.6,787.0,clear,Express Lane
TRF-108894,2026-01-06 14:00:00,106,motorcycle,28.4,92.0,clear,Lane 2
TRF-108895,2026-01-06 15:00:00,103,truck,70.0,138.0,clear,Express Lane
TRF-108896,2026-01-06 16:00:00,102,car,26.7,775.0,snowy,Lane 2
TRF-108897,2026-01-06 17:00:00,104,van,31.9,746.0,foggy,Lane 1
TRF-108898,2026-01-06 18:00:00,107,bus,75.3,446.0,clear,Lane 2
TRF-108899,2026-01-06 19:00:00,104,truck,43.3,921.0,clear,Lane 2
TRF-108900,2026-01-06 20:00:00,104,truck,55.6,739.0,clear,Lane 1
TRF-108901,2026-01-06 21:00:00,104,car,56.4,647.0,clear,Express Lane
TRF-108902,2026-01-06 22:00:00,103,car,21.8,281.0,foggy,Lane 3
TRF-108903,2026-01-06 23:00:00,101,bus,62.5,767.0,clear,Express Lane
TRF-108904,2026-01-07 00:00:00,103,van,59.0,533.0,clear,Express Lane
TRF-108905,2026-01-07 01:00:00,104,bike,59.7,183.0,foggy,Express Lane
TRF-108906,2026-01-07 02:00:00,103,bus,35.8,253.0,snowy,Lane 2
TRF-108907,2026-01-07 03:00:00,104,car,53.2,627.0,clear,Lane 3
TRF-108908,2026-01-07 04:00:00,105,bike,44.9,875.0,clear,Lane 2
TRF-108909,2026-01-07 05:00:00,106,bus,49.7,713.0,snowy,Lane 2
TRF-108910,2026-01-07 06:00:00,101,truck,34.0,189.0,clear,Express Lane
TRF-108911,2026-01-07 07:00:00,105,bus,44.6,201.0,clear,Lane 2
TRF-108912,2026-01-07 08:00:00,102,motorcycle,65.6,1010.0,rainy,Express Lane
TRF-108913,2026-01-07 09:00:00,103,truck,13.3,361.0,rainy,Lane 1
TRF-108914,2026-01-07 10:00:00,102,motorcycle,41.4,95.0,rainy,Lane 3
TRF-108915,2026-01-07 11:00:00,107,bus,59.5,300.0,rainy,Express Lane
TRF-108916,2026-01-07 12:00:00,103,bus,28.4,718.0,clear,Express Lane
TRF-108917,2026-01-07 13:00:00,108,truck,55.2,658.0,rainy,Lane 2
TRF-108918,2026-01-07 14:00:00,108,car,56.4,1031.0,clear,Express Lane
TRF-108919,2026-01-07 15:00:00,106,van,45.2,288.0,cloudy,Lane 3
TRF-108920,2026-01-07 16:00:00,105,truck,53.4,360.0,cloudy,Express Lane
TRF-108921,2026-01-07 17:00:00,106,bike,77.3,812.0,foggy,Lane 2
TRF-108922,2026-01-07 18:00:00,107,bus,35.9,296.0,rainy,Lane 1
TRF-108923,2026-01-07 19:00:00,104,truck,23.0,823.0,snowy,Lane 3
TRF-108924,2026-01-07 20:00:00,106,car,40.4,1060.0,clear,Express Lane
TRF-108925,2026-01-07 21:00:00,106,car,30.1,889.0,clear,Lane 1
TRF-108926,2026-01-07 22:00:00,108,truck,54.9,468.0,snowy,Lane 3
TRF-108927,2026-01-07 23:00:00,104,truck,39.8,580.0,foggy,Lane 3
TRF-108928,2026-01-08 00:00:00,108,motorcycle,59.0,33.0,cloudy,Express Lane
TRF-108929,2026-01-08 01:00:00,103,car,53.2,707.0,rainy,Lane 3
TRF-108930,2026-01-08 02:00:00,104,car,35.7,336.0,rainy,Lane 2
TRF-108931,2026-01-08 03:00:00,105,truck,31.4,491.0,clear,Lane 1
TRF-108932,2026-01-08 04:00:00,106,bus,22.9,146.0,clear,Express Lane
TRF-108933,2026-01-08 05:00:00,108,bike,66.9,592.0,cloudy,Lane 2
TRF-108934,2026-01-08 06:00:00,104,car,57.4,1001.0,foggy,Lane 2
TRF-108935,2026-01-08 07:00:00,107,truck,40.6,1068.0,foggy,Lane 1
TRF-108936,2026-01-08 08:00:00,107,bike,58.9,230.0,foggy,Lane 3
TRF-108937,2026-01-08 09:00:00,106,car,28.1,153.0,clear,Lane 1
TRF-108938,2026-01-08 10:00:00,105,truck,32.3,185.0,clear,Lane 2
TRF-108939,2026-01-08 11:00:00,102,truck,30.5,438.0,rainy,Express Lane
TRF-108940,2026-01-08 12:00:00,108,bus,53.0,495.0,clear,Lane 2
TRF-108941,2026-01-08 13:00:00,105,car,37.1,783.0,rainy,Lane 3
TRF-108942,2026-01-08 14:00:00,101,car,21.8,801.0,clear,Express Lane
TRF-108943,2026-01-08 15:00:00,101,bike,49.6,866.0,clear,Lane 2
TRF-108944,2026-01-08 16:00:00,101,car,58.3,1033.0,clear,Lane 2
TRF-108945,2026-01-08 17:00:00,106,bus,45.6,779.0,clear,Express Lane
TRF-108946,2026-01-08 18:00:00,107,bike,68.5,423.0,cloudy,Express Lane
TRF-108947,2026-01-08 19:00:00,103,truck,62.5,79.0,foggy,Lane 2
TRF-108948,2026-01-08 20:00:00,108,bus,68.1,754.0,snowy,Lane 2
TRF-108949,2026-01-08 21:00:00,107,truck,62.1,173.0,clear,Lane 2
TRF-108950,2026-01-08 22:00:00,103,motorcycle,52.2,195.0,snowy,Express Lane
TRF-108951,2026-01-08 23:00:00,103,bus,25.6,1073.0,snowy,Lane 2
TRF-108952,2026-01-09 00:00:00,107,car,41.8,652.0,foggy,Lane 1
TRF-108953,2026-01-09 01:00:00,108,van,38.8,98.0,foggy,Lane 2
TRF-108954,2026-01-09 02:00:00,106,bike,32.0,483.0,foggy,Lane 3
TRF-108955,2026-01-09 03:00:00,105,truck,37.7,54.0,clear,Express Lane
TRF-108956,2026-01-09 04:00:00,103,truck,21.6,339.0,rainy,Lane 3
TRF-108957,2026-01-09 05:00:00,102,van,63.9,41.0,rainy,Lane 1
TRF-108958,2026-01-09 06:00:00,107,bus,28.9,606.0,snowy,Lane 2
TRF-108959,2026-01-09 07:00:00,107,bike,62.6,723.0,clear,Express Lane
TRF-108960,2026-01-09 08:00:00,101,truck,71.9,263.0,clear,Lane 1
TRF-108961,2026-01-09 09:00:00,105,truck,34.2,864.0,clear,Lane 1
TRF-108962,2026-01-09 10:00:00,101,bus,38.0,946.0,clear,Lane 3
TRF-108963,2026-01-09 11:00:00,107,car,57.0,620.0,snowy,Lane 3
TRF-108964,2026-01-09 12:00:00,107,motorcycle,40.1,878.0,clear,Express Lane
TRF-108965,2026-01-09 13:00:00,103,car,33.6,642.0,clear,Lane 1
TRF-108966,2026-01-09 14:00:00,105,van,55.9,181.0,clear,Lane 2
TRF-108967,2026-01-09 15:00:00,104,car,34.7,245.0,rainy,Lane 3
TRF-108968,2026-01-09 16:00:00,102,bike,86.5,688.0,foggy,Lane 2
TRF-108969,2026-01-09 17:00:00,108,truck,58.1,339.0,foggy,Lane 2
TRF-108970,2026-01-09 18:00:00,103,bike,60.0,178.0,rainy,Express Lane
TRF-108971,2026-01-09 19:00:00,107,van,46.4,366.0,cloudy,Lane 1
TRF-108972,2026-01-09 20:00:00,108,van,81.5,536.0,clear,Lane 1
TRF-108973,2026-01-09 21:00:00,103,truck,34.6,1000.0,clear,Lane 2
TRF-108974,2026-01-09 22:00:00,102,bus,61.7,1035.0,foggy,Express Lane
TRF-108975,2026-01-09 23:00:00,107,bus,23.9,463.0,snowy,Lane 3
TRF-108976,2026-01-10 00:00:00,102,bus,89.3,233.0,snowy,Lane 3
TRF-108977,2026-01-10 01:00:00,108,bus,62.8,493.0,foggy,Lane 3
TRF-108978,2026-01-10 02:00:00,104,car,31.1,1003.0,clear,Lane 3
TRF-108979,2026-01-10 03:00:00,103,bus,57.5,356.0,rainy,Lane 2
TRF-108980,2026-01-10 04:00:00,106,bike,67.1,178.0,clear,Lane 3
TRF-108981,2026-01-10 05:00:00,103,bike,31.9,64.0,snowy,Lane 3
TRF-108982,2026-01-10 06:00:00,101,truck,39.7,30.0,clear,Lane 1
TRF-108983,2026-01-10 07:00:00,105,bike,30.1,497.0,foggy,Lane 3
TRF-108984,2026-01-10 08:00:00,105,bike,56.6,633.0,clear,Lane 1
TRF-108985,2026-01-10 09:00:00,101,car,51.3,495.0,clear,Lane 3
TRF-108986,2026-01-10 10:00:00,107,truck,48.6,480.0,rainy,Lane 1
TRF-108987,2026-01-10 11:00:00,105,car,33.5,632.0,rainy,Lane 2
TRF-108988,2026-01-10 12:00:00,102,truck,44.3,99.0,clear,Lane 3
TRF-108989,2026-01-10 13:00:00,108,car,35.1,286.0,cloudy,Express Lane
TRF-108990,2026-01-10 14:00:00,108,motorcycle,56.7,896.0,snowy,Express Lane
TRF-108991,2026-01-10 15:00:00,105,bus,29.0,1050.0,snowy,Lane 1
TRF-108992,2026-01-10 16:00:00,105,truck,33.6,121.0,foggy,Lane 3
TRF-108993,2026-01-10 17:00:00,101,bus,62.7,623.0,foggy,Lane 2
TRF-108994,2026-01-10 18:00:00,107,truck,40.1,401.0,clear,Lane 2
TRF-108995,2026-01-10 19:00:00,104,bike,79.7,922.0,foggy,Lane 2
TRF-108996,2026-01-10 20:00:00,105,car,51.5,560.0,clear,Lane 2
TRF-108997,2026-01-10 21:00:00,106,bus,15.4,539.0,clear,Lane 3
TRF-108998,2026-01-10 22:00:00,105,bike,24.2,1015.0,clear,Lane 2
TRF-108999,2026-01-10 23:00:00,104,van,37.4,998.0,rainy,Lane 3
TRF-109000,2026-01-11 00:00:00,101,car,61.4,991.0,rainy,Lane 2
TRF-109001,2026-01-11 01:00:00,104,bike,59.5,560.0,cloudy,Express Lane
TRF-109002,2026-01-11 02:00:00,101,truck,39.3,830.0,clear,Lane 3
TRF-109003,2026-01-11 03:00:00,102,bike,70.2,308.0,cloudy,Lane 2
TRF-109004,2026-01-11 04:00:00,101,truck,53.9,803.0,rainy,Lane 2
TRF-109005,2026-01-11 05:00:00,102,truck,42.3,882.0,cloudy,Lane 1
TRF-109006,2026-01-11 06:00:00,102,truck,69.1,460.0,clear,Lane 2
TRF-109007,2026-01-11 07:00:00,101,truck,33.5,471.0,cloudy,Express Lane
TRF-109008,2026-01-11 08:00:00,106,car,58.0,294.0,rainy,Lane 3
TRF-109009,2026-01-11 09:00:00,103,truck,59.8,544.0,snowy,Lane 1
TRF-109010,2026-01-11 10:00:00,101,bus,59.1,474.0,clear,Lane 2
TRF-109011,2026-01-11 11:00:00,105,truck,45.2,252.0,clear,Lane 2
TRF-109012,2026-01-11 12:00:00,106,car,63.7,791.0,foggy,Lane 1
TRF-109013,2026-01-11 13:00:00,106,truck,81.1,221.0,cloudy,Lane 3
TRF-109014,2026-01-11 14:00:00,105,truck,45.2,587.0,snowy,Express Lane
TRF-109015,2026-01-11 15:00:00,103,car,49.2,836.0,rainy,Lane 1
TRF-109016,2026-01-11 16:00:00,106,bus,64.7,298.0,snowy,Lane 1
TRF-109017,2026-01-11 17:00:00,102,bike,43.2,1094.0,clear,Lane 2
TRF-109018,2026-01-11 18:00:00,108,van,42.7,680.0,cloudy,Express Lane
TRF-109019,2026-01-11 19:00:00,103,truck,47.9,70.0,cloudy,Lane 3
TRF-109020,2026-01-11 20:00:00,107,bus,17.0,462.0,foggy,Lane 3
TRF-109021,2026-01-11 21:00:00,105,motorcycle,27.6,560.0,foggy,Express Lane
TRF-109022,2026-01-11 22:00:00,103,truck,63.5,960.0,cloudy,Lane 1
TRF-109023,2026-01-11 23:00:00,101,bus,29.5,352.0,rainy,Express Lane
TRF-109024,2026-01-12 00:00:00,108,car,56.8,929.0,clear,Lane 1
TRF-109025,2026-01-12 01:00:00,103,truck,74.7,893.0,clear,Lane 2
TRF-109026,2026-01-12 02:00:00,102,bus,47.9,910.0,clear,Express Lane
TRF-109027,2026-01-12 03:00:00,108,truck,32.1,369.0,clear,Express Lane
TRF-109028,2026-01-12 04:00:00,101,truck,45.6,449.0,clear,Lane 2
TRF-109029,2026-01-12 05:00:00,104,bus,54.8,597.0,clear,Lane 1
TRF-109030,2026-01-12 06:00:00,105,truck,54.9,772.0,clear,Lane 1
TRF-109031,2026-01-12 07:00:00,108,car,50.1,289.0,clear,Express Lane
TRF-109032,2026-01-12 08:00:00,105,truck,59.4,761.0,clear,Express Lane
TRF-109033,2026-01-12 09:00:00,103,bus,47.9,709.0,foggy,Lane 3
TRF-109034,2026-01-12 10:00:00,106,van,39.4,712.0,clear,Lane 1
TRF-109035,2026-01-12 11:00:00,101,bike,73.3,1040.0,rainy,Lane 2
TRF-109036,2026-01-12 12:00:00,104,motorcycle,53.9,925.0,clear,Lane 1
TRF-109037,2026-01-12 13:00:00,101,bus,47.9,961.0,clear,Lane 3
TRF-109038,2026-01-12 14:00:00,105,motorcycle,44.6,510.0,rainy,Lane 3
TRF-109039,2026-01-12 15:00:00,101,car,44.9,320.0,snowy,Express Lane
TRF-109040,2026-01-12 16:00:00,104,motorcycle,67.4,830.0,rainy,Lane 3
TRF-109041,2026-01-12 17:00:00,106,truck,37.5,676.0,clear,Lane 3
TRF-109042,2026-01-12 18:00:00,103,truck,50.7,134.0,clear,Lane 3
TRF-109043,2026-01-12 19:00:00,102,car,22.5,219.0,clear,Lane 2
TRF-109044,2026-01-12 20:00:00,101,bus,33.1,406.0,foggy,Express Lane
TRF-109045,2026-01-12 21:00:00,108,car,62.3,712.0,clear,Lane 3
TRF-109046,2026-01-12 22:00:00,102,bus,26.0,1071.0,rainy,Lane 2
TRF-109047,2026-01-12 23:00:00,105,bus,65.4,288.0,clear,Express Lane
TRF-109048,2026-01-13 00:00:00,103,motorcycle,68.5,856.0,clear,Express Lane
TRF-109049,2026-01-13 01:00:00,107,bus,70.3,401.0,clear,Lane 2
TRF-109050,2026-01-13 02:00:00,103,truck,75.8,1016.0,clear,Lane 3
TRF-109051,2026-01-13 03:00:00,101,van,62.0,861.0,clear,Lane 3
TRF-109052,2026-01-13 04:00:00,108,truck,55.7,998.0,snowy,Express Lane
TRF-109053,2026-01-13 05:00:00,106,car,59.2,622.0,snowy,Lane 2
TRF-109054,2026-01-13 06:00:00,103,car,47.9,89.0,clear,Express Lane
TRF-109055,2026-01-13 07:00:00,101,car,41.3,134.0,clear,Lane 2
TRF-109056,2026-01-13 08:00:00,101,truck,61.9,906.0,foggy,Lane 3
TRF-109057,2026-01-13 09:00:00,102,car,56.1,1099.0,rainy,Express Lane
TRF-109058,2026-01-13 10:00:00,103,car,63.8,673.0,snowy,Lane 2
TRF-109059,2026-01-13 11:00:00,101,truck,44.2,560.0,cloudy,Lane 1
TRF-109060,2026-01-13 12:00:00,102,truck,45.8,985.0,clear,Lane 1
TRF-109061,2026-01-13 13:00:00,108,truck,51.8,309.0,foggy,Lane 2
TRF-109062,2026-01-13 14:00:00,104,car,45.7,554.0,foggy,Lane 2
TRF-109063,2026-01-13 15:00:00,108,truck,99.2,893.0,foggy,Lane 2
TRF-109064,2026-01-13 16:00:00,107,bus,82.8,55.0,clear,Lane 1
TRF-109065,2026-01-13 17:00:00,102,truck,48.1,581.0,clear,Lane 2
TRF-109066,2026-01-13 18:00:00,102,bus,45.6,827.0,clear,Lane 3
TRF-109067,2026-01-13 19:00:00,101,car,56.0,140.0,rainy,Lane 1
TRF-109068,2026-01-13 20:00:00,105,truck,40.3,451.0,snowy,Lane 2
TRF-109069,2026-01-13 21:00:00,105,car,40.0,934.0,clear,Lane 1
TRF-109070,2026-01-13 22:00:00,106,car,48.8,755.0,snowy,Lane 1
TRF-109071,2026-01-13 23:00:00,105,bike,41.3,323.0,foggy,Lane 1
TRF-109072,2026-01-14 00:00:00,102,truck,51.3,833.0,clear,Lane 3
TRF-109073,2026-01-14 01:00:00,106,car,54.7,413.0,clear,Lane 3
TRF-109074,2026-01-14 02:00:00,108,bike,5.0,312.0,snowy,Express Lane
TRF-109075,2026-01-14 03:00:00,101,truck,13.3,793.0,clear,Lane 3
TRF-109076,2026-01-14 04:00:00,108,car,32.7,996.0,snowy,Lane 1
TRF-109077,2026-01-14 05:00:00,103,bus,53.0,223.0,foggy,Lane 2
TRF-109078,2026-01-14 06:00:00,107,van,34.1,871.0,clear,Express Lane
TRF-109079,2026-01-14 07:00:00,107,bus,89.6,648.0,foggy,Lane 1
TRF-109080,2026-01-14 08:00:00,102,car,64.1,1049.0,clear,Lane 2
TRF-109081,2026-01-14 09:00:00,102,motorcycle,83.2,235.0,rainy,Express Lane
TRF-109082,2026-01-14 10:00:00,106,bus,64.2,668.0,rainy,Express Lane
TRF-109083,2026-01-14 11:00:00,101,truck,19.5,93.0,clear,Lane 2
TRF-109084,2026-01-14 12:00:00,104,van,47.9,1070.0,foggy,Express Lane
TRF-109085,2026-01-14 13:00:00,102,bus,38.8,257.0,clear,Lane 3
TRF-109086,2026-01-14 14:00:00,104,bike,26.5,731.0,rainy,Lane 2
TRF-109087,2026-01-14 15:00:00,108,car,67.5,424.0,clear,Lane 2
TRF-109088,2026-01-14 16:00:00,104,truck,45.1,762.0,snowy,Lane 3
TRF-109089,2026-01-14 17:00:00,105,car,51.7,327.0,cloudy,Lane 2
TRF-109090,2026-01-14 18:00:00,101,truck,72.8,1050.0,clear,Lane 3
TRF-109091,2026-01-14 19:00:00,107,car,82.7,790.0,snowy,Express Lane
TRF-109092,2026-01-14 20:00:00,107,bike,43.1,731.0,rainy,Lane 1
TRF-109093,2026-01-14 21:00:00,104,truck,23.4,553.0,cloudy,Lane 2
TRF-109094,2026-01-14 22:00:00,107,bike,26.6,582.0,clear,Lane 3
TRF-109095,2026-01-14 23:00:00,108,bus,68.7,155.0,clear,Lane 1
TRF-109096,2026-01-15 00:00:00,101,bus,52.8,255.0,snowy,Lane 1
TRF-109097,2026-01-15 01:00:00,105,truck,32.0,751.0,foggy,Lane 3
TRF-109098,2026-01-15 02:00:00,101,car,60.7,362.0,clear,Lane 2
TRF-109099,2026-01-15 03:00:00,102,bus,28.6,359.0,foggy,Lane 2
TRF-109100,2026-01-15 04:00:00,104,truck,16.1,939.0,foggy,Lane 2
TRF-109101,2026-01-15 05:00:00,101,motorcycle,47.9,200.0,rainy,Express Lane
TRF-109102,2026-01-15 06:00:00,108,motorcycle,22.0,945.0,foggy,Lane 2
TRF-109103,2026-01-15 07:00:00,107,bike,68.8,30.0,clear,Lane 3
TRF-109104,2026-01-15 08:00:00,103,truck,44.4,905.0,foggy,Lane 1
TRF-109105,2026-01-15 09:00:00,101,bike,47.4,890.0,foggy,Lane 2
TRF-109106,2026-01-15 10:00:00,104,bike,51.4,270.0,rainy,Express Lane
TRF-109107,2026-01-15 11:00:00,105,truck,29.8,613.0,rainy,Lane 3
TRF-109108,2026-01-15 12:00:00,107,bike,39.4,630.0,clear,Lane 3
TRF-109109,2026-01-15 13:00:00,105,truck,41.1,49.0,snowy,Express Lane
TRF-109110,2026-01-15 14:00:00,104,car,31.2,502.0,cloudy,Lane 2
TRF-109111,2026-01-15 15:00:00,107,car,39.3,170.0,clear,Lane 2
TRF-109112,2026-01-15 16:00:00,102,truck,45.8,716.0,snowy,Lane 1
TRF-109113,2026-01-15 17:00:00,107,bus,43.5,79.0,foggy,Lane 3
TRF-109114,2026-01-15 18:00:00,102,motorcycle,55.8,420.0,rainy,Lane 3
TRF-109115,2026-01-15 19:00:00,105,bus,39.3,519.0,foggy,Lane 1
TRF-109116,2026-01-15 20:00:00,105,truck,75.8,299.0,foggy,Lane 2
TRF-109117,2026-01-15 21:00:00,104,bike,29.4,391.0,rainy,Lane 2
TRF-109118,2026-01-15 22:00:00,102,bike,38.5,174.0,clear,Lane 2
TRF-109119,2026-01-15 23:00:00,105,car,55.1,618.0,foggy,Lane 2
TRF-109120,2026-01-16 00:00:00,102,truck,59.1,404.0,clear,Lane 1
TRF-109121,2026-01-16 01:00:00,105,car,26.3,1054.0,clear,Express Lane
TRF-109122,2026-01-16 02:00:00,107,motorcycle,46.2,567.0,clear,Express Lane
TRF-109123,2026-01-16 03:00:00,101,motorcycle,62.4,1087.0,rainy,Lane 3
TRF-109124,2026-01-16 04:00:00,108,bus,19.2,347.0,snowy,Lane 2
TRF-109125,2026-01-16 05:00:00,103,truck,46.4,614.0,clear,Lane 1
TRF-109126,2026-01-16 06:00:00,108,bike,21.2,592.0,clear,Express Lane
TRF-109127,2026-01-16 07:00:00,107,car,33.4,582.0,cloudy,Express Lane
TRF-109128,2026-01-16 08:00:00,106,truck,49.5,340.0,rainy,Lane 1
TRF-109129,2026-01-16 09:00:00,108,bus,44.1,953.0,clear,Lane 3
TRF-109130,2026-01-16 10:00:00,101,motorcycle,27.5,123.0,rainy,Lane 1
TRF-109131,2026-01-16 11:00:00,106,car,70.0,218.0,clear,Lane 3
TRF-109132,2026-01-16 12:00:00,105,bike,42.0,676.0,foggy,Lane 2
TRF-109133,2026-01-16 13:00:00,103,truck,57.9,233.0,foggy,Lane 3
TRF-109134,2026-01-16 14:00:00,103,bike,75.0,83.0,snowy,Lane 2
TRF-109135,2026-01-16 15:00:00,105,bike,35.8,1001.0,rainy,Lane 2
TRF-109136,2026-01-16 16:00:00,105,van,59.1,123.0,clear,Lane 2
TRF-109137,2026-01-16 17:00:00,102,truck,55.5,343.0,clear,Lane 1
TRF-109138,2026-01-16 18:00:00,105,car,23.0,389.0,rainy,Express Lane
TRF-109139,2026-01-16 19:00:00,104,bus,69.7,197.0,foggy,Lane 1
TRF-109140,2026-01-16 20:00:00,108,truck,49.8,1011.0,foggy,Lane 1
TRF-109141,2026-01-16 21:00:00,105,car,38.4,427.0,snowy,Express Lane
TRF-109142,2026-01-16 22:00:00,104,car,18.8,566.0,rainy,Express Lane
TRF-109143,2026-01-16 23:00:00,105,truck,25.1,423.0,cloudy,Express Lane
TRF-109144,2026-01-17 00:00:00,102,truck,46.0,77.0,clear,Express Lane
TRF-109145,2026-01-17 01:00:00,104,van,23.9,730.0,foggy,Lane 2
TRF-109146,2026-01-17 02:00:00,108,bus,59.4,82.0,snowy,Express Lane
TRF-109147,2026-01-17 03:00:00,101,truck,41.2,270.0,clear,Lane 1
TRF-109148,2026-01-17 04:00:00,104,car,19.9,934.0,snowy,Lane 2
TRF-109149,2026-01-17 05:00:00,107,car,36.1,1080.0,snowy,Lane 1
TRF-109150,2026-01-17 06:00:00,102,car,28.9,990.0,clear,Lane 2
TRF-109151,2026-01-17 07:00:00,106,truck,26.0,479.0,clear,Lane 2
TRF-109152,2026-01-17 08:00:00,108,car,8.1,462.0,clear,Lane 3
TRF-109153,2026-01-17 09:00:00,104,car,49.8,876.0,rainy,Lane 2
TRF-109154,2026-01-17 10:00:00,107,truck,30.8,995.0,snowy,Lane 3
TRF-109155,2026-01-17 11:00:00,107,car,81.8,895.0,rainy,Lane 3
TRF-109156,2026-01-17 12:00:00,108,motorcycle,65.9,211.0,cloudy,Lane 2
TRF-109157,2026-01-17 13:00:00,108,car,77.4,212.0,foggy,Express Lane
TRF-109158,2026-01-17 14:00:00,107,car,60.9,185.0,clear,Express Lane
TRF-109159,2026-01-17 15:00:00,105,truck,37.5,126.0,rainy,Lane 1
TRF-109160,2026-01-17 16:00:00,107,car,53.8,966.0,clear,Lane 1
TRF-109161,2026-01-17 17:00:00,105,motorcycle,42.6,818.0,rainy,Lane 3
TRF-109162,2026-01-17 18:00:00,106,car,54.1,267.0,clear,Lane 2
TRF-109163,2026-01-17 19:00:00,102,bus,64.0,42.0,rainy,Lane 2
TRF-109164,2026-01-17 20:00:00,103,bus,58.8,887.0,foggy,Lane 2
TRF-109165,2026-01-17 21:00:00,105,bus,48.2,211.0,clear,Lane 3
TRF-109166,2026-01-17 22:00:00,107,truck,49.2,792.0,foggy,Lane 2
TRF-109167,2026-01-17 23:00:00,107,bike,52.0,822.0,foggy,Lane 1
TRF-109168,2026-01-18 00:00:00,101,motorcycle,67.9,206.0,clear,Express Lane
TRF-109169,2026-01-18 01:00:00,107,car,39.2,901.0,rainy,Lane 3
TRF-109170,2026-01-18 02:00:00,102,van,43.3,961.0,rainy,Express Lane
TRF-109171,2026-01-18 03:00:00,104,bus,38.9,612.0,clear,Lane 3
TRF-109172,2026-01-18 04:00:00,104,bus,50.5,916.0,rainy,Express Lane
TRF-109173,2026-01-18 05:00:00,107,bus,59.5,910.0,snowy,Lane 3
TRF-109174,2026-01-18 06:00:00,101,truck,53.4,98.0,foggy,Express Lane
TRF-109175,2026-01-18 07:00:00,105,bus,47.0,337.0,rainy,Lane 1
TRF-109176,2026-01-18 08:00:00,102,truck,67.3,1020.0,foggy,Lane 1
TRF-109177,2026-01-18 09:00:00,101,truck,33.7,720.0,snowy,Lane 3
TRF-109178,2026-01-18 10:00:00,105,bus,21.0,82.0,clear,Lane 1
TRF-109179,2026-01-18 11:00:00,102,car,53.8,245.0,clear,Express Lane
TRF-109180,2026-01-18 12:00:00,107,bus,47.3,743.0,clear,Lane 1
TRF-109181,2026-01-18 13:00:00,104,truck,45.0,67.0,rainy,Lane 1
TRF-109182,2026-01-18 14:00:00,102,van,24.2,1038.0,foggy,Express Lane
TRF-109183,2026-01-18 15:00:00,107,bike,51.6,60.0,clear,Express Lane
TRF-109184,2026-01-18 16:00:00,106,truck,80.3,422.0,clear,Lane 2
TRF-109185,2026-01-18 17:00:00,103,car,24.0,829.0,foggy,Lane 2
TRF-109186,2026-01-18 18:00:00,102,bike,45.2,454.0,clear,Lane 3
TRF-109187,2026-01-18 19:00:00,103,car,49.4,1058.0,clear,Lane 3
TRF-109188,2026-01-18 20:00:00,102,truck,40.0,720.0,clear,Lane 2
TRF-109189,2026-01-18 21:00:00,103,truck,51.0,809.0,rainy,Express Lane
TRF-109190,2026-01-18 22:00:00,106,bus,40.0,229.0,clear,Lane 3
TRF-109191,2026-01-18 23:00:00,104,truck,50.8,805.0,clear,Express Lane
TRF-109192,2026-01-19 00:00:00,108,bus,43.4,255.0,clear,Lane 2
TRF-109193,2026-01-19 01:00:00,105,motorcycle,38.3,500.0,clear,Lane 2
TRF-109194,2026-01-19 02:00:00,103,motorcycle,46.6,47.0,clear,Lane 3
TRF-109195,2026-01-19 03:00:00,106,car,56.7,658.0,rainy,Lane 2
TRF-109196,2026-01-19 04:00:00,103,truck,20.0,39.0,cloudy,Lane 3
TRF-109197,2026-01-19 05:00:00,104,bike,60.5,1092.0,clear,Lane 1
TRF-109198,2026-01-19 06:00:00,103,van,34.9,70.0,rainy,Express Lane
TRF-109199,2026-01-19 07:00:00,106,truck,59.1,649.0,snowy,Express Lane
TRF-109200,2026-01-19 08:00:00,107,truck,35.9,73.0,foggy,Express Lane
TRF-109201,2026-01-19 09:00:00,106,bus,60.8,226.0,clear,Lane 1
TRF-109202,2026-01-19 10:00:00,108,bus,47.1,328.0,clear,Lane 2
TRF-109203,2026-01-19 11:00:00,108,car,31.3,238.0,cloudy,Lane 2
TRF-109204,2026-01-19 12:00:00,108,motorcycle,40.1,488.0,clear,Lane 1
TRF-109205,2026-01-19 13:00:00,101,bike,47.9,908.0,clear,Lane 1
TRF-109206,2026-01-19 14:00:00,104,car,48.9,818.0,snowy,Lane 2
TRF-109207,2026-01-19 15:00:00,107,truck,39.8,544.0,foggy,Lane 1
TRF-109208,2026-01-19 16:00:00,101,truck,68.5,412.0,rainy,Lane 2
TRF-109209,2026-01-19 17:00:00,104,car,63.4,577.0,foggy,Lane 1
TRF-109210,2026-01-19 18:00:00,107,truck,32.9,536.0,clear,Lane 1
TRF-109211,2026-01-19 19:00:00,103,car,44.3,359.0,clear,Lane 2
TRF-109212,2026-01-19 20:00:00,107,car,16.3,1036.0,foggy,Lane 2
TRF-109213,2026-01-19 21:00:00,106,truck,63.7,517.0,cloudy,Lane 2
TRF-109214,2026-01-19 22:00:00,101,truck,48.1,843.0,rainy,Lane 2
TRF-109215,2026-01-19 23:00:00,103,car,60.1,511.0,cloudy,Lane 3
TRF-109216,2026-01-20 00:00:00,106,bus,13.2,501.0,foggy,Lane 3
TRF-109217,2026-01-20 01:00:00,104,car,42.9,1049.0,clear,Lane 2
TRF-109218,2026-01-20 02:00:00,107,bus,51.0,1052.0,rainy,Express Lane
TRF-109219,2026-01-20 03:00:00,106,bike,9.9,463.0,clear,Express Lane
TRF-109220,2026-01-20 04:00:00,103,car,47.9,45.0,clear,Lane 3
TRF-109221,2026-01-20 05:00:00,101,bus,42.2,1012.0,clear,Lane 1
TRF-109222,2026-01-20 06:00:00,101,car,16.4,649.0,rainy,Lane 2
TRF-109223,2026-01-20 07:00:00,108,bus,38.7,718.0,clear,Lane 3
TRF-109224,2026-01-20 08:00:00,107,car,56.2,94.0,foggy,Express Lane
TRF-109225,2026-01-20 09:00:00,106,truck,31.6,604.0,cloudy,Lane 2
TRF-109226,2026-01-20 10:00:00,108,truck,47.2,849.0,clear,Lane 1
TRF-109227,2026-01-20 11:00:00,103,car,40.2,102.0,foggy,Lane 1
TRF-109228,2026-01-20 12:00:00,108,truck,12.1,233.0,foggy,Express Lane
TRF-109229,2026-01-20 13:00:00,102,car,59.2,283.0,clear,Express Lane
TRF-109230,2026-01-20 14:00:00,104,van,62.5,642.0,clear,Lane 2
TRF-109231,2026-01-20 15:00:00,108,bike,68.7,224.0,foggy,Lane 3
TRF-109232,2026-01-20 16:00:00,104,motorcycle,48.2,280.0,snowy,Lane 2
TRF-109233,2026-01-20 17:00:00,103,car,56.7,560.0,snowy,Lane 2
TRF-109234,2026-01-20 18:00:00,102,car,47.9,984.0,cloudy,Lane 1
TRF-109235,2026-01-20 19:00:00,101,truck,52.3,339.0,rainy,Lane 2
TRF-109236,2026-01-20 20:00:00,107,bike,42.3,682.0,clear,Lane 3
TRF-109237,2026-01-20 21:00:00,105,motorcycle,46.6,470.0,clear,Lane 2
TRF-109238,2026-01-20 22:00:00,105,motorcycle,27.9,304.0,clear,Express Lane
TRF-109239,2026-01-20 23:00:00,107,car,68.2,568.0,rainy,Lane 2
TRF-109240,2026-01-21 00:00:00,103,car,18.3,772.0,clear,Express Lane
TRF-109241,2026-01-21 01:00:00,102,van,52.9,42.0,foggy,Lane 1
TRF-109242,2026-01-21 02:00:00,102,car,31.5,639.0,rainy,Lane 1
TRF-109243,2026-01-21 03:00:00,104,motorcycle,86.1,221.0,rainy,Lane 1
TRF-109244,2026-01-21 04:00:00,101,car,60.5,727.0,cloudy,Lane 1
TRF-109245,2026-01-21 05:00:00,106,bus,47.5,48.0,clear,Lane 3
TRF-109246,2026-01-21 06:00:00,108,bus,29.5,368.0,clear,Lane 1
TRF-109247,2026-01-21 07:00:00,102,car,64.0,800.0,cloudy,Lane 2
TRF-109248,2026-01-21 08:00:00,107,bus,5.0,608.0,clear,Lane 1
TRF-109249,2026-01-21 09:00:00,106,truck,54.9,55.0,clear,Express Lane
TRF-109250,2026-01-21 10:00:00,105,bike,57.2,1059.0,rainy,Express Lane
TRF-109251,2026-01-21 11:00:00,106,car,56.1,1080.0,clear,Lane 3
TRF-109252,2026-01-21 12:00:00,101,bus,63.1,134.0,foggy,Lane 3
TRF-109253,2026-01-21 13:00:00,107,truck,37.8,813.0,rainy,Lane 1
TRF-109254,2026-01-21 14:00:00,101,truck,57.9,332.0,clear,Lane 1
TRF-109255,2026-01-21 15:00:00,106,truck,35.9,1065.0,clear,Express Lane
TRF-109256,2026-01-21 16:00:00,108,truck,33.1,1071.0,clear,Lane 1
TRF-109257,2026-01-21 17:00:00,103,motorcycle,47.9,671.0,rainy,Lane 1
TRF-109258,2026-01-21 18:00:00,102,car,43.5,203.0,clear,Lane 2
TRF-109259,2026-01-21 19:00:00,107,truck,68.0,478.0,foggy,Lane 2
TRF-109260,2026-01-21 20:00:00,103,bus,78.9,83.0,foggy,Lane 3
TRF-109261,2026-01-21 21:00:00,106,truck,43.1,107.0,clear,Lane 1
TRF-109262,2026-01-21 22:00:00,102,truck,36.4,468.0,rainy,Lane 1
TRF-109263,2026-01-21 23:00:00,104,car,71.9,811.0,foggy,Express Lane
TRF-109264,2026-01-22 00:00:00,103,car,55.8,201.0,clear,Lane 2
TRF-109265,2026-01-22 01:00:00,103,truck,48.5,560.0,foggy,Lane 1
TRF-109266,2026-01-22 02:00:00,106,car,28.1,390.0,clear,Lane 2
TRF-109267,2026-01-22 03:00:00,105,truck,73.8,265.0,clear,Lane 3
TRF-109268,2026-01-22 04:00:00,106,bus,49.7,462.0,rainy,Express Lane
TRF-109269,2026-01-22 05:00:00,103,car,48.0,1069.0,snowy,Lane 3
TRF-109270,2026-01-22 06:00:00,102,motorcycle,57.8,767.0,clear,Lane 1
TRF-109271,2026-01-22 07:00:00,108,truck,48.4,879.0,rainy,Lane 1
TRF-109272,2026-01-22 08:00:00,105,car,74.5,656.0,cloudy,Lane 1
TRF-109273,2026-01-22 09:00:00,106,motorcycle,66.2,276.0,rainy,Lane 2
TRF-109274,2026-01-22 10:00:00,108,van,37.9,578.0,clear,Lane 2
TRF-109275,2026-01-22 11:00:00,107,car,49.6,994.0,clear,Lane 3
TRF-109276,2026-01-22 12:00:00,106,motorcycle,37.5,196.0,cloudy,Lane 2
TRF-109277,2026-01-22 13:00:00,103,car,82.0,382.0,clear,Lane 1
TRF-109278,2026-01-22 14:00:00,108,car,35.0,732.0,snowy,Lane 3
TRF-109279,2026-01-22 15:00:00,103,car,45.9,382.0,clear,Express Lane
TRF-109280,2026-01-22 16:00:00,104,van,54.6,560.0,clear,Lane 1
TRF-109281,2026-01-22 17:00:00,108,car,57.1,1092.0,clear,Lane 2
TRF-109282,2026-01-22 18:00:00,108,truck,60.1,352.0,clear,Lane 2
TRF-109283,2026-01-22 19:00:00,106,bike,62.4,987.0,foggy,Lane 1
TRF-109284,2026-01-22 20:00:00,103,car,60.5,58.0,foggy,Lane 1
TRF-109285,2026-01-22 21:00:00,107,truck,40.2,768.0,snowy,Lane 3
TRF-109286,2026-01-22 22:00:00,101,car,38.2,572.0,clear,Express Lane
TRF-109287,2026-01-22 23:00:00,105,bike,48.7,597.0,rainy,Lane 2
TRF-109288,2026-01-23 00:00:00,101,van,38.1,898.0,snowy,Lane 2
TRF-109289,2026-01-23 01:00:00,105,bike,36.2,727.0,rainy,Lane 3
TRF-109290,2026-01-23 02:00:00,107,truck,40.4,228.0,foggy,Lane 3
TRF-109291,2026-01-23 03:00:00,108,car,85.8,712.0,snowy,Express Lane
TRF-109292,2026-01-23 04:00:00,108,bus,75.8,211.0,clear,Express Lane
TRF-109293,2026-01-23 05:00:00,106,motorcycle,43.7,159.0,clear,Express Lane
TRF-109294,2026-01-23 06:00:00,104,bike,10.8,160.0,clear,Lane 2
TRF-109295,2026-01-23 07:00:00,103,truck,37.4,683.0,clear,Lane 3
TRF-109296,2026-01-23 08:00:00,103,bus,63.8,1058.0,clear,Lane 2
TRF-109297,2026-01-23 09:00:00,103,bike,19.8,878.0,cloudy,Lane 2
TRF-109298,2026-01-23 10:00:00,106,car,58.9,196.0,rainy,Lane 3
TRF-109299,2026-01-23 11:00:00,105,car,57.7,414.0,clear,Express Lane
TRF-109300,2026-01-23 12:00:00,108,bike,48.3,771.0,cloudy,Lane 3
TRF-109301,2026-01-23 13:00:00,107,motorcycle,47.3,216.0,clear,Lane 3
TRF-109302,2026-01-23 14:00:00,103,truck,31.7,587.0,clear,Lane 2
TRF-109303,2026-01-23 15:00:00,101,car,60.5,144.0,rainy,Lane 3
TRF-109304,2026-01-23 16:00:00,103,bus,53.6,1048.0,rainy,Lane 2
TRF-109305,2026-01-23 17:00:00,108,car,39.3,887.0,rainy,Express Lane
TRF-109306,2026-01-23 18:00:00,106,truck,33.9,1003.0,rainy,Express Lane
TRF-109307,2026-01-23 19:00:00,107,motorcycle,26.5,268.0,rainy,Lane 1
TRF-109308,2026-01-23 20:00:00,104,car,54.7,338.0,foggy,Lane 3
TRF-109309,2026-01-23 21:00:00,107,truck,44.4,45.0,rainy,Express Lane
TRF-109310,2026-01-23 22:00:00,101,car,44.6,91.0,clear,Lane 2
TRF-109311,2026-01-23 23:00:00,103,car,19.9,735.0,clear,Lane 2
TRF-109312,2026-01-24 00:00:00,103,bus,28.3,560.0,foggy,Lane 2
TRF-109313,2026-01-24 01:00:00,102,car,26.3,776.0,cloudy,Express Lane
TRF-109314,2026-01-24 02:00:00,105,car,61.8,821.0,clear,Lane 3
TRF-109315,2026-01-24 03:00:00,101,truck,51.1,270.0,cloudy,Lane 3
TRF-109316,2026-01-24 04:00:00,102,truck,42.9,954.0,snowy,Express Lane
TRF-109317,2026-01-24 05:00:00,107,bike,67.9,982.0,foggy,Express Lane
TRF-109318,2026-01-24 06:00:00,104,bus,65.4,556.0,clear,Lane 1
TRF-109319,2026-01-24 07:00:00,105,bus,67.9,771.0,snowy,Lane 3
TRF-109320,2026-01-24 08:00:00,101,van,43.6,205.0,rainy,Lane 1
TRF-109321,2026-01-24 09:00:00,103,car,22.5,833.0,clear,Lane 1
TRF-109322,2026-01-24 10:00:00,107,van,78.7,787.0,clear,Lane 1
TRF-109323,2026-01-24 11:00:00,101,car,57.4,364.0,rainy,Lane 1
TRF-109324,2026-01-24 12:00:00,103,car,57.8,928.0,cloudy,Lane 3
TRF-109325,2026-01-24 13:00:00,108,truck,60.2,688.0,clear,Lane 1
TRF-109326,2026-01-24 14:00:00,105,truck,97.7,322.0,clear,Lane 3
TRF-109327,2026-01-24 15:00:00,108,bus,46.2,472.0,clear,Express Lane
TRF-109328,2026-01-24 16:00:00,108,bike,73.9,629.0,clear,Lane 3
TRF-109329,2026-01-24 17:00:00,103,bike,32.7,795.0,clear,Express Lane
TRF-109330,2026-01-24 18:00:00,104,van,62.7,832.0,clear,Lane 3
TRF-109331,2026-01-24 19:00:00,107,car,80.1,560.0,clear,Lane 3
TRF-109332,2026-01-24 20:00:00,106,car,47.2,100.0,rainy,Lane 3
TRF-109333,2026-01-24 21:00:00,103,truck,13.5,960.0,snowy,Lane 2
TRF-109334,2026-01-24 22:00:00,104,bus,58.2,1061.0,clear,Lane 3
TRF-109335,2026-01-24 23:00:00,106,bus,44.1,985.0,foggy,Express Lane
TRF-109336,2026-01-25 00:00:00,107,car,63.2,809.0,cloudy,Lane 3
TRF-109337,2026-01-25 01:00:00,108,motorcycle,39.6,1049.0,rainy,Lane 1
TRF-109338,2026-01-25 02:00:00,105,truck,91.0,907.0,foggy,Express Lane
TRF-109339,2026-01-25 03:00:00,105,truck,49.9,365.0,rainy,Lane 1
TRF-109340,2026-01-25 04:00:00,107,truck,62.2,560.0,rainy,Express Lane
TRF-109341,2026-01-25 05:00:00,107,truck,30.0,560.0,rainy,Lane 1
TRF-109342,2026-01-25 06:00:00,101,car,26.8,266.0,foggy,Express Lane
TRF-109343,2026-01-25 07:00:00,104,car,24.7,535.0,clear,Lane 1
TRF-109344,2026-01-25 08:00:00,108,bike,24.8,1010.0,snowy,Lane 1
TRF-109345,2026-01-25 09:00:00,104,bike,60.2,428.0,rainy,Express Lane
TRF-109346,2026-01-25 10:00:00,107,truck,37.1,640.0,rainy,Express Lane
TRF-109347,2026-01-25 11:00:00,102,motorcycle,25.1,984.0,clear,Express Lane
TRF-109348,2026-01-25 12:00:00,102,car,47.9,31.0,snowy,Lane 1
TRF-109349,2026-01-25 13:00:00,106,bus,60.7,45.0,snowy,Lane 3
TRF-109350,2026-01-25 14:00:00,106,motorcycle,47.9,308.0,foggy,Express Lane
TRF-109351,2026-01-25 15:00:00,102,car,65.9,399.0,foggy,Express Lane
TRF-109352,2026-01-25 16:00:00,107,bike,42.9,992.0,snowy,Lane 3
TRF-109353,2026-01-25 17:00:00,107,motorcycle,83.9,916.0,rainy,Lane 1
TRF-109354,2026-01-25 18:00:00,106,bus,67.5,407.0,cloudy,Lane 2
TRF-109355,2026-01-25 19:00:00,103,truck,26.9,237.0,clear,Lane 2
TRF-109356,2026-01-25 20:00:00,107,bus,62.6,161.0,clear,Lane 3
TRF-109357,2026-01-25 21:00:00,102,truck,48.3,207.0,foggy,Lane 3
TRF-109358,2026-01-25 22:00:00,104,bike,45.0,783.0,clear,Lane 2
TRF-109359,2026-01-25 23:00:00,107,bike,47.9,466.0,clear,Lane 2
TRF-109360,2026-01-26 00:00:00,108,truck,36.0,992.0,clear,Lane 1
TRF-109361,2026-01-26 01:00:00,107,van,66.2,708.0,foggy,Lane 2
TRF-109362,2026-01-26 02:00:00,103,bus,37.6,554.0,rainy,Lane 1
TRF-109363,2026-01-26 03:00:00,106,van,37.9,100.0,clear,Express Lane
TRF-109364,2026-01-26 04:00:00,107,bike,61.7,83.0,snowy,Lane 3
TRF-109365,2026-01-26 05:00:00,105,truck,87.1,42.0,foggy,Express Lane
TRF-109366,2026-01-26 06:00:00,101,truck,39.1,109.0,clear,Lane 3
TRF-109367,2026-01-26 07:00:00,102,car,25.6,505.0,foggy,Express Lane
TRF-109368,2026-01-26 08:00:00,108,truck,68.5,743.0,snowy,Lane 1
TRF-109369,2026-01-26 09:00:00,108,truck,51.5,1089.0,foggy,Lane 3
TRF-109370,2026-01-26 10:00:00,108,car,57.0,315.0,clear,Express Lane
TRF-109371,2026-01-26 11:00:00,105,bike,48.6,973.0,snowy,Lane 3
TRF-109372,2026-01-26 12:00:00,108,truck,58.7,257.0,foggy,Lane 1
TRF-109373,2026-01-26 13:00:00,108,truck,54.5,200.0,foggy,Lane 2
TRF-109374,2026-01-26 14:00:00,106,car,38.6,553.0,clear,Express Lane
TRF-109375,2026-01-26 15:00:00,104,truck,60.7,327.0,clear,Lane 3
TRF-109376,2026-01-26 16:00:00,101,truck,57.0,486.0,cloudy,Lane 2
TRF-109377,2026-01-26 17:00:00,105,truck,41.3,507.0,foggy,Lane 2
TRF-109378,2026-01-26 18:00:00,101,motorcycle,44.9,301.0,clear,Lane 3
TRF-109379,2026-01-26 19:00:00,102,truck,33.9,490.0,clear,Lane 2
TRF-109380,2026-01-26 20:00:00,106,car,56.3,463.0,clear,Lane 3
TRF-109381,2026-01-26 21:00:00,107,bike,56.5,656.0,foggy,Lane 3
TRF-109382,2026-01-26 22:00:00,104,bus,47.3,825.0,clear,Lane 1
TRF-109383,2026-01-26 23:00:00,106,truck,27.5,650.0,clear,Lane 3
TRF-109384,2026-01-27 00:00:00,101,truck,11.6,425.0,foggy,Express Lane
TRF-109385,2026-01-27 01:00:00,105,van,43.8,889.0,foggy,Lane 1
TRF-109386,2026-01-27 02:00:00,102,motorcycle,52.3,959.0,snowy,Lane 1
TRF-109387,2026-01-27 03:00:00,102,car,59.6,416.0,cloudy,Lane 1
TRF-109388,2026-01-27 04:00:00,106,motorcycle,68.4,563.0,snowy,Lane 1
TRF-109389,2026-01-27 05:00:00,107,bike,41.6,243.0,clear,Express Lane
TRF-109390,2026-01-27 06:00:00,105,bike,19.5,426.0,clear,Express Lane
TRF-109391,2026-01-27 07:00:00,107,truck,38.8,73.0,clear,Lane 1
TRF-109392,2026-01-27 08:00:00,107,van,87.3,621.0,clear,Lane 2
TRF-109393,2026-01-27 09:00:00,108,bus,77.6,560.0,clear,Express Lane
TRF-109394,2026-01-27 10:00:00,105,bike,55.7,203.0,clear,Express Lane
TRF-109395,2026-01-27 11:00:00,101,bike,40.2,302.0,rainy,Lane 1
TRF-109396,2026-01-27 12:00:00,106,car,46.4,519.0,snowy,Express Lane
TRF-109397,2026-01-27 13:00:00,106,bike,78.9,631.0,cloudy,Lane 1
TRF-109398,2026-01-27 14:00:00,108,car,51.8,641.0,rainy,Lane 2
TRF-109399,2026-01-27 15:00:00,103,car,41.2,356.0,foggy,Lane 1
TRF-109400,2026-01-27 16:00:00,106,truck,71.9,376.0,rainy,Lane 2
TRF-109401,2026-01-27 17:00:00,102,motorcycle,12.9,195.0,clear,Express Lane
TRF-109402,2026-01-27 18:00:00,101,truck,29.9,909.0,rainy,Lane 2
TRF-109403,2026-01-27 19:00:00,105,truck,33.5,781.0,snowy,Lane 1
TRF-109404,2026-01-27 20:00:00,106,bus,66.0,373.0,rainy,Lane 3
TRF-109405,2026-01-27 21:00:00,101,truck,37.9,90.0,clear,Express Lane
TRF-109406,2026-01-27 22:00:00,108,car,16.1,393.0,foggy,Lane 3
TRF-109407,2026-01-27 23:00:00,106,car,35.5,954.0,rainy,Lane 1
TRF-109408,2026-01-28 00:00:00,105,truck,39.5,1053.0,rainy,Lane 3
TRF-109409,2026-01-28 01:00:00,104,bus,46.8,63.0,snowy,Express Lane
TRF-109410,2026-01-28 02:00:00,105,truck,50.3,434.0,cloudy,Lane 1
TRF-109411,2026-01-28 03:00:00,105,car,65.4,560.0,cloudy,Lane 1
TRF-109412,2026-01-28 04:00:00,105,bus,42.4,167.0,clear,Lane 2
TRF-109413,2026-01-28 05:00:00,106,bus,37.5,57.0,clear,Lane 1
TRF-109414,2026-01-28 06:00:00,103,car,48.8,135.0,cloudy,Lane 1
TRF-109415,2026-01-28 07:00:00,105,motorcycle,52.4,186.0,clear,Lane 3
TRF-109416,2026-01-28 08:00:00,108,car,37.2,225.0,foggy,Lane 2
TRF-109417,2026-01-28 09:00:00,102,bus,17.3,1038.0,rainy,Lane 2
TRF-109418,2026-01-28 10:00:00,102,truck,39.2,231.0,rainy,Lane 3
TRF-109419,2026-01-28 11:00:00,108,motorcycle,62.5,138.0,rainy,Lane 1
TRF-109420,2026-01-28 12:00:00,101,bus,46.6,572.0,foggy,Express Lane
TRF-109421,2026-01-28 13:00:00,103,motorcycle,70.4,70.0,clear,Lane 2
TRF-109422,2026-01-28 14:00:00,101,bike,57.0,919.0,rainy,Lane 2
TRF-109423,2026-01-28 15:00:00,108,truck,38.5,711.0,clear,Express Lane
TRF-109424,2026-01-28 16:00:00,102,bus,74.4,841.0,cloudy,Express Lane
TRF-109425,2026-01-28 17:00:00,107,bus,32.4,444.0,snowy,Lane 3
TRF-109426,2026-01-28 18:00:00,102,car,17.8,401.0,clear,Lane 2
TRF-109427,2026-01-28 19:00:00,104,bus,54.2,833.0,clear,Lane 1
TRF-109428,2026-01-28 20:00:00,105,car,33.9,393.0,clear,Lane 3
TRF-109429,2026-01-28 21:00:00,107,bike,47.0,500.0,clear,Express Lane
TRF-109430,2026-01-28 22:00:00,102,bus,28.7,529.0,clear,Lane 1
TRF-109431,2026-01-28 23:00:00,106,truck,48.1,1035.0,clear,Express Lane
TRF-109432,2026-01-29 00:00:00,106,van,56.7,452.0,clear,Express Lane
TRF-109433,2026-01-29 01:00:00,101,car,59.4,608.0,rainy,Lane 2
TRF-109434,2026-01-29 02:00:00,107,bus,27.5,432.0,rainy,Lane 3
TRF-109435,2026-01-29 03:00:00,101,truck,23.6,523.0,snowy,Lane 1
TRF-109436,2026-01-29 04:00:00,105,van,55.2,521.0,cloudy,Lane 2
TRF-109437,2026-01-29 05:00:00,105,car,41.2,954.0,foggy,Lane 1
TRF-109438,2026-01-29 06:00:00,104,motorcycle,38.0,975.0,snowy,Lane 1
TRF-109439,2026-01-29 07:00:00,108,bus,45.9,560.0,foggy,Lane 3
TRF-109440,2026-01-29 08:00:00,108,bus,44.9,970.0,rainy,Lane 1
TRF-109441,2026-01-29 09:00:00,103,bus,54.7,142.0,foggy,Lane 2
TRF-109442,2026-01-29 10:00:00,101,truck,56.8,373.0,clear,Lane 2
TRF-109443,2026-01-29 11:00:00,105,car,65.7,387.0,clear,Lane 2
TRF-109444,2026-01-29 12:00:00,108,motorcycle,43.4,155.0,foggy,Lane 2
TRF-109445,2026-01-29 13:00:00,101,car,65.9,111.0,clear,Lane 1
TRF-109446,2026-01-29 14:00:00,105,bus,58.6,281.0,rainy,Lane 2
TRF-109447,2026-01-29 15:00:00,102,truck,63.7,411.0,rainy,Lane 3
TRF-109448,2026-01-29 16:00:00,101,car,28.1,746.0,clear,Lane 1
TRF-109449,2026-01-29 17:00:00,102,car,46.1,481.0,snowy,Lane 3
TRF-109450,2026-01-29 18:00:00,101,bike,82.1,624.0,foggy,Lane 2
TRF-109451,2026-01-29 19:00:00,103,bus,23.3,53.0,clear,Lane 3
TRF-109452,2026-01-29 20:00:00,104,motorcycle,80.2,382.0,foggy,Express Lane
TRF-109453,2026-01-29 21:00:00,106,car,79.5,102.0,rainy,Lane 2
TRF-109454,2026-01-29 22:00:00,108,bike,61.2,724.0,rainy,Lane 1
TRF-109455,2026-01-29 23:00:00,106,van,23.8,544.0,clear,Lane 3
TRF-109456,2026-01-30 00:00:00,106,car,44.1,800.0,cloudy,Lane 1
TRF-109457,2026-01-30 01:00:00,102,car,62.3,1083.0,snowy,Lane 2
TRF-109458,2026-01-30 02:00:00,107,van,24.1,687.0,snowy,Lane 1
TRF-109459,2026-01-30 03:00:00,105,car,60.2,968.0,clear,Lane 3
TRF-109460,2026-01-30 04:00:00,106,bus,49.9,863.0,rainy,Lane 3
TRF-109461,2026-01-30 05:00:00,103,bus,37.8,1080.0,rainy,Express Lane
TRF-109462,2026-01-30 06:00:00,106,bike,27.9,651.0,clear,Express Lane
TRF-109463,2026-01-30 07:00:00,101,car,74.3,48.0,foggy,Lane 3
TRF-109464,2026-01-30 08:00:00,102,truck,62.0,557.0,rainy,Express Lane
TRF-109465,2026-01-30 09:00:00,107,truck,45.0,823.0,foggy,Lane 2
TRF-109466,2026-01-30 10:00:00,101,car,48.6,571.0,foggy,Lane 3
TRF-109467,2026-01-30 11:00:00,107,truck,43.2,646.0,foggy,Lane 3
TRF-109468,2026-01-30 12:00:00,101,bus,15.5,1095.0,clear,Lane 3
TRF-109469,2026-01-30 13:00:00,101,bus,71.2,194.0,rainy,Lane 1
TRF-109470,2026-01-30 14:00:00,108,bike,51.9,838.0,snowy,Lane 2
TRF-109471,2026-01-30 15:00:00,104,bus,65.2,893.0,snowy,Lane 2
TRF-109472,2026-01-30 16:00:00,104,truck,39.8,401.0,snowy,Lane 2
TRF-109473,2026-01-30 17:00:00,105,truck,49.7,394.0,snowy,Lane 2
TRF-109474,2026-01-30 18:00:00,102,truck,53.8,1090.0,foggy,Lane 3
TRF-109475,2026-01-30 19:00:00,103,car,66.6,148.0,foggy,Express Lane
TRF-109476,2026-01-30 20:00:00,103,motorcycle,80.3,438.0,foggy,Lane 2
TRF-109477,2026-01-30 21:00:00,103,truck,41.7,392.0,rainy,Lane 2
TRF-109478,2026-01-30 22:00:00,108,bike,41.7,987.0,clear,Express Lane
TRF-109479,2026-01-30 23:00:00,101,car,43.6,352.0,clear,Lane 3
TRF-109480,2026-01-31 00:00:00,104,bike,37.3,787.0,foggy,Lane 3
TRF-109481,2026-01-31 01:00:00,102,van,95.6,973.0,clear,Lane 3
TRF-109482,2026-01-31 02:00:00,101,bike,17.7,477.0,rainy,Lane 3
TRF-109483,2026-01-31 03:00:00,107,car,96.4,733.0,clear,Express Lane
TRF-109484,2026-01-31 04:00:00,104,motorcycle,59.5,560.0,clear,Lane 1
TRF-109485,2026-01-31 05:00:00,104,van,46.5,1008.0,rainy,Express Lane
TRF-109486,2026-01-31 06:00:00,106,bus,32.9,371.0,rainy,Lane 2
TRF-109487,2026-01-31 07:00:00,106,motorcycle,47.3,504.0,clear,Lane 3
TRF-109488,2026-01-31 08:00:00,108,car,37.9,320.0,clear,Lane 2
TRF-109489,2026-01-31 09:00:00,102,car,72.8,201.0,rainy,Lane 1
TRF-109490,2026-01-31 10:00:00,107,car,59.4,330.0,clear,Lane 3
TRF-109491,2026-01-31 11:00:00,102,motorcycle,78.1,178.0,clear,Lane 1
TRF-109492,2026-01-31 12:00:00,102,bike,42.8,689.0,clear,Lane 2
TRF-109493,2026-01-31 13:00:00,108,car,50.5,727.0,foggy,Express Lane
TRF-109494,2026-01-31 14:00:00,108,car,46.2,996.0,foggy,Lane 1
TRF-109495,2026-01-31 15:00:00,101,truck,41.3,446.0,cloudy,Express Lane
TRF-109496,2026-01-31 16:00:00,105,car,29.5,286.0,foggy,Lane 2
TRF-109497,2026-01-31 17:00:00,108,bike,60.9,544.0,foggy,Lane 2
TRF-109498,2026-01-31 18:00:00,102,car,54.1,708.0,foggy,Lane 2
TRF-109499,2026-01-31 19:00:00,106,car,47.1,941.0,rainy,Lane 2
TRF-109500,2026-01-31 20:00:00,105,truck,57.1,234.0,clear,Lane 2
TRF-109501,2026-01-31 21:00:00,101,bike,40.6,719.0,cloudy,Lane 3
TRF-109502,2026-01-31 22:00:00,105,truck,48.3,373.0,foggy,Lane 3
TRF-109503,2026-01-31 23:00:00,103,truck,63.5,494.0,rainy,Express Lane
TRF-109504,2026-02-01 00:00:00,107,car,66.0,58.0,snowy,Lane 1
TRF-109505,2026-02-01 01:00:00,105,car,75.5,134.0,clear,Lane 1
TRF-109506,2026-02-01 02:00:00,102,bus,28.0,363.0,clear,Lane 3
TRF-109507,2026-02-01 03:00:00,101,bus,30.7,136.0,clear,Lane 2
TRF-109508,2026-02-01 04:00:00,107,truck,27.3,131.0,clear,Lane 2
TRF-109509,2026-02-01 05:00:00,102,car,36.3,581.0,clear,Lane 3
TRF-109510,2026-02-01 06:00:00,107,van,42.0,166.0,foggy,Lane 2
TRF-109511,2026-02-01 07:00:00,106,truck,55.9,519.0,clear,Lane 1
TRF-109512,2026-02-01 08:00:00,103,bus,69.0,96.0,cloudy,Lane 2
TRF-109513,2026-02-01 09:00:00,106,motorcycle,40.9,307.0,clear,Lane 2
TRF-109514,2026-02-01 10:00:00,102,motorcycle,58.3,241.0,cloudy,Lane 1
TRF-109515,2026-02-01 11:00:00,102,car,71.0,657.0,clear,Lane 1
TRF-109516,2026-02-01 12:00:00,102,van,39.8,677.0,rainy,Lane 3
TRF-109517,2026-02-01 13:00:00,104,car,42.9,394.0,clear,Lane 2
TRF-109518,2026-02-01 14:00:00,103,car,49.2,707.0,clear,Express Lane
TRF-109519,2026-02-01 15:00:00,107,van,17.8,892.0,foggy,Lane 1
TRF-109520,2026-02-01 16:00:00,108,bike,47.9,424.0,snowy,Lane 1
TRF-109521,2026-02-01 17:00:00,102,bike,26.3,584.0,rainy,Lane 1
TRF-109522,2026-02-01 18:00:00,102,motorcycle,62.2,832.0,rainy,Lane 1
TRF-109523,2026-02-01 19:00:00,107,car,40.2,453.0,cloudy,Lane 1
TRF-109524,2026-02-01 20:00:00,108,truck,38.8,445.0,rainy,Lane 1
TRF-109525,2026-02-01 21:00:00,106,truck,30.4,974.0,rainy,Lane 3
TRF-109526,2026-02-01 22:00:00,106,bike,57.7,375.0,rainy,Lane 2
TRF-109527,2026-02-01 23:00:00,102,car,57.6,726.0,rainy,Express Lane
TRF-109528,2026-02-02 00:00:00,101,car,39.8,606.0,clear,Express Lane
TRF-109529,2026-02-02 01:00:00,104,truck,80.4,845.0,clear,Express Lane
TRF-109530,2026-02-02 02:00:00,106,van,48.6,209.0,foggy,Lane 2
TRF-109531,2026-02-02 03:00:00,101,car,47.7,243.0,rainy,Express Lane
TRF-109532,2026-02-02 04:00:00,104,bus,49.1,467.0,clear,Lane 2
TRF-109533,2026-02-02 05:00:00,102,van,35.8,182.0,rainy,Lane 2
TRF-109534,2026-02-02 06:00:00,103,motorcycle,30.1,901.0,clear,Lane 2
TRF-109535,2026-02-02 07:00:00,105,car,41.3,970.0,clear,Lane 2
TRF-109536,2026-02-02 08:00:00,105,car,59.4,635.0,rainy,Express Lane
TRF-109537,2026-02-02 09:00:00,102,bus,14.7,781.0,clear,Lane 2
TRF-109538,2026-02-02 10:00:00,106,car,21.0,983.0,snowy,Lane 3
TRF-109539,2026-02-02 11:00:00,101,truck,37.1,817.0,cloudy,Lane 1
TRF-109540,2026-02-02 12:00:00,103,bus,15.7,181.0,foggy,Lane 1
TRF-109541,2026-02-02 13:00:00,107,car,22.5,923.0,clear,Lane 1
TRF-109542,2026-02-02 14:00:00,104,bike,62.6,938.0,snowy,Lane 3
TRF-109543,2026-02-02 15:00:00,102,bus,40.1,485.0,rainy,Lane 1
TRF-109544,2026-02-02 16:00:00,103,bus,32.8,363.0,clear,Express Lane
TRF-109545,2026-02-02 17:00:00,108,bike,50.5,492.0,foggy,Express Lane
TRF-109546,2026-02-02 18:00:00,103,van,50.1,1079.0,clear,Lane 3
TRF-109547,2026-02-02 19:00:00,106,truck,69.0,835.0,foggy,Lane 3
TRF-109548,2026-02-02 20:00:00,108,truck,16.0,468.0,clear,Lane 3
TRF-109549,2026-02-02 21:00:00,104,truck,31.3,126.0,cloudy,Lane 3
TRF-109550,2026-02-02 22:00:00,108,car,37.3,423.0,clear,Lane 1
TRF-109551,2026-02-02 23:00:00,103,truck,55.0,296.0,snowy,Lane 2
TRF-109552,2026-02-03 00:00:00,106,bike,100.1,859.0,clear,Lane 1
TRF-109553,2026-02-03 01:00:00,108,bus,58.6,1094.0,cloudy,Lane 3
TRF-109554,2026-02-03 02:00:00,101,car,43.2,150.0,rainy,Express Lane
TRF-109555,2026-02-03 03:00:00,106,bike,26.2,454.0,clear,Lane 3
TRF-109556,2026-02-03 04:00:00,101,van,23.9,33.0,clear,Lane 3
TRF-109557,2026-02-03 05:00:00,101,truck,64.3,672.0,foggy,Lane 1
TRF-109558,2026-02-03 06:00:00,108,van,47.9,1052.0,clear,Lane 2
TRF-109559,2026-02-03 07:00:00,108,bike,41.6,848.0,snowy,Lane 1
TRF-109560,2026-02-03 08:00:00,107,van,77.8,212.0,cloudy,Lane 3
TRF-109561,2026-02-03 09:00:00,107,bus,17.1,528.0,cloudy,Express Lane
TRF-109562,2026-02-03 10:00:00,103,car,52.9,101.0,foggy,Lane 2
TRF-109563,2026-02-03 11:00:00,106,truck,31.7,99.0,clear,Lane 3
TRF-109564,2026-02-03 12:00:00,107,bike,77.5,610.0,cloudy,Express Lane
TRF-109565,2026-02-03 13:00:00,101,bus,31.1,152.0,rainy,Express Lane
TRF-109566,2026-02-03 14:00:00,107,car,60.0,421.0,clear,Express Lane
TRF-109567,2026-02-03 15:00:00,104,car,15.5,944.0,rainy,Lane 2
TRF-109568,2026-02-03 16:00:00,103,bus,76.0,397.0,clear,Lane 2
TRF-109569,2026-02-03 17:00:00,106,car,64.6,487.0,foggy,Lane 3
TRF-109570,2026-02-03 18:00:00,106,car,38.0,212.0,clear,Lane 1
TRF-109571,2026-02-03 19:00:00,105,car,55.1,541.0,clear,Lane 1
TRF-109572,2026-02-03 20:00:00,106,motorcycle,65.2,1061.0,clear,Lane 2
TRF-109573,2026-02-03 21:00:00,103,bike,50.8,753.0,rainy,Lane 3
TRF-109574,2026-02-03 22:00:00,104,truck,41.0,75.0,clear,Lane 3
TRF-109575,2026-02-03 23:00:00,106,car,46.2,622.0,cloudy,Lane 3
TRF-109576,2026-02-04 00:00:00,105,truck,50.0,969.0,foggy,Lane 1
TRF-109577,2026-02-04 01:00:00,103,car,49.0,802.0,clear,Lane 2
TRF-109578,2026-02-04 02:00:00,101,van,55.8,511.0,clear,Lane 3
TRF-109579,2026-02-04 03:00:00,102,car,29.6,684.0,foggy,Lane 1
TRF-109580,2026-02-04 04:00:00,102,bus,36.3,266.0,cloudy,Lane 1
TRF-109581,2026-02-04 05:00:00,101,truck,41.0,1020.0,clear,Lane 1
TRF-109582,2026-02-04 06:00:00,107,bike,56.5,716.0,rainy,Lane 3
TRF-109583,2026-02-04 07:00:00,106,motorcycle,20.5,93.0,clear,Lane 2
TRF-109584,2026-02-04 08:00:00,108,motorcycle,50.8,308.0,snowy,Express Lane
TRF-109585,2026-02-04 09:00:00,102,bus,62.1,79.0,clear,Lane 3
TRF-109586,2026-02-04 10:00:00,107,bus,48.9,244.0,snowy,Express Lane
TRF-109587,2026-02-04 11:00:00,102,car,49.4,65.0,cloudy,Lane 1
TRF-109588,2026-02-04 12:00:00,101,bike,42.6,460.0,clear,Lane 1
TRF-109589,2026-02-04 13:00:00,106,car,49.1,534.0,cloudy,Lane 2
TRF-109590,2026-02-04 14:00:00,106,truck,40.1,278.0,clear,Lane 1
TRF-109591,2026-02-04 15:00:00,107,car,45.0,763.0,foggy,Lane 1
TRF-109592,2026-02-04 16:00:00,101,bike,40.1,834.0,clear,Lane 1
TRF-109593,2026-02-04 17:00:00,107,van,44.8,497.0,rainy,Lane 2
TRF-109594,2026-02-04 18:00:00,106,motorcycle,42.3,790.0,clear,Lane 1
TRF-109595,2026-02-04 19:00:00,108,motorcycle,26.7,539.0,foggy,Lane 3
TRF-109596,2026-02-04 20:00:00,106,bus,20.9,755.0,clear,Lane 1
TRF-109597,2026-02-04 21:00:00,103,truck,49.4,839.0,rainy,Lane 1
TRF-109598,2026-02-04 22:00:00,108,car,58.9,195.0,clear,Lane 1
TRF-109599,2026-02-04 23:00:00,107,bus,76.0,875.0,clear,Lane 1
TRF-109600,2026-02-05 00:00:00,103,van,67.8,1041.0,foggy,Lane 3
TRF-109601,2026-02-05 01:00:00,101,truck,64.3,575.0,rainy,Lane 3
TRF-109602,2026-02-05 02:00:00,104,bike,52.1,92.0,foggy,Lane 3
TRF-109603,2026-02-05 03:00:00,102,bus,50.1,731.0,clear,Express Lane
TRF-109604,2026-02-05 04:00:00,103,car,33.8,584.0,cloudy,Lane 3
TRF-109605,2026-02-05 05:00:00,102,car,31.8,636.0,cloudy,Lane 3
TRF-109606,2026-02-05 06:00:00,105,truck,51.4,177.0,clear,Lane 2
TRF-109607,2026-02-05 07:00:00,101,van,33.0,337.0,rainy,Express Lane
TRF-109608,2026-02-05 08:00:00,104,car,46.4,127.0,clear,Lane 3
TRF-109609,2026-02-05 09:00:00,105,van,5.0,1095.0,rainy,Lane 2
TRF-109610,2026-02-05 10:00:00,105,car,56.4,345.0,cloudy,Lane 3
TRF-109611,2026-02-05 11:00:00,106,bus,29.4,783.0,foggy,Lane 2
TRF-109612,2026-02-05 12:00:00,105,motorcycle,22.3,619.0,snowy,Express Lane
TRF-109613,2026-02-05 13:00:00,101,bus,61.0,1085.0,clear,Lane 1
TRF-109614,2026-02-05 14:00:00,103,bike,65.3,963.0,foggy,Lane 3
TRF-109615,2026-02-05 15:00:00,101,bus,46.5,708.0,rainy,Lane 2
TRF-109616,2026-02-05 16:00:00,103,bike,35.1,1083.0,clear,Lane 1
TRF-109617,2026-02-05 17:00:00,105,truck,60.9,710.0,rainy,Lane 3
TRF-109618,2026-02-05 18:00:00,105,truck,34.2,900.0,rainy,Lane 2
TRF-109619,2026-02-05 19:00:00,108,van,45.2,422.0,clear,Lane 1
TRF-109620,2026-02-05 20:00:00,104,bus,72.3,1085.0,clear,Lane 2
TRF-109621,2026-02-05 21:00:00,103,bike,47.9,725.0,clear,Lane 3
TRF-109622,2026-02-05 22:00:00,105,bike,47.2,1001.0,foggy,Lane 1
TRF-109623,2026-02-05 23:00:00,106,bike,43.0,948.0,rainy,Lane 1
TRF-109624,2026-02-06 00:00:00,108,car,48.8,878.0,rainy,Lane 1
TRF-109625,2026-02-06 01:00:00,102,bus,52.8,977.0,foggy,Express Lane
TRF-109626,2026-02-06 02:00:00,108,truck,27.7,1011.0,rainy,Lane 3
TRF-109627,2026-02-06 03:00:00,104,bike,69.7,436.0,cloudy,Lane 1
TRF-109628,2026-02-06 04:00:00,101,car,39.8,303.0,clear,Lane 2
TRF-109629,2026-02-06 05:00:00,104,bike,44.3,770.0,clear,Express Lane
TRF-109630,2026-02-06 06:00:00,102,motorcycle,62.6,578.0,foggy,Lane 3
TRF-109631,2026-02-06 07:00:00,108,truck,45.5,90.0,foggy,Lane 1
TRF-109632,2026-02-06 08:00:00,103,truck,63.9,542.0,rainy,Lane 3
TRF-109633,2026-02-06 09:00:00,101,truck,47.2,931.0,rainy,Lane 3
TRF-109634,2026-02-06 10:00:00,101,bus,49.8,409.0,foggy,Lane 1
TRF-109635,2026-02-06 11:00:00,103,truck,51.9,376.0,rainy,Lane 1
TRF-109636,2026-02-06 12:00:00,107,truck,54.7,428.0,clear,Lane 1
TRF-109637,2026-02-06 13:00:00,107,truck,58.1,36.0,clear,Lane 2
TRF-109638,2026-02-06 14:00:00,104,car,66.9,958.0,rainy,Express Lane
TRF-109639,2026-02-06 15:00:00,105,truck,47.9,984.0,clear,Express Lane
TRF-109640,2026-02-06 16:00:00,107,bus,33.7,1073.0,clear,Express Lane
TRF-109641,2026-02-06 17:00:00,104,bike,74.2,356.0,clear,Express Lane
TRF-109642,2026-02-06 18:00:00,107,van,17.4,683.0,snowy,Lane 1
TRF-109643,2026-02-06 19:00:00,102,bike,36.6,172.0,cloudy,Lane 2
TRF-109644,2026-02-06 20:00:00,106,bus,45.5,423.0,rainy,Express Lane
TRF-109645,2026-02-06 21:00:00,105,car,27.0,512.0,foggy,Express Lane
TRF-109646,2026-02-06 22:00:00,104,bike,53.0,1016.0,snowy,Lane 1
TRF-109647,2026-02-06 23:00:00,106,bus,61.3,520.0,cloudy,Lane 3
TRF-109648,2026-02-07 00:00:00,106,car,35.2,980.0,foggy,Lane 3
TRF-109649,2026-02-07 01:00:00,108,truck,56.3,441.0,foggy,Express Lane
TRF-109650,2026-02-07 02:00:00,107,truck,63.1,383.0,clear,Lane 1
TRF-109651,2026-02-07 03:00:00,108,bike,13.2,461.0,clear,Lane 1
TRF-109652,2026-02-07 04:00:00,103,car,51.1,32.0,clear,Lane 1
TRF-109653,2026-02-07 05:00:00,102,car,54.7,985.0,clear,Lane 3
TRF-109654,2026-02-07 06:00:00,102,bike,31.5,160.0,clear,Lane 3
TRF-109655,2026-02-07 07:00:00,102,truck,26.5,1053.0,cloudy,Lane 3
TRF-109656,2026-02-07 08:00:00,105,motorcycle,35.6,189.0,rainy,Lane 1
TRF-109657,2026-02-07 09:00:00,101,bus,44.6,46.0,clear,Lane 1
TRF-109658,2026-02-07 10:00:00,105,bus,34.5,385.0,rainy,Lane 3
TRF-109659,2026-02-07 11:00:00,104,truck,58.0,1085.0,clear,Express Lane
TRF-109660,2026-02-07 12:00:00,106,bus,55.7,918.0,clear,Lane 2
TRF-109661,2026-02-07 13:00:00,106,bus,54.8,512.0,snowy,Lane 1
TRF-109662,2026-02-07 14:00:00,108,bike,70.6,639.0,rainy,Lane 1
TRF-109663,2026-02-07 15:00:00,101,bike,59.6,802.0,clear,Lane 2
TRF-109664,2026-02-07 16:00:00,104,truck,53.1,886.0,snowy,Express Lane
TRF-109665,2026-02-07 17:00:00,101,motorcycle,26.0,825.0,clear,Lane 3
TRF-109666,2026-02-07 18:00:00,106,bus,68.8,991.0,cloudy,Lane 1
TRF-109667,2026-02-07 19:00:00,107,bus,70.8,831.0,foggy,Lane 2
TRF-109668,2026-02-07 20:00:00,105,truck,42.1,371.0,clear,Express Lane
TRF-109669,2026-02-07 21:00:00,102,truck,33.4,560.0,clear,Lane 2
TRF-109670,2026-02-07 22:00:00,106,car,61.6,589.0,clear,Lane 3
TRF-109671,2026-02-07 23:00:00,103,car,15.2,606.0,snowy,Lane 2
TRF-109672,2026-02-08 00:00:00,102,bus,55.2,560.0,clear,Express Lane
TRF-109673,2026-02-08 01:00:00,106,truck,74.9,176.0,cloudy,Lane 3
TRF-109674,2026-02-08 02:00:00,105,motorcycle,41.1,1030.0,rainy,Lane 2
TRF-109675,2026-02-08 03:00:00,101,bike,52.4,520.0,foggy,Lane 1
TRF-109676,2026-02-08 04:00:00,107,bus,49.8,382.0,snowy,Lane 3
TRF-109677,2026-02-08 05:00:00,107,bus,66.8,1040.0,rainy,Lane 3
TRF-109678,2026-02-08 06:00:00,102,truck,49.9,110.0,rainy,Lane 2
TRF-109679,2026-02-08 07:00:00,105,motorcycle,41.8,899.0,clear,Lane 1
TRF-109680,2026-02-08 08:00:00,107,bus,20.7,734.0,snowy,Express Lane
TRF-109681,2026-02-08 09:00:00,107,bike,49.7,560.0,rainy,Lane 2
TRF-109682,2026-02-08 10:00:00,104,bus,46.7,769.0,clear,Lane 2
TRF-109683,2026-02-08 11:00:00,103,car,11.4,539.0,foggy,Lane 2
TRF-109684,2026-02-08 12:00:00,102,bike,29.9,623.0,clear,Lane 1
TRF-109685,2026-02-08 13:00:00,101,car,47.9,942.0,clear,Lane 1
TRF-109686,2026-02-08 14:00:00,107,car,37.2,509.0,foggy,Lane 2
TRF-109687,2026-02-08 15:00:00,104,van,47.5,784.0,rainy,Lane 3
TRF-109688,2026-02-08 16:00:00,105,van,46.0,756.0,clear,Lane 3
TRF-109689,2026-02-08 17:00:00,107,bike,46.9,375.0,clear,Express Lane
TRF-109690,2026-02-08 18:00:00,108,bike,47.9,984.0,clear,Lane 3
TRF-109691,2026-02-08 19:00:00,103,bus,40.1,134.0,snowy,Lane 3
TRF-109692,2026-02-08 20:00:00,101,van,32.4,817.0,clear,Lane 2
TRF-109693,2026-02-08 21:00:00,105,car,76.2,824.0,clear,Lane 2
TRF-109694,2026-02-08 22:00:00,105,bus,74.4,422.0,snowy,Lane 1
TRF-109695,2026-02-08 23:00:00,102,truck,28.5,225.0,foggy,Lane 3
TRF-109696,2026-02-09 00:00:00,107,bus,69.8,451.0,foggy,Lane 2
TRF-109697,2026-02-09 01:00:00,102,bike,14.8,910.0,cloudy,Express Lane
TRF-109698,2026-02-09 02:00:00,101,truck,99.7,247.0,clear,Lane 3
TRF-109699,2026-02-09 03:00:00,108,truck,80.1,182.0,clear,Lane 3
TRF-109700,2026-02-09 04:00:00,107,truck,57.6,66.0,clear,Lane 2
TRF-109701,2026-02-09 05:00:00,106,motorcycle,63.5,719.0,rainy,Express Lane
TRF-109702,2026-02-09 06:00:00,107,truck,56.0,741.0,clear,Lane 2
TRF-109703,2026-02-09 07:00:00,108,car,36.1,339.0,clear,Express Lane
TRF-109704,2026-02-09 08:00:00,106,car,69.5,279.0,cloudy,Express Lane
TRF-109705,2026-02-09 09:00:00,105,bike,72.4,971.0,clear,Lane 2
TRF-109706,2026-02-09 10:00:00,102,car,34.9,769.0,clear,Lane 3
TRF-109707,2026-02-09 11:00:00,103,bus,47.4,654.0,clear,Lane 1
TRF-109708,2026-02-09 12:00:00,107,bike,47.9,121.0,clear,Lane 3
TRF-109709,2026-02-09 13:00:00,103,bus,47.1,604.0,foggy,Lane 2
TRF-109710,2026-02-09 14:00:00,107,car,43.2,513.0,snowy,Express Lane
TRF-109711,2026-02-09 15:00:00,105,bus,70.5,863.0,clear,Express Lane
TRF-109712,2026-02-09 16:00:00,102,car,76.8,331.0,rainy,Lane 3
TRF-109713,2026-02-09 17:00:00,101,bus,28.9,517.0,foggy,Lane 1
TRF-109714,2026-02-09 18:00:00,101,bus,61.8,513.0,rainy,Lane 2
TRF-109715,2026-02-09 19:00:00,101,bike,63.8,677.0,snowy,Express Lane
TRF-109716,2026-02-09 20:00:00,107,car,16.5,580.0,cloudy,Lane 2
TRF-109717,2026-02-09 21:00:00,107,truck,65.4,492.0,cloudy,Lane 3
TRF-109718,2026-02-09 22:00:00,103,truck,21.4,332.0,foggy,Express Lane
TRF-109719,2026-02-09 23:00:00,102,bike,38.8,447.0,clear,Express Lane
TRF-109720,2026-02-10 00:00:00,108,car,31.8,97.0,rainy,Express Lane
TRF-109721,2026-02-10 01:00:00,107,bike,19.7,86.0,snowy,Lane 2
TRF-109722,2026-02-10 02:00:00,102,bus,67.9,230.0,foggy,Lane 1
TRF-109723,2026-02-10 03:00:00,103,van,31.0,628.0,foggy,Express Lane
TRF-109724,2026-02-10 04:00:00,107,bus,40.9,859.0,clear,Lane 2
TRF-109725,2026-02-10 05:00:00,101,car,47.9,1092.0,rainy,Lane 3
TRF-109726,2026-02-10 06:00:00,101,bus,61.4,164.0,clear,Lane 2
TRF-109727,2026-02-10 07:00:00,105,car,30.6,892.0,foggy,Lane 3
TRF-109728,2026-02-10 08:00:00,106,bike,56.8,803.0,foggy,Lane 2
TRF-109729,2026-02-10 09:00:00,104,car,43.8,979.0,clear,Lane 2
TRF-109730,2026-02-10 10:00:00,108,car,29.9,624.0,rainy,Lane 3
TRF-109731,2026-02-10 11:00:00,106,truck,66.4,242.0,snowy,Express Lane
TRF-109732,2026-02-10 12:00:00,107,bike,85.4,816.0,rainy,Lane 1
TRF-109733,2026-02-10 13:00:00,102,bike,51.7,531.0,cloudy,Lane 3
TRF-109734,2026-02-10 14:00:00,107,car,37.0,200.0,foggy,Lane 1
TRF-109735,2026-02-10 15:00:00,102,car,34.8,449.0,rainy,Lane 3
TRF-109736,2026-02-10 16:00:00,102,motorcycle,62.5,853.0,clear,Lane 2
TRF-109737,2026-02-10 17:00:00,106,bike,48.2,50.0,clear,Express Lane
TRF-109738,2026-02-10 18:00:00,104,bike,28.9,319.0,clear,Express Lane
TRF-109739,2026-02-10 19:00:00,105,bus,17.5,651.0,clear,Lane 1
TRF-109740,2026-02-10 20:00:00,106,bike,54.9,136.0,snowy,Lane 3
TRF-109741,2026-02-10 21:00:00,104,car,25.2,718.0,cloudy,Lane 3
TRF-109742,2026-02-10 22:00:00,101,truck,40.8,974.0,rainy,Lane 3
TRF-109743,2026-02-10 23:00:00,101,truck,77.3,315.0,clear,Lane 3
TRF-109744,2026-02-11 00:00:00,102,van,33.0,650.0,clear,Lane 1
TRF-109745,2026-02-11 01:00:00,103,truck,67.0,812.0,clear,Lane 1
TRF-109746,2026-02-11 02:00:00,107,truck,29.6,757.0,rainy,Lane 1
TRF-109747,2026-02-11 03:00:00,107,car,63.7,857.0,clear,Lane 1
TRF-109748,2026-02-11 04:00:00,102,car,58.4,161.0,clear,Lane 3
TRF-109749,2026-02-11 05:00:00,103,car,56.8,368.0,snowy,Lane 1
TRF-109750,2026-02-11 06:00:00,108,motorcycle,37.0,250.0,foggy,Lane 1
TRF-109751,2026-02-11 07:00:00,104,bike,59.5,811.0,clear,Lane 2
TRF-109752,2026-02-11 08:00:00,108,bus,54.7,878.0,snowy,Lane 2
TRF-109753,2026-02-11 09:00:00,108,motorcycle,82.0,106.0,snowy,Lane 1
TRF-109754,2026-02-11 10:00:00,101,van,36.9,634.0,foggy,Lane 2
TRF-109755,2026-02-11 11:00:00,108,car,71.1,621.0,rainy,Lane 2
TRF-109756,2026-02-11 12:00:00,107,car,31.8,79.0,clear,Lane 2
TRF-109757,2026-02-11 13:00:00,106,truck,43.7,777.0,foggy,Lane 2
TRF-109758,2026-02-11 14:00:00,103,bike,36.5,560.0,clear,Express Lane
TRF-109759,2026-02-11 15:00:00,104,truck,39.1,707.0,foggy,Lane 3
TRF-109760,2026-02-11 16:00:00,101,truck,45.2,1025.0,snowy,Lane 2
TRF-109761,2026-02-11 17:00:00,108,truck,74.0,987.0,cloudy,Lane 3
TRF-109762,2026-02-11 18:00:00,106,bike,56.2,350.0,foggy,Lane 3
TRF-109763,2026-02-11 19:00:00,103,car,70.2,558.0,foggy,Lane 2
TRF-109764,2026-02-11 20:00:00,102,car,47.9,897.0,rainy,Lane 3
TRF-109765,2026-02-11 21:00:00,102,bike,71.1,770.0,foggy,Express Lane
TRF-109766,2026-02-11 22:00:00,102,bike,52.1,745.0,foggy,Lane 3
TRF-109767,2026-02-11 23:00:00,107,truck,33.8,462.0,clear,Lane 3
TRF-109768,2026-02-12 00:00:00,104,bus,67.0,1031.0,foggy,Lane 3
TRF-109769,2026-02-12 01:00:00,102,truck,74.7,409.0,clear,Lane 2
TRF-109770,2026-02-12 02:00:00,107,bus,59.5,286.0,rainy,Lane 2
TRF-109771,2026-02-12 03:00:00,105,car,63.0,426.0,snowy,Express Lane
TRF-109772,2026-02-12 04:00:00,107,car,71.0,818.0,snowy,Lane 3
TRF-109773,2026-02-12 05:00:00,101,truck,43.1,286.0,foggy,Lane 2
TRF-109774,2026-02-12 06:00:00,107,truck,35.1,1002.0,snowy,Lane 1
TRF-109775,2026-02-12 07:00:00,104,van,54.5,188.0,cloudy,Lane 1
TRF-109776,2026-02-12 08:00:00,106,bike,79.1,858.0,snowy,Lane 2
TRF-109777,2026-02-12 09:00:00,108,truck,53.4,1012.0,rainy,Lane 1
TRF-109778,2026-02-12 10:00:00,107,truck,59.3,232.0,rainy,Express Lane
TRF-109779,2026-02-12 11:00:00,102,car,49.3,717.0,foggy,Lane 2
TRF-109780,2026-02-12 12:00:00,101,car,53.3,111.0,foggy,Lane 3
TRF-109781,2026-02-12 13:00:00,103,truck,38.5,1078.0,foggy,Express Lane
TRF-109782,2026-02-12 14:00:00,102,car,57.9,959.0,snowy,Lane 2
TRF-109783,2026-02-12 15:00:00,101,bike,63.8,47.0,rainy,Express Lane
TRF-109784,2026-02-12 16:00:00,105,car,21.0,990.0,cloudy,Lane 3
TRF-109785,2026-02-12 17:00:00,108,motorcycle,21.0,916.0,clear,Lane 1
TRF-109786,2026-02-12 18:00:00,103,motorcycle,16.4,50.0,clear,Lane 3
TRF-109787,2026-02-12 19:00:00,105,truck,74.6,1026.0,clear,Lane 3
TRF-109788,2026-02-12 20:00:00,106,car,31.4,667.0,rainy,Lane 1
TRF-109789,2026-02-12 21:00:00,101,bike,54.3,966.0,rainy,Express Lane
TRF-109790,2026-02-12 22:00:00,105,bike,80.1,765.0,snowy,Lane 2
TRF-109791,2026-02-12 23:00:00,108,motorcycle,54.0,662.0,snowy,Lane 2
TRF-109792,2026-02-13 00:00:00,108,truck,47.9,669.0,clear,Express Lane
TRF-109793,2026-02-13 01:00:00,106,truck,32.8,475.0,clear,Lane 2
TRF-109794,2026-02-13 02:00:00,108,car,54.0,316.0,snowy,Lane 2
TRF-109795,2026-02-13 03:00:00,101,truck,30.1,897.0,clear,Lane 3
TRF-109796,2026-02-13 04:00:00,101,car,13.7,694.0,foggy,Lane 3
TRF-109797,2026-02-13 05:00:00,108,car,48.9,229.0,foggy,Express Lane
TRF-109798,2026-02-13 06:00:00,105,van,53.8,814.0,rainy,Lane 1
TRF-109799,2026-02-13 07:00:00,101,bike,38.5,177.0,clear,Lane 1
TRF-109800,2026-02-13 08:00:00,102,truck,34.6,396.0,foggy,Lane 3
TRF-109801,2026-02-13 09:00:00,108,truck,47.9,250.0,clear,Lane 1
TRF-109802,2026-02-13 10:00:00,101,truck,34.9,257.0,clear,Lane 2
TRF-109803,2026-02-13 11:00:00,104,car,61.4,335.0,cloudy,Lane 3
TRF-109804,2026-02-13 12:00:00,106,motorcycle,56.0,208.0,clear,Lane 1
TRF-109805,2026-02-13 13:00:00,108,motorcycle,77.3,997.0,clear,Lane 1
TRF-109806,2026-02-13 14:00:00,101,truck,41.6,446.0,foggy,Lane 2
TRF-109807,2026-02-13 15:00:00,104,motorcycle,49.3,639.0,clear,Lane 3
TRF-109808,2026-02-13 16:00:00,101,bike,51.1,657.0,clear,Lane 1
TRF-109809,2026-02-13 17:00:00,101,motorcycle,41.3,152.0,cloudy,Lane 1
TRF-109810,2026-02-13 18:00:00,105,truck,12.3,314.0,clear,Lane 1
TRF-109811,2026-02-13 19:00:00,102,truck,47.9,736.0,clear,Express Lane
TRF-109812,2026-02-13 20:00:00,108,truck,90.0,32.0,clear,Lane 2
TRF-109813,2026-02-13 21:00:00,106,bus,66.0,789.0,clear,Express Lane
TRF-109814,2026-02-13 22:00:00,108,truck,83.2,291.0,clear,Lane 1
TRF-109815,2026-02-13 23:00:00,102,bus,64.1,361.0,clear,Lane 3
TRF-109816,2026-02-14 00:00:00,103,car,45.3,994.0,cloudy,Lane 2
TRF-109817,2026-02-14 01:00:00,105,bus,58.8,290.0,clear,Lane 3
TRF-109818,2026-02-14 02:00:00,105,truck,67.3,1056.0,rainy,Lane 2
TRF-109819,2026-02-14 03:00:00,102,bus,19.2,801.0,clear,Express Lane
TRF-109820,2026-02-14 04:00:00,107,motorcycle,56.0,476.0,foggy,Express Lane
TRF-109821,2026-02-14 05:00:00,105,van,46.2,802.0,clear,Lane 1
TRF-109822,2026-02-14 06:00:00,108,car,74.6,508.0,rainy,Express Lane
TRF-109823,2026-02-14 07:00:00,102,motorcycle,54.7,598.0,clear,Express Lane
TRF-109824,2026-02-14 08:00:00,105,truck,5.0,896.0,clear,Lane 3
TRF-109825,2026-02-14 09:00:00,101,truck,55.9,624.0,clear,Lane 1
TRF-109826,2026-02-14 10:00:00,102,truck,10.9,469.0,foggy,Lane 3
TRF-109827,2026-02-14 11:00:00,102,bike,70.9,229.0,clear,Express Lane
TRF-109828,2026-02-14 12:00:00,108,bike,34.2,697.0,cloudy,Express Lane
TRF-109829,2026-02-14 13:00:00,104,bike,27.6,963.0,snowy,Lane 1
TRF-109830,2026-02-14 14:00:00,105,truck,34.1,308.0,snowy,Lane 1
TRF-109831,2026-02-14 15:00:00,105,car,31.9,323.0,rainy,Lane 3
TRF-109832,2026-02-14 16:00:00,102,motorcycle,45.2,234.0,clear,Express Lane
TRF-109833,2026-02-14 17:00:00,101,truck,32.5,906.0,clear,Lane 2
TRF-109834,2026-02-14 18:00:00,101,car,42.6,114.0,clear,Lane 3
TRF-109835,2026-02-14 19:00:00,106,car,20.2,322.0,snowy,Lane 2
TRF-109836,2026-02-14 20:00:00,101,car,43.5,419.0,cloudy,Lane 3
TRF-109837,2026-02-14 21:00:00,105,bike,73.6,440.0,foggy,Express Lane
TRF-109838,2026-02-14 22:00:00,107,truck,39.9,538.0,clear,Express Lane
TRF-109839,2026-02-14 23:00:00,104,bike,59.2,647.0,snowy,Lane 3
TRF-109840,2026-02-15 00:00:00,102,bike,25.4,121.0,rainy,Lane 3
TRF-109841,2026-02-15 01:00:00,103,bike,58.4,813.0,foggy,Lane 2
TRF-109842,2026-02-15 02:00:00,104,truck,68.5,600.0,snowy,Express Lane
TRF-109843,2026-02-15 03:00:00,108,motorcycle,73.7,800.0,clear,Lane 1
TRF-109844,2026-02-15 04:00:00,108,motorcycle,51.6,222.0,foggy,Lane 2
TRF-109845,2026-02-15 05:00:00,107,truck,60.1,736.0,clear,Lane 1
TRF-109846,2026-02-15 06:00:00,103,car,25.0,699.0,clear,Lane 1
TRF-109847,2026-02-15 07:00:00,104,van,41.1,933.0,clear,Lane 3
TRF-109848,2026-02-15 08:00:00,101,truck,33.6,1089.0,cloudy,Lane 3
TRF-109849,2026-02-15 09:00:00,105,car,53.9,653.0,clear,Lane 1
TRF-109850,2026-02-15 10:00:00,107,motorcycle,38.5,770.0,clear,Lane 2
TRF-109851,2026-02-15 11:00:00,103,truck,60.4,226.0,foggy,Lane 3
TRF-109852,2026-02-15 12:00:00,107,car,92.4,319.0,clear,Express Lane
TRF-109853,2026-02-15 13:00:00,104,bike,59.2,795.0,cloudy,Lane 1
TRF-109854,2026-02-15 14:00:00,105,car,73.4,1095.0,rainy,Lane 3
TRF-109855,2026-02-15 15:00:00,107,bus,26.7,1040.0,foggy,Lane 2
TRF-109856,2026-02-15 16:00:00,103,motorcycle,46.5,117.0,clear,Lane 3
TRF-109857,2026-02-15 17:00:00,102,car,51.9,205.0,cloudy,Lane 1
TRF-109858,2026-02-15 18:00:00,104,van,49.2,956.0,foggy,Lane 1
TRF-109859,2026-02-15 19:00:00,102,van,81.2,307.0,foggy,Lane 3
TRF-109860,2026-02-15 20:00:00,101,truck,34.6,453.0,rainy,Express Lane
TRF-109861,2026-02-15 21:00:00,102,truck,53.8,62.0,rainy,Express Lane
TRF-109862,2026-02-15 22:00:00,102,car,5.0,1081.0,foggy,Lane 2
TRF-109863,2026-02-15 23:00:00,106,bike,55.6,238.0,clear,Express Lane
TRF-109864,2026-02-16 00:00:00,104,motorcycle,57.1,631.0,snowy,Lane 2
TRF-109865,2026-02-16 01:00:00,101,truck,47.1,277.0,clear,Express Lane
TRF-109866,2026-02-16 02:00:00,102,bike,55.1,876.0,foggy,Express Lane
TRF-109867,2026-02-16 03:00:00,108,truck,37.8,819.0,clear,Lane 1
TRF-109868,2026-02-16 04:00:00,105,bike,26.0,47.0,foggy,Lane 3
TRF-109869,2026-02-16 05:00:00,103,truck,30.2,242.0,clear,Lane 1
TRF-109870,2026-02-16 06:00:00,102,car,32.7,543.0,rainy,Lane 2
TRF-109871,2026-02-16 07:00:00,101,truck,24.7,886.0,rainy,Express Lane
TRF-109872,2026-02-16 08:00:00,102,car,24.0,951.0,cloudy,Lane 3
TRF-109873,2026-02-16 09:00:00,103,car,33.1,836.0,snowy,Lane 2
TRF-109874,2026-02-16 10:00:00,101,car,41.6,1070.0,foggy,Lane 1
TRF-109875,2026-02-16 11:00:00,104,car,50.4,557.0,rainy,Express Lane
TRF-109876,2026-02-16 12:00:00,101,truck,26.0,206.0,clear,Express Lane
TRF-109877,2026-02-16 13:00:00,104,truck,31.2,327.0,clear,Lane 3
TRF-109878,2026-02-16 14:00:00,101,motorcycle,36.9,1027.0,snowy,Lane 2
TRF-109879,2026-02-16 15:00:00,108,truck,55.9,826.0,cloudy,Lane 3
TRF-109880,2026-02-16 16:00:00,107,bike,26.5,392.0,clear,Lane 3
TRF-109881,2026-02-16 17:00:00,103,bike,38.7,645.0,clear,Lane 2
TRF-109882,2026-02-16 18:00:00,103,bike,65.5,297.0,rainy,Lane 1
TRF-109883,2026-02-16 19:00:00,101,bike,33.7,529.0,rainy,Lane 2
TRF-109884,2026-02-16 20:00:00,107,van,25.5,943.0,rainy,Lane 2
TRF-109885,2026-02-16 21:00:00,102,car,46.4,246.0,foggy,Lane 3
TRF-109886,2026-02-16 22:00:00,103,truck,33.0,675.0,clear,Lane 3
TRF-109887,2026-02-16 23:00:00,108,car,5.0,1034.0,rainy,Lane 2
TRF-109888,2026-02-17 00:00:00,104,motorcycle,51.6,575.0,clear,Lane 2
TRF-109889,2026-02-17 01:00:00,104,bus,63.7,752.0,foggy,Lane 1
TRF-109890,2026-02-17 02:00:00,105,car,47.6,997.0,foggy,Express Lane
TRF-109891,2026-02-17 03:00:00,106,car,66.8,722.0,foggy,Lane 3
TRF-109892,2026-02-17 04:00:00,107,car,59.6,813.0,clear,Lane 2
TRF-109893,2026-02-17 05:00:00,106,truck,32.6,951.0,clear,Lane 1
TRF-109894,2026-02-17 06:00:00,106,truck,84.9,1050.0,clear,Lane 3
TRF-109895,2026-02-17 07:00:00,104,bus,53.8,56.0,clear,Express Lane
TRF-109896,2026-02-17 08:00:00,108,bike,55.7,291.0,snowy,Lane 1
TRF-109897,2026-02-17 09:00:00,108,motorcycle,30.1,676.0,rainy,Express Lane
TRF-109898,2026-02-17 10:00:00,105,car,20.2,718.0,clear,Lane 2
TRF-109899,2026-02-17 11:00:00,106,car,28.5,551.0,snowy,Lane 3
TRF-109900,2026-02-17 12:00:00,106,motorcycle,64.6,653.0,snowy,Lane 1
TRF-109901,2026-02-17 13:00:00,101,bus,78.8,560.0,foggy,Lane 2
TRF-109902,2026-02-17 14:00:00,101,bus,53.2,807.0,rainy,Lane 1
TRF-109903,2026-02-17 15:00:00,101,motorcycle,49.7,697.0,foggy,Lane 1
TRF-109904,2026-02-17 16:00:00,102,truck,65.4,83.0,foggy,Lane 2
TRF-109905,2026-02-17 17:00:00,106,van,72.9,803.0,rainy,Lane 3
TRF-109906,2026-02-17 18:00:00,108,car,21.9,424.0,clear,Lane 2
TRF-109907,2026-02-17 19:00:00,108,bus,77.3,541.0,snowy,Lane 3
TRF-109908,2026-02-17 20:00:00,102,motorcycle,41.2,830.0,cloudy,Lane 1
TRF-109909,2026-02-17 21:00:00,108,car,67.5,354.0,rainy,Lane 1
TRF-109910,2026-02-17 22:00:00,105,car,28.8,125.0,rainy,Lane 2
TRF-109911,2026-02-17 23:00:00,107,bike,66.6,203.0,snowy,Lane 1
TRF-109912,2026-02-18 00:00:00,104,bus,22.2,373.0,clear,Lane 1
TRF-109913,2026-02-18 01:00:00,106,truck,68.2,234.0,rainy,Express Lane
TRF-109914,2026-02-18 02:00:00,108,van,59.6,560.0,foggy,Express Lane
TRF-109915,2026-02-18 03:00:00,104,truck,19.7,739.0,clear,Express Lane
TRF-109916,2026-02-18 04:00:00,108,car,71.0,255.0,foggy,Lane 3
TRF-109917,2026-02-18 05:00:00,107,truck,30.4,331.0,clear,Express Lane
TRF-109918,2026-02-18 06:00:00,101,bike,68.6,249.0,foggy,Lane 2
TRF-109919,2026-02-18 07:00:00,106,bus,50.6,1033.0,snowy,Express Lane
TRF-109920,2026-02-18 08:00:00,103,truck,25.6,457.0,cloudy,Lane 3
TRF-109921,2026-02-18 09:00:00,102,truck,29.8,170.0,clear,Express Lane
TRF-109922,2026-02-18 10:00:00,102,bus,118.3,484.0,clear,Lane 2
TRF-109923,2026-02-18 11:00:00,106,motorcycle,89.5,174.0,cloudy,Express Lane
TRF-109924,2026-02-18 12:00:00,107,bike,44.2,998.0,clear,Express Lane
TRF-109925,2026-02-18 13:00:00,101,truck,55.6,555.0,clear,Lane 1
TRF-109926,2026-02-18 14:00:00,102,bike,69.7,187.0,rainy,Express Lane
TRF-109927,2026-02-18 15:00:00,101,truck,24.7,134.0,foggy,Express Lane
TRF-109928,2026-02-18 16:00:00,105,bike,60.4,771.0,foggy,Lane 1
TRF-109929,2026-02-18 17:00:00,104,car,65.8,919.0,clear,Express Lane
TRF-109930,2026-02-18 18:00:00,107,truck,54.5,318.0,clear,Lane 2
TRF-109931,2026-02-18 19:00:00,103,motorcycle,73.0,661.0,clear,Lane 2
TRF-109932,2026-02-18 20:00:00,104,car,50.7,1084.0,foggy,Express Lane
TRF-109933,2026-02-18 21:00:00,104,car,67.9,308.0,foggy,Lane 2
TRF-109934,2026-02-18 22:00:00,105,bus,52.3,977.0,foggy,Lane 1
TRF-109935,2026-02-18 23:00:00,102,truck,20.4,254.0,cloudy,Express Lane
TRF-109936,2026-02-19 00:00:00,103,car,64.9,113.0,rainy,Express Lane
TRF-109937,2026-02-19 01:00:00,102,car,71.4,121.0,clear,Lane 3
TRF-109938,2026-02-19 02:00:00,106,bike,45.3,37.0,clear,Lane 1
TRF-109939,2026-02-19 03:00:00,104,bus,23.9,508.0,rainy,Lane 1
TRF-109940,2026-02-19 04:00:00,106,van,63.6,137.0,foggy,Express Lane
TRF-109941,2026-02-19 05:00:00,101,truck,53.7,266.0,clear,Express Lane
TRF-109942,2026-02-19 06:00:00,104,truck,53.3,1011.0,foggy,Lane 1
TRF-109943,2026-02-19 07:00:00,102,motorcycle,51.4,558.0,cloudy,Lane 2
TRF-109944,2026-02-19 08:00:00,104,motorcycle,47.9,658.0,rainy,Lane 1
TRF-109945,2026-02-19 09:00:00,101,car,53.2,1021.0,clear,Lane 3
TRF-109946,2026-02-19 10:00:00,105,car,39.5,83.0,rainy,Lane 2
TRF-109947,2026-02-19 11:00:00,106,truck,18.9,778.0,foggy,Lane 1
TRF-109948,2026-02-19 12:00:00,108,truck,39.7,456.0,clear,Express Lane
TRF-109949,2026-02-19 13:00:00,106,bus,64.4,527.0,foggy,Lane 1
TRF-109950,2026-02-19 14:00:00,102,truck,42.0,375.0,clear,Express Lane
TRF-109951,2026-02-19 15:00:00,104,car,64.3,540.0,foggy,Lane 1
TRF-109952,2026-02-19 16:00:00,102,bike,22.5,470.0,rainy,Express Lane
TRF-109953,2026-02-19 17:00:00,105,truck,29.8,951.0,snowy,Lane 1
TRF-109954,2026-02-19 18:00:00,104,bike,28.7,751.0,clear,Lane 2
TRF-109955,2026-02-19 19:00:00,108,truck,50.4,257.0,foggy,Express Lane
TRF-109956,2026-02-19 20:00:00,104,bike,80.3,1026.0,snowy,Lane 2
TRF-109957,2026-02-19 21:00:00,108,van,88.4,639.0,rainy,Lane 2
TRF-109958,2026-02-19 22:00:00,102,van,67.0,857.0,foggy,Lane 2
TRF-109959,2026-02-19 23:00:00,102,truck,12.8,819.0,clear,Lane 2
TRF-109960,2026-02-20 00:00:00,101,truck,34.5,425.0,foggy,Lane 1
TRF-109961,2026-02-20 01:00:00,107,van,5.0,857.0,clear,Lane 2
TRF-109962,2026-02-20 02:00:00,107,truck,51.0,986.0,cloudy,Express Lane
TRF-109963,2026-02-20 03:00:00,105,truck,77.2,594.0,clear,Express Lane
TRF-109964,2026-02-20 04:00:00,107,van,62.7,185.0,clear,Lane 1
TRF-109965,2026-02-20 05:00:00,101,car,16.2,821.0,clear,Lane 3
TRF-109966,2026-02-20 06:00:00,106,car,73.0,532.0,clear,Lane 3
TRF-109967,2026-02-20 07:00:00,108,bus,69.7,810.0,clear,Express Lane
TRF-109968,2026-02-20 08:00:00,104,bike,75.8,363.0,clear,Lane 1
TRF-109969,2026-02-20 09:00:00,102,car,68.0,520.0,rainy,Lane 1
TRF-109970,2026-02-20 10:00:00,104,bike,38.5,357.0,snowy,Lane 2
TRF-109971,2026-02-20 11:00:00,104,motorcycle,14.6,30.0,foggy,Lane 2
TRF-109972,2026-02-20 12:00:00,103,truck,69.1,656.0,foggy,Express Lane
TRF-109973,2026-02-20 13:00:00,106,van,62.0,216.0,clear,Lane 3
TRF-109974,2026-02-20 14:00:00,103,truck,12.5,298.0,foggy,Lane 3
TRF-109975,2026-02-20 15:00:00,107,truck,30.6,152.0,clear,Lane 1
TRF-109976,2026-02-20 16:00:00,104,car,31.1,581.0,foggy,Lane 3
TRF-109977,2026-02-20 17:00:00,108,bike,61.1,560.0,clear,Lane 1
TRF-109978,2026-02-20 18:00:00,102,truck,47.7,365.0,foggy,Lane 1
TRF-109979,2026-02-20 19:00:00,108,motorcycle,43.3,419.0,clear,Lane 3
TRF-109980,2026-02-20 20:00:00,104,car,40.4,333.0,foggy,Lane 1
TRF-109981,2026-02-20 21:00:00,106,truck,27.7,943.0,clear,Lane 1
TRF-109982,2026-02-20 22:00:00,108,bus,65.4,878.0,foggy,Lane 1
TRF-109983,2026-02-20 23:00:00,103,truck,34.9,1001.0,cloudy,Express Lane
TRF-109984,2026-02-21 00:00:00,102,bike,68.9,255.0,clear,Lane 1
TRF-109985,2026-02-21 01:00:00,104,bus,22.9,542.0,clear,Express Lane
TRF-109986,2026-02-21 02:00:00,105,truck,39.1,1039.0,cloudy,Lane 2
TRF-109987,2026-02-21 03:00:00,106,motorcycle,47.9,58.0,rainy,Lane 3
TRF-109988,2026-02-21 04:00:00,106,bike,52.2,633.0,clear,Lane 3
TRF-109989,2026-02-21 05:00:00,105,bike,39.2,994.0,rainy,Lane 1
TRF-109990,2026-02-21 06:00:00,108,van,36.7,1010.0,rainy,Lane 3
TRF-109991,2026-02-21 07:00:00,104,truck,32.4,644.0,clear,Lane 3
TRF-109992,2026-02-21 08:00:00,106,bus,56.2,1036.0,clear,Lane 2
TRF-109993,2026-02-21 09:00:00,102,truck,64.2,1042.0,clear,Lane 2
TRF-109994,2026-02-21 10:00:00,104,truck,52.5,754.0,clear,Express Lane
TRF-109995,2026-02-21 11:00:00,104,truck,46.9,501.0,foggy,Lane 2
TRF-109996,2026-02-21 12:00:00,103,car,58.8,718.0,snowy,Lane 2
TRF-109997,2026-02-21 13:00:00,106,bike,22.7,344.0,foggy,Lane 2
TRF-109998,2026-02-21 14:00:00,106,truck,54.8,938.0,rainy,Lane 1
TRF-109999,2026-02-21 15:00:00,105,car,55.8,586.0,clear,Express Lane
TRF-110000,2026-02-21 16:00:00,103,van,52.8,971.0,clear,Lane 3
TRF-110001,2026-02-21 17:00:00,108,truck,38.0,308.0,cloudy,Lane 2
TRF-110002,2026-02-21 18:00:00,107,van,34.0,869.0,clear,Express Lane
TRF-110003,2026-02-21 19:00:00,108,car,24.6,396.0,rainy,Express Lane
TRF-110004,2026-02-21 20:00:00,108,car,74.5,360.0,clear,Lane 2
TRF-110005,2026-02-21 21:00:00,103,car,47.0,426.0,foggy,Lane 3
TRF-110006,2026-02-21 22:00:00,106,bike,40.4,817.0,clear,Lane 1
TRF-110007,2026-02-21 23:00:00,104,van,38.6,414.0,snowy,Express Lane
TRF-110008,2026-02-22 00:00:00,103,car,30.8,587.0,clear,Lane 3
TRF-110009,2026-02-22 01:00:00,105,car,38.4,1083.0,cloudy,Lane 2
TRF-110010,2026-02-22 02:00:00,103,truck,69.8,292.0,foggy,Express Lane
TRF-110011,2026-02-22 03:00:00,105,car,58.5,437.0,clear,Lane 1
TRF-110012,2026-02-22 04:00:00,108,truck,62.9,973.0,rainy,Express Lane
TRF-110013,2026-02-22 05:00:00,107,truck,65.3,1019.0,rainy,Express Lane
TRF-110014,2026-02-22 06:00:00,103,bus,87.6,1096.0,rainy,Express Lane
TRF-110015,2026-02-22 07:00:00,105,car,48.5,876.0,clear,Lane 1
TRF-110016,2026-02-22 08:00:00,103,van,40.3,1089.0,clear,Lane 1
TRF-110017,2026-02-22 09:00:00,107,truck,55.9,1097.0,snowy,Lane 3
TRF-110018,2026-02-22 10:00:00,108,bus,59.7,904.0,clear,Lane 3
TRF-110019,2026-02-22 11:00:00,103,motorcycle,47.4,526.0,clear,Express Lane
TRF-110020,2026-02-22 12:00:00,102,bike,31.9,187.0,snowy,Lane 3
TRF-110021,2026-02-22 13:00:00,105,motorcycle,51.3,300.0,clear,Lane 2
TRF-110022,2026-02-22 14:00:00,107,truck,57.8,342.0,foggy,Lane 1
TRF-110023,2026-02-22 15:00:00,105,bus,54.3,374.0,cloudy,Lane 2
TRF-110024,2026-02-22 16:00:00,105,bus,14.9,146.0,cloudy,Lane 1
TRF-110025,2026-02-22 17:00:00,101,bus,19.4,1050.0,clear,Lane 1
TRF-110026,2026-02-22 18:00:00,107,car,60.9,203.0,foggy,Lane 1
TRF-110027,2026-02-22 19:00:00,103,truck,41.3,778.0,clear,Lane 1
TRF-110028,2026-02-22 20:00:00,105,bus,88.0,560.0,clear,Lane 1
TRF-110029,2026-02-22 21:00:00,106,van,72.1,624.0,snowy,Lane 1
TRF-110030,2026-02-22 22:00:00,101,truck,25.2,339.0,clear,Express Lane
TRF-110031,2026-02-22 23:00:00,102,bus,66.5,263.0,foggy,Lane 1
TRF-110032,2026-02-23 00:00:00,105,motorcycle,76.8,191.0,rainy,Lane 3
TRF-110033,2026-02-23 01:00:00,108,car,40.0,720.0,foggy,Express Lane
TRF-110034,2026-02-23 02:00:00,105,truck,46.4,321.0,foggy,Lane 3
TRF-110035,2026-02-23 03:00:00,101,car,38.1,156.0,cloudy,Lane 2
TRF-110036,2026-02-23 04:00:00,103,bike,27.8,722.0,foggy,Lane 1
TRF-110037,2026-02-23 05:00:00,106,bike,76.4,631.0,rainy,Lane 2
TRF-110038,2026-02-23 06:00:00,108,motorcycle,5.0,417.0,rainy,Lane 3
TRF-110039,2026-02-23 07:00:00,102,bus,35.9,809.0,snowy,Express Lane
TRF-110040,2026-02-23 08:00:00,108,truck,40.4,278.0,clear,Lane 2
TRF-110041,2026-02-23 09:00:00,105,car,50.8,210.0,snowy,Lane 2
TRF-110042,2026-02-23 10:00:00,103,truck,25.7,725.0,rainy,Lane 1
TRF-110043,2026-02-23 11:00:00,107,car,72.4,310.0,clear,Lane 2
TRF-110044,2026-02-23 12:00:00,106,car,15.0,326.0,rainy,Lane 2
TRF-110045,2026-02-23 13:00:00,107,truck,15.2,720.0,clear,Lane 2
TRF-110046,2026-02-23 14:00:00,106,motorcycle,49.0,591.0,foggy,Lane 3
TRF-110047,2026-02-23 15:00:00,102,motorcycle,24.8,1080.0,rainy,Lane 1
TRF-110048,2026-02-23 16:00:00,104,bus,51.7,340.0,clear,Lane 1
TRF-110049,2026-02-23 17:00:00,106,truck,34.7,904.0,rainy,Lane 1
TRF-110050,2026-02-23 18:00:00,104,bike,62.5,419.0,clear,Express Lane
TRF-110051,2026-02-23 19:00:00,107,car,31.3,35.0,clear,Lane 1
TRF-110052,2026-02-23 20:00:00,106,car,74.0,732.0,foggy,Lane 3
TRF-110053,2026-02-23 21:00:00,102,car,59.3,1040.0,snowy,Lane 1
TRF-110054,2026-02-23 22:00:00,101,bike,34.4,559.0,clear,Lane 2
TRF-110055,2026-02-23 23:00:00,102,truck,59.2,188.0,clear,Lane 3
TRF-110056,2026-02-24 00:00:00,102,bus,50.6,981.0,foggy,Lane 2
TRF-110057,2026-02-24 01:00:00,101,car,62.1,259.0,rainy,Lane 3
TRF-110058,2026-02-24 02:00:00,101,car,58.8,721.0,foggy,Lane 1
TRF-110059,2026-02-24 03:00:00,103,bike,54.5,162.0,clear,Express Lane
TRF-110060,2026-02-24 04:00:00,106,car,49.2,978.0,rainy,Lane 1
TRF-110061,2026-02-24 05:00:00,107,car,64.3,188.0,rainy,Lane 3
TRF-110062,2026-02-24 06:00:00,103,bike,69.1,562.0,clear,Lane 1
TRF-110063,2026-02-24 07:00:00,101,truck,50.5,710.0,rainy,Lane 3
TRF-110064,2026-02-24 08:00:00,104,motorcycle,58.9,324.0,foggy,Lane 1
TRF-110065,2026-02-24 09:00:00,107,bus,64.9,966.0,cloudy,Lane 3
TRF-110066,2026-02-24 10:00:00,104,motorcycle,76.9,850.0,snowy,Express Lane
TRF-110067,2026-02-24 11:00:00,102,car,73.8,310.0,rainy,Lane 1
TRF-110068,2026-02-24 12:00:00,105,bike,66.5,388.0,foggy,Lane 1
TRF-110069,2026-02-24 13:00:00,102,truck,40.5,1042.0,clear,Lane 3
TRF-110070,2026-02-24 14:00:00,102,car,24.4,876.0,clear,Lane 2
TRF-110071,2026-02-24 15:00:00,105,car,58.1,677.0,rainy,Lane 1
TRF-110072,2026-02-24 16:00:00,106,car,57.9,30.0,snowy,Express Lane
TRF-110073,2026-02-24 17:00:00,101,van,40.9,344.0,snowy,Lane 3
TRF-110074,2026-02-24 18:00:00,104,bike,24.0,510.0,rainy,Lane 1
TRF-110075,2026-02-24 19:00:00,102,motorcycle,77.8,683.0,cloudy,Lane 1
TRF-110076,2026-02-24 20:00:00,105,truck,55.7,877.0,foggy,Lane 2
TRF-110077,2026-02-24 21:00:00,103,van,26.3,818.0,rainy,Express Lane
TRF-110078,2026-02-24 22:00:00,102,bike,45.7,343.0,clear,Lane 3
TRF-110079,2026-02-24 23:00:00,104,car,23.8,168.0,cloudy,Lane 2
TRF-110080,2026-02-25 00:00:00,101,bus,60.3,527.0,foggy,Lane 1
TRF-110081,2026-02-25 01:00:00,102,car,81.3,150.0,clear,Lane 3
TRF-110082,2026-02-25 02:00:00,102,bus,44.7,494.0,rainy,Lane 2
TRF-110083,2026-02-25 03:00:00,106,bike,46.3,1019.0,snowy,Express Lane
TRF-110084,2026-02-25 04:00:00,108,bus,43.0,939.0,clear,Express Lane
TRF-110085,2026-02-25 05:00:00,105,car,44.0,393.0,clear,Express Lane
TRF-110086,2026-02-25 06:00:00,103,bike,34.0,190.0,clear,Lane 3
TRF-110087,2026-02-25 07:00:00,103,truck,72.9,693.0,clear,Lane 1
TRF-110088,2026-02-25 08:00:00,107,truck,51.5,996.0,foggy,Lane 1
TRF-110089,2026-02-25 09:00:00,101,truck,49.1,579.0,clear,Lane 2
TRF-110090,2026-02-25 10:00:00,107,truck,43.9,776.0,foggy,Lane 1
TRF-110091,2026-02-25 11:00:00,104,bike,25.1,118.0,rainy,Express Lane
TRF-110092,2026-02-25 12:00:00,101,bus,64.9,922.0,foggy,Express Lane
TRF-110093,2026-02-25 13:00:00,102,bus,73.6,750.0,rainy,Express Lane
TRF-110094,2026-02-25 14:00:00,108,truck,14.5,415.0,clear,Lane 3
TRF-110095,2026-02-25 15:00:00,102,truck,60.8,683.0,cloudy,Lane 1
TRF-110096,2026-02-25 16:00:00,103,car,63.5,366.0,rainy,Express Lane
TRF-110097,2026-02-25 17:00:00,104,bus,71.1,619.0,snowy,Lane 2
TRF-110098,2026-02-25 18:00:00,105,bus,69.7,464.0,snowy,Lane 1
TRF-110099,2026-02-25 19:00:00,104,car,95.4,1097.0,rainy,Lane 2
TRF-110100,2026-02-25 20:00:00,102,motorcycle,55.2,516.0,clear,Lane 2
TRF-110101,2026-02-25 21:00:00,105,truck,65.9,138.0,clear,Express Lane
TRF-110102,2026-02-25 22:00:00,104,truck,48.2,729.0,clear,Express Lane
TRF-110103,2026-02-25 23:00:00,108,car,33.5,572.0,clear,Express Lane
TRF-110104,2026-02-26 00:00:00,108,bike,60.7,834.0,rainy,Lane 2
TRF-110105,2026-02-26 01:00:00,104,bus,65.9,712.0,clear,Lane 2
TRF-110106,2026-02-26 02:00:00,105,bike,54.2,638.0,foggy,Express Lane
TRF-110107,2026-02-26 03:00:00,102,car,18.1,868.0,cloudy,Lane 3
TRF-110108,2026-02-26 04:00:00,104,car,21.9,579.0,clear,Lane 2
TRF-110109,2026-02-26 05:00:00,105,car,61.8,293.0,clear,Express Lane
TRF-110110,2026-02-26 06:00:00,106,car,41.4,319.0,foggy,Express Lane
TRF-110111,2026-02-26 07:00:00,108,truck,54.4,174.0,clear,Lane 3
TRF-110112,2026-02-26 08:00:00,106,bike,56.7,558.0,foggy,Express Lane
TRF-110113,2026-02-26 09:00:00,102,truck,45.9,123.0,clear,Express Lane
TRF-110114,2026-02-26 10:00:00,105,bus,43.4,367.0,clear,Lane 3
TRF-110115,2026-02-26 11:00:00,106,van,45.7,1028.0,clear,Lane 3
TRF-110116,2026-02-26 12:00:00,105,bus,58.6,107.0,clear,Lane 1
TRF-110117,2026-02-26 13:00:00,104,truck,56.6,128.0,rainy,Lane 2
TRF-110118,2026-02-26 14:00:00,102,car,33.6,675.0,rainy,Lane 2
TRF-110119,2026-02-26 15:00:00,106,truck,47.7,838.0,rainy,Lane 1
TRF-110120,2026-02-26 16:00:00,107,car,28.9,1005.0,clear,Lane 2
TRF-110121,2026-02-26 17:00:00,104,truck,57.3,334.0,rainy,Lane 1
TRF-110122,2026-02-26 18:00:00,108,car,39.6,905.0,clear,Lane 2
TRF-110123,2026-02-26 19:00:00,107,bus,61.0,385.0,cloudy,Express Lane
TRF-110124,2026-02-26 20:00:00,107,car,43.7,802.0,rainy,Lane 3
TRF-110125,2026-02-26 21:00:00,101,truck,68.6,808.0,clear,Lane 3
TRF-110126,2026-02-26 22:00:00,101,truck,72.0,69.0,foggy,Lane 3
TRF-110127,2026-02-26 23:00:00,102,car,56.0,505.0,clear,Lane 2
TRF-110128,2026-02-27 00:00:00,106,bike,41.4,708.0,clear,Express Lane
TRF-110129,2026-02-27 01:00:00,106,bike,31.1,867.0,rainy,Lane 3
TRF-110130,2026-02-27 02:00:00,106,bus,65.3,561.0,clear,Lane 1
TRF-110131,2026-02-27 03:00:00,105,bike,46.8,259.0,clear,Lane 2
TRF-110132,2026-02-27 04:00:00,104,truck,48.9,1014.0,rainy,Lane 2
TRF-110133,2026-02-27 05:00:00,106,truck,41.0,810.0,clear,Express Lane
TRF-110134,2026-02-27 06:00:00,104,car,23.1,105.0,clear,Lane 2
TRF-110135,2026-02-27 07:00:00,102,car,67.3,294.0,rainy,Lane 3
TRF-110136,2026-02-27 08:00:00,107,motorcycle,46.5,344.0,foggy,Lane 3
TRF-110137,2026-02-27 09:00:00,106,car,14.5,657.0,rainy,Lane 1
TRF-110138,2026-02-27 10:00:00,102,car,45.5,1021.0,rainy,Lane 1
TRF-110139,2026-02-27 11:00:00,106,truck,23.6,111.0,clear,Lane 2
TRF-110140,2026-02-27 12:00:00,101,motorcycle,58.6,259.0,clear,Lane 1
TRF-110141,2026-02-27 13:00:00,103,truck,56.2,675.0,foggy,Lane 2
TRF-110142,2026-02-27 14:00:00,102,bus,75.1,327.0,clear,Lane 3
TRF-110143,2026-02-27 15:00:00,106,bike,21.4,310.0,clear,Express Lane
TRF-110144,2026-02-27 16:00:00,108,motorcycle,73.9,497.0,clear,Lane 3
TRF-110145,2026-02-27 17:00:00,103,truck,57.3,559.0,foggy,Lane 2
TRF-110146,2026-02-27 18:00:00,102,bike,23.4,437.0,rainy,Lane 3
TRF-110147,2026-02-27 19:00:00,108,truck,80.9,1004.0,rainy,Lane 3
TRF-110148,2026-02-27 20:00:00,108,bike,45.8,252.0,cloudy,Express Lane
TRF-110149,2026-02-27 21:00:00,105,truck,26.6,798.0,cloudy,Lane 3
TRF-110150,2026-02-27 22:00:00,108,car,66.7,1068.0,clear,Lane 2
TRF-110151,2026-02-27 23:00:00,106,motorcycle,28.4,723.0,foggy,Lane 1
TRF-110152,2026-02-28 00:00:00,105,bus,68.8,575.0,clear,Express Lane
TRF-110153,2026-02-28 01:00:00,101,bus,44.5,1055.0,snowy,Lane 2
TRF-110154,2026-02-28 02:00:00,106,bike,41.7,180.0,clear,Lane 2
TRF-110155,2026-02-28 03:00:00,107,car,24.6,647.0,rainy,Lane 3
TRF-110156,2026-02-28 04:00:00,108,car,29.2,796.0,clear,Express Lane
TRF-110157,2026-02-28 05:00:00,101,truck,50.9,43.0,cloudy,Express Lane
TRF-110158,2026-02-28 06:00:00,103,bike,18.5,685.0,foggy,Lane 3
TRF-110159,2026-02-28 07:00:00,102,bus,60.4,957.0,rainy,Lane 1
TRF-110160,2026-02-28 08:00:00,108,car,38.6,236.0,foggy,Express Lane
TRF-110161,2026-02-28 09:00:00,104,bike,40.9,648.0,rainy,Lane 2
TRF-110162,2026-02-28 10:00:00,101,car,58.5,764.0,clear,Lane 1
TRF-110163,2026-02-28 11:00:00,104,truck,44.3,809.0,clear,Express Lane
TRF-110164,2026-02-28 12:00:00,108,bike,70.2,560.0,clear,Lane 1
TRF-110165,2026-02-28 13:00:00,104,truck,11.1,460.0,clear,Lane 2
TRF-110166,2026-02-28 14:00:00,108,truck,62.4,824.0,cloudy,Lane 1
TRF-110167,2026-02-28 15:00:00,102,bus,48.4,85.0,foggy,Express Lane
TRF-110168,2026-02-28 16:00:00,103,car,36.2,237.0,foggy,Express Lane
TRF-110169,2026-02-28 17:00:00,102,bike,65.1,768.0,cloudy,Lane 2
TRF-110170,2026-02-28 18:00:00,106,van,58.6,133.0,foggy,Lane 2
TRF-110171,2026-02-28 19:00:00,101,car,52.1,493.0,clear,Lane 1
TRF-110172,2026-02-28 20:00:00,104,van,43.4,499.0,foggy,Lane 1
TRF-110173,2026-02-28 21:00:00,102,truck,35.3,609.0,rainy,Lane 2
TRF-110174,2026-02-28 22:00:00,108,truck,28.6,279.0,rainy,Express Lane
TRF-110175,2026-02-28 23:00:00,102,bus,72.6,1021.0,clear,Lane 3
TRF-110176,2026-03-01 00:00:00,102,bike,62.9,632.0,foggy,Lane 3
TRF-110177,2026-03-01 01:00:00,101,truck,58.2,812.0,rainy,Express Lane
TRF-110178,2026-03-01 02:00:00,103,bike,40.3,432.0,rainy,Express Lane
TRF-110179,2026-03-01 03:00:00,107,truck,84.6,55.0,rainy,Lane 2
TRF-110180,2026-03-01 04:00:00,102,bus,35.5,748.0,clear,Lane 3
TRF-110181,2026-03-01 05:00:00,101,van,41.2,970.0,clear,Express Lane
TRF-110182,2026-03-01 06:00:00,104,truck,80.6,39.0,foggy,Express Lane
TRF-110183,2026-03-01 07:00:00,108,truck,47.1,643.0,snowy,Express Lane
TRF-110184,2026-03-01 08:00:00,106,van,79.3,877.0,foggy,Lane 1
TRF-110185,2026-03-01 09:00:00,107,bike,54.8,250.0,rainy,Express Lane
TRF-110186,2026-03-01 10:00:00,105,truck,38.7,573.0,clear,Lane 1
TRF-110187,2026-03-01 11:00:00,107,van,44.5,125.0,clear,Lane 3
TRF-110188,2026-03-01 12:00:00,108,truck,35.1,560.0,clear,Express Lane
TRF-110189,2026-03-01 13:00:00,107,bus,60.5,644.0,clear,Express Lane
TRF-110190,2026-03-01 14:00:00,108,bike,70.0,871.0,rainy,Lane 3
TRF-110191,2026-03-01 15:00:00,101,truck,56.4,1090.0,foggy,Lane 2
TRF-110192,2026-03-01 16:00:00,105,van,53.1,909.0,foggy,Express Lane
TRF-110193,2026-03-01 17:00:00,102,truck,29.3,160.0,snowy,Express Lane
TRF-110194,2026-03-01 18:00:00,102,car,67.7,127.0,rainy,Lane 1
TRF-110195,2026-03-01 19:00:00,107,truck,63.1,1089.0,rainy,Lane 3
TRF-110196,2026-03-01 20:00:00,101,car,53.0,999.0,rainy,Express Lane
TRF-110197,2026-03-01 21:00:00,105,bike,42.6,984.0,rainy,Lane 3
TRF-110198,2026-03-01 22:00:00,102,truck,48.8,723.0,rainy,Lane 3
TRF-110199,2026-03-01 23:00:00,104,motorcycle,31.6,57.0,cloudy,Express Lane
TRF-110200,2026-03-02 00:00:00,103,car,21.5,934.0,rainy,Lane 3
TRF-110201,2026-03-02 01:00:00,103,car,42.6,698.0,clear,Express Lane
TRF-110202,2026-03-02 02:00:00,102,car,32.5,551.0,clear,Lane 1
TRF-110203,2026-03-02 03:00:00,105,bus,38.9,952.0,clear,Lane 2
TRF-110204,2026-03-02 04:00:00,106,car,39.2,138.0,foggy,Lane 1
TRF-110205,2026-03-02 05:00:00,102,bus,46.6,859.0,foggy,Lane 2
TRF-110206,2026-03-02 06:00:00,106,van,45.4,637.0,foggy,Lane 3
TRF-110207,2026-03-02 07:00:00,106,car,5.0,687.0,clear,Lane 3
TRF-110208,2026-03-02 08:00:00,108,bike,54.3,239.0,rainy,Lane 2
TRF-110209,2026-03-02 09:00:00,108,bus,50.4,371.0,rainy,Lane 3
TRF-110210,2026-03-02 10:00:00,105,van,65.3,695.0,foggy,Lane 1
TRF-110211,2026-03-02 11:00:00,106,car,44.2,802.0,clear,Express Lane
TRF-110212,2026-03-02 12:00:00,104,truck,67.5,358.0,foggy,Lane 2
TRF-110213,2026-03-02 13:00:00,105,bike,45.2,585.0,snowy,Express Lane
TRF-110214,2026-03-02 14:00:00,102,truck,54.1,277.0,clear,Express Lane
TRF-110215,2026-03-02 15:00:00,107,truck,31.5,1073.0,clear,Lane 3
TRF-110216,2026-03-02 16:00:00,104,bus,68.4,725.0,clear,Lane 3
TRF-110217,2026-03-02 17:00:00,101,bike,71.4,532.0,cloudy,Lane 3
TRF-110218,2026-03-02 18:00:00,103,bike,81.9,393.0,clear,Express Lane
TRF-110219,2026-03-02 19:00:00,102,car,38.2,518.0,clear,Lane 2
TRF-110220,2026-03-02 20:00:00,102,bus,57.5,841.0,clear,Lane 1
TRF-110221,2026-03-02 21:00:00,102,bus,22.1,694.0,rainy,Lane 1
TRF-110222,2026-03-02 22:00:00,104,truck,14.0,1070.0,cloudy,Lane 3
TRF-110223,2026-03-02 23:00:00,101,motorcycle,58.1,68.0,cloudy,Express Lane
TRF-110224,2026-03-03 00:00:00,107,car,46.0,694.0,clear,Lane 2
TRF-110225,2026-03-03 01:00:00,105,truck,24.9,896.0,clear,Lane 2
TRF-110226,2026-03-03 02:00:00,108,truck,51.2,324.0,rainy,Express Lane
TRF-110227,2026-03-03 03:00:00,101,bike,64.8,68.0,rainy,Express Lane
TRF-110228,2026-03-03 04:00:00,104,motorcycle,49.1,216.0,clear,Lane 2
TRF-110229,2026-03-03 05:00:00,102,motorcycle,70.1,779.0,foggy,Lane 3
TRF-110230,2026-03-03 06:00:00,103,bike,36.1,991.0,snowy,Express Lane
TRF-110231,2026-03-03 07:00:00,102,motorcycle,67.5,813.0,cloudy,Lane 1
TRF-110232,2026-03-03 08:00:00,105,car,41.1,338.0,foggy,Express Lane
TRF-110233,2026-03-03 09:00:00,106,bike,70.1,391.0,cloudy,Lane 2
TRF-110234,2026-03-03 10:00:00,103,car,25.1,491.0,snowy,Lane 1
TRF-110235,2026-03-03 11:00:00,102,truck,52.2,698.0,clear,Lane 2
TRF-110236,2026-03-03 12:00:00,107,bus,52.1,735.0,rainy,Lane 2
TRF-110237,2026-03-03 13:00:00,103,bike,56.6,807.0,clear,Lane 1
TRF-110238,2026-03-03 14:00:00,106,bike,41.7,31.0,rainy,Express Lane
TRF-110239,2026-03-03 15:00:00,108,car,55.8,682.0,rainy,Lane 2
TRF-110240,2026-03-03 16:00:00,101,car,44.4,211.0,clear,Lane 1
TRF-110241,2026-03-03 17:00:00,104,car,38.5,31.0,foggy,Lane 2
TRF-110242,2026-03-03 18:00:00,108,car,73.5,1006.0,clear,Lane 1
TRF-110243,2026-03-03 19:00:00,102,truck,49.4,336.0,clear,Lane 3
TRF-110244,2026-03-03 20:00:00,105,van,20.8,905.0,clear,Lane 2
TRF-110245,2026-03-03 21:00:00,101,van,35.9,78.0,clear,Lane 2
TRF-110246,2026-03-03 22:00:00,108,bike,74.1,1025.0,clear,Lane 1
TRF-110247,2026-03-03 23:00:00,102,car,31.6,409.0,foggy,Lane 1
TRF-110248,2026-03-04 00:00:00,101,car,57.7,820.0,clear,Lane 1
TRF-110249,2026-03-04 01:00:00,108,bike,35.5,820.0,snowy,Lane 1
TRF-110250,2026-03-04 02:00:00,105,van,22.1,533.0,foggy,Express Lane
TRF-110251,2026-03-04 03:00:00,102,car,56.6,813.0,clear,Express Lane
TRF-110252,2026-03-04 04:00:00,106,bus,42.1,585.0,clear,Express Lane
TRF-110253,2026-03-04 05:00:00,106,bus,76.6,601.0,foggy,Lane 3
TRF-110254,2026-03-04 06:00:00,105,bike,68.3,138.0,foggy,Lane 2
TRF-110255,2026-03-04 07:00:00,103,motorcycle,70.8,94.0,cloudy,Express Lane
TRF-110256,2026-03-04 08:00:00,105,bus,67.2,297.0,foggy,Express Lane
TRF-110257,2026-03-04 09:00:00,103,car,60.4,116.0,foggy,Lane 2
TRF-110258,2026-03-04 10:00:00,102,van,23.4,479.0,clear,Express Lane
TRF-110259,2026-03-04 11:00:00,108,car,43.8,958.0,clear,Lane 2
TRF-110260,2026-03-04 12:00:00,103,bus,60.1,770.0,snowy,Lane 3
TRF-110261,2026-03-04 13:00:00,102,car,42.8,500.0,clear,Lane 1
TRF-110262,2026-03-04 14:00:00,102,truck,47.5,794.0,foggy,Lane 3
TRF-110263,2026-03-04 15:00:00,107,truck,61.0,139.0,foggy,Lane 2
TRF-110264,2026-03-04 16:00:00,104,car,67.0,323.0,rainy,Lane 2
TRF-110265,2026-03-04 17:00:00,102,bus,31.4,244.0,rainy,Express Lane
TRF-110266,2026-03-04 18:00:00,103,motorcycle,60.1,989.0,foggy,Express Lane
TRF-110267,2026-03-04 19:00:00,104,truck,58.2,710.0,foggy,Lane 1
TRF-110268,2026-03-04 20:00:00,104,car,30.2,1081.0,clear,Lane 1
TRF-110269,2026-03-04 21:00:00,102,bike,40.7,295.0,clear,Express Lane
TRF-110270,2026-03-04 22:00:00,105,car,50.7,925.0,foggy,Express Lane
TRF-110271,2026-03-04 23:00:00,105,truck,73.0,1023.0,rainy,Lane 3
TRF-110272,2026-03-05 00:00:00,106,bus,40.5,560.0,clear,Lane 2
TRF-110273,2026-03-05 01:00:00,104,bus,55.5,628.0,clear,Lane 3
TRF-110274,2026-03-05 02:00:00,102,van,69.0,943.0,rainy,Lane 2
TRF-110275,2026-03-05 03:00:00,107,truck,81.4,696.0,clear,Lane 1
TRF-110276,2026-03-05 04:00:00,105,van,52.1,49.0,rainy,Lane 1
TRF-110277,2026-03-05 05:00:00,107,bike,9.8,79.0,clear,Lane 2
TRF-110278,2026-03-05 06:00:00,102,bus,64.6,96.0,rainy,Lane 1
TRF-110279,2026-03-05 07:00:00,102,bike,51.8,394.0,snowy,Lane 2
TRF-110280,2026-03-05 08:00:00,108,bus,32.8,942.0,cloudy,Express Lane
TRF-110281,2026-03-05 09:00:00,104,car,60.8,690.0,foggy,Express Lane
TRF-110282,2026-03-05 10:00:00,108,van,81.6,1006.0,foggy,Lane 1
TRF-110283,2026-03-05 11:00:00,107,truck,51.8,845.0,rainy,Lane 1
TRF-110284,2026-03-05 12:00:00,108,bike,18.8,57.0,clear,Lane 3
TRF-110285,2026-03-05 13:00:00,106,truck,74.0,495.0,snowy,Lane 1
TRF-110286,2026-03-05 14:00:00,104,car,48.4,295.0,foggy,Lane 2
TRF-110287,2026-03-05 15:00:00,101,car,60.8,799.0,foggy,Lane 2
TRF-110288,2026-03-05 16:00:00,108,bus,49.1,1022.0,rainy,Lane 2
TRF-110289,2026-03-05 17:00:00,107,truck,56.2,286.0,snowy,Lane 3
TRF-110290,2026-03-05 18:00:00,105,motorcycle,60.0,887.0,cloudy,Express Lane
TRF-110291,2026-03-05 19:00:00,105,car,62.5,102.0,cloudy,Lane 2
TRF-110292,2026-03-05 20:00:00,105,van,50.6,1066.0,clear,Lane 3
TRF-110293,2026-03-05 21:00:00,103,bus,34.3,612.0,rainy,Lane 3
TRF-110294,2026-03-05 22:00:00,102,car,51.5,1054.0,rainy,Lane 1
TRF-110295,2026-03-05 23:00:00,104,car,62.2,512.0,foggy,Lane 1
TRF-110296,2026-03-06 00:00:00,105,motorcycle,34.4,224.0,foggy,Express Lane
TRF-110297,2026-03-06 01:00:00,101,truck,28.1,432.0,clear,Lane 3
TRF-110298,2026-03-06 02:00:00,105,car,47.9,33.0,clear,Lane 2
TRF-110299,2026-03-06 03:00:00,106,truck,78.4,794.0,clear,Lane 3
TRF-110300,2026-03-06 04:00:00,102,motorcycle,48.7,571.0,clear,Lane 1
TRF-110301,2026-03-06 05:00:00,107,truck,58.8,833.0,rainy,Lane 3
TRF-110302,2026-03-06 06:00:00,102,bike,54.8,135.0,cloudy,Lane 2
TRF-110303,2026-03-06 07:00:00,108,car,8.8,151.0,rainy,Lane 3
TRF-110304,2026-03-06 08:00:00,107,van,51.7,984.0,rainy,Express Lane
TRF-110305,2026-03-06 09:00:00,107,car,74.4,737.0,cloudy,Express Lane
TRF-110306,2026-03-06 10:00:00,108,truck,26.9,1012.0,clear,Express Lane
TRF-110307,2026-03-06 11:00:00,104,truck,25.2,744.0,cloudy,Lane 1
TRF-110308,2026-03-06 12:00:00,108,car,34.9,801.0,clear,Express Lane
TRF-110309,2026-03-06 13:00:00,103,truck,39.5,339.0,rainy,Lane 3
TRF-110310,2026-03-06 14:00:00,107,truck,60.0,881.0,foggy,Lane 2
TRF-110311,2026-03-06 15:00:00,107,bike,71.8,586.0,foggy,Express Lane
TRF-110312,2026-03-06 16:00:00,108,van,71.3,942.0,rainy,Lane 2
TRF-110313,2026-03-06 17:00:00,104,truck,59.8,727.0,clear,Lane 1
TRF-110314,2026-03-06 18:00:00,105,bike,19.4,42.0,foggy,Lane 1
TRF-110315,2026-03-06 19:00:00,106,truck,19.3,238.0,clear,Lane 1
TRF-110316,2026-03-06 20:00:00,101,truck,61.2,464.0,rainy,Lane 1
TRF-110317,2026-03-06 21:00:00,104,truck,19.4,879.0,clear,Express Lane
TRF-110318,2026-03-06 22:00:00,103,car,58.0,136.0,clear,Lane 3
TRF-110319,2026-03-06 23:00:00,104,car,53.0,653.0,clear,Lane 1
TRF-110320,2026-03-07 00:00:00,102,bus,39.7,149.0,clear,Lane 2
TRF-110321,2026-03-07 01:00:00,105,bus,5.0,96.0,snowy,Lane 1
TRF-110322,2026-03-07 02:00:00,105,van,51.6,1016.0,clear,Express Lane
TRF-110323,2026-03-07 03:00:00,107,bike,57.2,111.0,rainy,Lane 3
TRF-110324,2026-03-07 04:00:00,105,truck,38.0,743.0,clear,Lane 3
TRF-110325,2026-03-07 05:00:00,105,motorcycle,28.3,143.0,cloudy,Express Lane
TRF-110326,2026-03-07 06:00:00,108,bike,53.3,789.0,clear,Lane 3
TRF-110327,2026-03-07 07:00:00,105,bike,47.9,560.0,rainy,Express Lane
TRF-110328,2026-03-07 08:00:00,105,bike,59.1,989.0,foggy,Express Lane
TRF-110329,2026-03-07 09:00:00,101,motorcycle,67.0,560.0,cloudy,Lane 3
TRF-110330,2026-03-07 10:00:00,103,car,12.7,802.0,clear,Express Lane
TRF-110331,2026-03-07 11:00:00,107,car,38.5,591.0,rainy,Lane 2
TRF-110332,2026-03-07 12:00:00,108,bus,47.1,345.0,clear,Express Lane
TRF-110333,2026-03-07 13:00:00,105,van,47.7,504.0,foggy,Lane 1
TRF-110334,2026-03-07 14:00:00,107,bus,47.9,905.0,clear,Lane 1
TRF-110335,2026-03-07 15:00:00,103,bike,23.9,400.0,cloudy,Lane 1
TRF-110336,2026-03-07 16:00:00,108,van,39.7,1022.0,snowy,Lane 1
TRF-110337,2026-03-07 17:00:00,106,truck,59.6,287.0,clear,Express Lane
TRF-110338,2026-03-07 18:00:00,105,motorcycle,58.3,752.0,rainy,Express Lane
TRF-110339,2026-03-07 19:00:00,107,bike,58.5,458.0,clear,Express Lane
TRF-110340,2026-03-07 20:00:00,104,car,70.5,1063.0,foggy,Lane 1
TRF-110341,2026-03-07 21:00:00,108,truck,29.1,706.0,rainy,Lane 1
TRF-110342,2026-03-07 22:00:00,108,van,41.2,692.0,clear,Lane 1
TRF-110343,2026-03-07 23:00:00,107,truck,44.7,454.0,rainy,Lane 3
TRF-110344,2026-03-08 00:00:00,105,motorcycle,5.0,659.0,rainy,Lane 3
TRF-110345,2026-03-08 01:00:00,102,truck,52.0,163.0,cloudy,Lane 2
TRF-110346,2026-03-08 02:00:00,101,van,47.5,990.0,foggy,Express Lane
TRF-110347,2026-03-08 03:00:00,104,car,27.5,47.0,clear,Lane 3
TRF-110348,2026-03-08 04:00:00,104,van,63.7,397.0,clear,Express Lane
TRF-110349,2026-03-08 05:00:00,102,car,62.5,197.0,clear,Express Lane
TRF-110350,2026-03-08 06:00:00,105,car,55.2,46.0,clear,Lane 2
TRF-110351,2026-03-08 07:00:00,108,truck,17.2,938.0,rainy,Lane 1
TRF-110352,2026-03-08 08:00:00,108,van,30.5,572.0,clear,Express Lane
TRF-110353,2026-03-08 09:00:00,101,van,53.5,756.0,foggy,Lane 1
TRF-110354,2026-03-08 10:00:00,104,car,38.3,335.0,clear,Express Lane
TRF-110355,2026-03-08 11:00:00,101,truck,43.8,408.0,foggy,Lane 3
TRF-110356,2026-03-08 12:00:00,104,car,28.2,369.0,snowy,Lane 3
TRF-110357,2026-03-08 13:00:00,105,bus,51.5,180.0,rainy,Lane 1
TRF-110358,2026-03-08 14:00:00,106,van,75.1,1098.0,snowy,Lane 1
TRF-110359,2026-03-08 15:00:00,104,motorcycle,53.8,236.0,clear,Lane 3
TRF-110360,2026-03-08 16:00:00,106,bike,65.5,168.0,clear,Lane 1
TRF-110361,2026-03-08 17:00:00,104,bike,63.8,875.0,clear,Lane 3
TRF-110362,2026-03-08 18:00:00,108,truck,41.6,413.0,cloudy,Lane 1
TRF-110363,2026-03-08 19:00:00,103,truck,44.7,755.0,rainy,Express Lane
TRF-110364,2026-03-08 20:00:00,105,car,74.5,703.0,clear,Lane 3
TRF-110365,2026-03-08 21:00:00,102,van,61.2,1021.0,snowy,Express Lane
TRF-110366,2026-03-08 22:00:00,106,van,65.3,232.0,cloudy,Lane 3
TRF-110367,2026-03-08 23:00:00,102,car,51.0,39.0,foggy,Lane 1
TRF-110368,2026-03-09 00:00:00,105,bike,40.9,379.0,foggy,Lane 1
TRF-110369,2026-03-09 01:00:00,107,bus,43.1,767.0,cloudy,Express Lane
TRF-110370,2026-03-09 02:00:00,102,truck,72.8,246.0,clear,Express Lane
TRF-110371,2026-03-09 03:00:00,105,motorcycle,48.0,33.0,clear,Lane 3
TRF-110372,2026-03-09 04:00:00,108,car,70.5,635.0,rainy,Lane 2
TRF-110373,2026-03-09 05:00:00,102,truck,73.3,1091.0,rainy,Lane 2
TRF-110374,2026-03-09 06:00:00,106,bus,64.6,617.0,foggy,Lane 2
TRF-110375,2026-03-09 07:00:00,103,bike,62.5,851.0,clear,Lane 2
TRF-110376,2026-03-09 08:00:00,102,truck,78.5,859.0,clear,Lane 1
TRF-110377,2026-03-09 09:00:00,106,car,32.8,304.0,clear,Express Lane
TRF-110378,2026-03-09 10:00:00,104,car,40.6,635.0,clear,Lane 2
TRF-110379,2026-03-09 11:00:00,105,motorcycle,25.3,1040.0,foggy,Lane 2
TRF-110380,2026-03-09 12:00:00,101,car,21.0,129.0,rainy,Express Lane
TRF-110381,2026-03-09 13:00:00,107,bus,47.2,1057.0,clear,Lane 3
TRF-110382,2026-03-09 14:00:00,108,bike,52.8,441.0,clear,Lane 3
TRF-110383,2026-03-09 15:00:00,101,bus,57.1,619.0,clear,Lane 1
TRF-110384,2026-03-09 16:00:00,108,bus,35.4,739.0,clear,Lane 3
TRF-110385,2026-03-09 17:00:00,105,bus,40.6,355.0,rainy,Lane 2
TRF-110386,2026-03-09 18:00:00,108,truck,63.2,1002.0,snowy,Express Lane
TRF-110387,2026-03-09 19:00:00,103,bus,21.7,1054.0,clear,Lane 2
TRF-110388,2026-03-09 20:00:00,102,car,48.2,629.0,foggy,Express Lane
TRF-110389,2026-03-09 21:00:00,103,car,71.5,39.0,foggy,Lane 1
TRF-110390,2026-03-09 22:00:00,101,car,43.2,404.0,clear,Lane 1
TRF-110391,2026-03-09 23:00:00,107,truck,40.4,675.0,clear,Lane 2
TRF-110392,2026-03-10 00:00:00,106,van,70.4,681.0,snowy,Lane 3
TRF-110393,2026-03-10 01:00:00,107,car,22.6,132.0,cloudy,Lane 3
TRF-110394,2026-03-10 02:00:00,105,truck,33.5,914.0,clear,Lane 1
TRF-110395,2026-03-10 03:00:00,105,truck,34.2,946.0,clear,Express Lane
TRF-110396,2026-03-10 04:00:00,103,car,60.5,139.0,rainy,Express Lane
TRF-110397,2026-03-10 05:00:00,106,car,19.1,253.0,foggy,Lane 1
TRF-110398,2026-03-10 06:00:00,103,car,70.2,253.0,foggy,Lane 1
TRF-110399,2026-03-10 07:00:00,102,bike,47.5,780.0,clear,Lane 2
TRF-110400,2026-03-10 08:00:00,104,truck,66.8,660.0,clear,Lane 3
TRF-110401,2026-03-10 09:00:00,106,car,70.3,872.0,rainy,Lane 3
TRF-110402,2026-03-10 10:00:00,104,bus,33.9,243.0,clear,Lane 3
TRF-110403,2026-03-10 11:00:00,107,truck,48.3,285.0,snowy,Lane 2
TRF-110404,2026-03-10 12:00:00,102,bike,43.9,696.0,clear,Lane 1
TRF-110405,2026-03-10 13:00:00,108,bus,46.8,1049.0,snowy,Lane 3
TRF-110406,2026-03-10 14:00:00,108,truck,47.9,1095.0,snowy,Lane 2
TRF-110407,2026-03-10 15:00:00,104,bike,68.1,1082.0,cloudy,Express Lane
TRF-110408,2026-03-10 16:00:00,101,motorcycle,44.7,724.0,clear,Lane 3
TRF-110409,2026-03-10 17:00:00,107,car,42.0,590.0,clear,Express Lane
TRF-110410,2026-03-10 18:00:00,104,truck,68.2,356.0,clear,Lane 2
TRF-110411,2026-03-10 19:00:00,102,bus,63.1,872.0,clear,Lane 3
TRF-110412,2026-03-10 20:00:00,104,bike,53.2,446.0,cloudy,Lane 1
TRF-110413,2026-03-10 21:00:00,105,bus,40.9,1051.0,clear,Lane 3
TRF-110414,2026-03-10 22:00:00,103,car,74.4,932.0,rainy,Lane 2
TRF-110415,2026-03-10 23:00:00,101,car,29.0,309.0,clear,Express Lane
TRF-110416,2026-03-11 00:00:00,105,bike,67.3,252.0,rainy,Lane 3
TRF-110417,2026-03-11 01:00:00,105,van,59.3,137.0,clear,Lane 2
TRF-110418,2026-03-11 02:00:00,102,truck,25.2,747.0,clear,Lane 2
TRF-110419,2026-03-11 03:00:00,103,truck,49.3,713.0,clear,Lane 3
TRF-110420,2026-03-11 04:00:00,103,bike,24.2,631.0,clear,Lane 2
TRF-110421,2026-03-11 05:00:00,106,truck,41.7,990.0,clear,Express Lane
TRF-110422,2026-03-11 06:00:00,107,truck,53.0,1059.0,rainy,Express Lane
TRF-110423,2026-03-11 07:00:00,101,car,29.7,536.0,clear,Express Lane
TRF-110424,2026-03-11 08:00:00,107,bike,5.7,904.0,clear,Lane 2
TRF-110425,2026-03-11 09:00:00,102,car,45.7,297.0,cloudy,Express Lane
TRF-110426,2026-03-11 10:00:00,101,bus,51.9,222.0,clear,Lane 1
TRF-110427,2026-03-11 11:00:00,106,truck,41.2,785.0,clear,Lane 1
TRF-110428,2026-03-11 12:00:00,104,motorcycle,47.7,789.0,snowy,Lane 1
TRF-110429,2026-03-11 13:00:00,105,truck,44.8,99.0,clear,Lane 2
TRF-110430,2026-03-11 14:00:00,101,bike,29.7,1083.0,cloudy,Lane 3
TRF-110431,2026-03-11 15:00:00,107,bike,83.0,539.0,snowy,Lane 3
TRF-110432,2026-03-11 16:00:00,105,truck,53.7,763.0,clear,Lane 1
TRF-110433,2026-03-11 17:00:00,102,car,40.3,489.0,foggy,Lane 2
TRF-110434,2026-03-11 18:00:00,107,bus,33.2,487.0,clear,Lane 1
TRF-110435,2026-03-11 19:00:00,104,bus,40.8,596.0,clear,Lane 1
TRF-110436,2026-03-11 20:00:00,102,truck,41.4,68.0,foggy,Express Lane
TRF-110437,2026-03-11 21:00:00,108,bike,48.7,999.0,cloudy,Lane 2
TRF-110438,2026-03-11 22:00:00,104,bike,68.6,291.0,clear,Lane 1
TRF-110439,2026-03-11 23:00:00,104,truck,33.5,213.0,rainy,Express Lane
TRF-110440,2026-03-12 00:00:00,105,motorcycle,51.2,549.0,cloudy,Lane 2
TRF-110441,2026-03-12 01:00:00,102,truck,62.4,1009.0,clear,Lane 1
TRF-110442,2026-03-12 02:00:00,102,truck,35.9,852.0,clear,Lane 3
TRF-110443,2026-03-12 03:00:00,101,truck,35.8,902.0,rainy,Lane 1
TRF-110444,2026-03-12 04:00:00,107,truck,20.8,415.0,foggy,Lane 3
TRF-110445,2026-03-12 05:00:00,108,bike,78.3,605.0,cloudy,Express Lane
TRF-110446,2026-03-12 06:00:00,102,car,57.1,282.0,foggy,Lane 1
TRF-110447,2026-03-12 07:00:00,101,truck,37.7,1064.0,rainy,Express Lane
TRF-110448,2026-03-12 08:00:00,108,motorcycle,37.0,629.0,foggy,Express Lane
TRF-110449,2026-03-12 09:00:00,103,car,29.4,240.0,rainy,Lane 1
TRF-110450,2026-03-12 10:00:00,103,car,50.8,389.0,rainy,Express Lane
TRF-110451,2026-03-12 11:00:00,108,truck,41.8,97.0,foggy,Lane 3
TRF-110452,2026-03-12 12:00:00,103,bike,31.5,456.0,clear,Lane 1
TRF-110453,2026-03-12 13:00:00,106,van,34.1,38.0,clear,Lane 2
TRF-110454,2026-03-12 14:00:00,102,car,61.1,566.0,foggy,Lane 3
TRF-110455,2026-03-12 15:00:00,106,car,41.1,724.0,clear,Lane 2
TRF-110456,2026-03-12 16:00:00,107,car,25.9,830.0,foggy,Lane 2
TRF-110457,2026-03-12 17:00:00,102,truck,49.2,51.0,rainy,Lane 3
TRF-110458,2026-03-12 18:00:00,101,bus,35.6,1095.0,clear,Express Lane
TRF-110459,2026-03-12 19:00:00,106,truck,59.6,184.0,foggy,Express Lane
TRF-110460,2026-03-12 20:00:00,106,bike,75.1,839.0,foggy,Lane 1
TRF-110461,2026-03-12 21:00:00,107,car,13.1,107.0,clear,Lane 2
TRF-110462,2026-03-12 22:00:00,106,truck,35.3,133.0,clear,Express Lane
TRF-110463,2026-03-12 23:00:00,104,bus,50.5,307.0,foggy,Express Lane
TRF-110464,2026-03-13 00:00:00,101,bike,46.6,748.0,clear,Lane 1
TRF-110465,2026-03-13 01:00:00,103,bus,70.5,792.0,foggy,Lane 2
TRF-110466,2026-03-13 02:00:00,101,bike,47.7,560.0,cloudy,Lane 3
TRF-110467,2026-03-13 03:00:00,104,bus,51.7,368.0,snowy,Lane 3
TRF-110468,2026-03-13 04:00:00,107,bike,55.8,303.0,rainy,Lane 2
TRF-110469,2026-03-13 05:00:00,107,truck,35.7,937.0,foggy,Express Lane
TRF-110470,2026-03-13 06:00:00,102,bike,57.3,462.0,clear,Express Lane
TRF-110471,2026-03-13 07:00:00,101,van,55.3,639.0,rainy,Lane 3
TRF-110472,2026-03-13 08:00:00,108,bus,49.9,420.0,rainy,Lane 2
TRF-110473,2026-03-13 09:00:00,108,truck,13.5,203.0,clear,Express Lane
TRF-110474,2026-03-13 10:00:00,107,bus,34.3,1007.0,snowy,Lane 1
TRF-110475,2026-03-13 11:00:00,106,bus,51.3,301.0,clear,Lane 2
TRF-110476,2026-03-13 12:00:00,107,car,46.3,337.0,rainy,Lane 2
TRF-110477,2026-03-13 13:00:00,107,bus,61.5,624.0,snowy,Lane 2
TRF-110478,2026-03-13 14:00:00,107,truck,61.6,585.0,rainy,Lane 3
TRF-110479,2026-03-13 15:00:00,107,car,54.2,236.0,rainy,Lane 3
TRF-110480,2026-03-13 16:00:00,108,car,61.6,34.0,foggy,Express Lane
TRF-110481,2026-03-13 17:00:00,108,truck,57.0,528.0,rainy,Express Lane
TRF-110482,2026-03-13 18:00:00,103,bus,38.5,1081.0,rainy,Lane 3
TRF-110483,2026-03-13 19:00:00,103,car,47.9,979.0,rainy,Express Lane
TRF-110484,2026-03-13 20:00:00,102,car,28.2,100.0,cloudy,Lane 2
TRF-110485,2026-03-13 21:00:00,107,bus,74.9,59.0,rainy,Lane 3
TRF-110486,2026-03-13 22:00:00,108,car,25.4,850.0,clear,Express Lane
TRF-110487,2026-03-13 23:00:00,101,truck,10.5,700.0,rainy,Lane 3
TRF-110488,2026-03-14 00:00:00,104,car,86.2,1023.0,foggy,Lane 3
TRF-110489,2026-03-14 01:00:00,102,bike,46.3,352.0,clear,Lane 3
TRF-110490,2026-03-14 02:00:00,108,bus,64.1,399.0,foggy,Lane 3
TRF-110491,2026-03-14 03:00:00,101,car,61.2,1035.0,foggy,Lane 2
TRF-110492,2026-03-14 04:00:00,107,bike,66.8,243.0,rainy,Lane 2
TRF-110493,2026-03-14 05:00:00,105,bus,58.6,695.0,rainy,Express Lane
TRF-110494,2026-03-14 06:00:00,107,bike,58.8,434.0,clear,Lane 3
TRF-110495,2026-03-14 07:00:00,103,bike,5.9,642.0,cloudy,Lane 3
TRF-110496,2026-03-14 08:00:00,104,car,30.7,1063.0,clear,Lane 2
TRF-110497,2026-03-14 09:00:00,108,motorcycle,5.0,310.0,clear,Express Lane
TRF-110498,2026-03-14 10:00:00,108,motorcycle,33.2,560.0,foggy,Lane 2
TRF-110499,2026-03-14 11:00:00,106,car,38.4,338.0,clear,Lane 3
TRF-110500,2026-03-14 12:00:00,104,van,45.9,514.0,rainy,Lane 1
TRF-110501,2026-03-14 13:00:00,106,car,30.9,1003.0,clear,Express Lane
TRF-110502,2026-03-14 14:00:00,104,car,41.7,1052.0,foggy,Lane 3
TRF-110503,2026-03-14 15:00:00,103,bus,38.7,821.0,foggy,Lane 1
TRF-110504,2026-03-14 16:00:00,106,truck,54.2,312.0,clear,Lane 3
TRF-110505,2026-03-14 17:00:00,101,truck,61.7,184.0,rainy,Express Lane
TRF-110506,2026-03-14 18:00:00,106,car,51.9,836.0,foggy,Express Lane
TRF-110507,2026-03-14 19:00:00,102,truck,59.3,625.0,cloudy,Express Lane
TRF-110508,2026-03-14 20:00:00,101,motorcycle,51.4,899.0,cloudy,Lane 1
TRF-110509,2026-03-14 21:00:00,102,bike,69.4,290.0,clear,Lane 1
TRF-110510,2026-03-14 22:00:00,107,truck,81.6,813.0,foggy,Lane 3
TRF-110511,2026-03-14 23:00:00,104,truck,5.0,1013.0,clear,Express Lane
TRF-110512,2026-03-15 00:00:00,101,truck,68.4,250.0,snowy,Lane 2
TRF-110513,2026-03-15 01:00:00,104,truck,24.8,722.0,snowy,Lane 2
TRF-110514,2026-03-15 02:00:00,107,truck,51.3,427.0,foggy,Express Lane
TRF-110515,2026-03-15 03:00:00,105,van,52.7,743.0,foggy,Lane 2
TRF-110516,2026-03-15 04:00:00,108,van,59.0,826.0,clear,Lane 2
TRF-110517,2026-03-15 05:00:00,104,van,47.1,441.0,clear,Express Lane
TRF-110518,2026-03-15 06:00:00,107,bus,47.9,659.0,foggy,Lane 3
TRF-110519,2026-03-15 07:00:00,104,bike,54.2,658.0,rainy,Lane 1
TRF-110520,2026-03-15 08:00:00,107,bike,41.8,430.0,clear,Lane 2
TRF-110521,2026-03-15 09:00:00,102,car,13.8,738.0,clear,Express Lane
TRF-110522,2026-03-15 10:00:00,107,car,48.0,203.0,snowy,Lane 3
TRF-110523,2026-03-15 11:00:00,106,truck,34.5,330.0,clear,Express Lane
TRF-110524,2026-03-15 12:00:00,105,truck,33.0,132.0,foggy,Lane 3
TRF-110525,2026-03-15 13:00:00,104,bike,31.2,550.0,foggy,Lane 2
TRF-110526,2026-03-15 14:00:00,107,motorcycle,12.5,1058.0,rainy,Lane 2
TRF-110527,2026-03-15 15:00:00,107,car,40.8,207.0,foggy,Lane 2
TRF-110528,2026-03-15 16:00:00,104,truck,48.0,56.0,clear,Lane 2
TRF-110529,2026-03-15 17:00:00,108,car,61.8,407.0,snowy,Lane 3
TRF-110530,2026-03-15 18:00:00,105,bus,37.4,126.0,clear,Express Lane
TRF-110531,2026-03-15 19:00:00,105,truck,76.4,707.0,foggy,Lane 3
TRF-110532,2026-03-15 20:00:00,107,bike,58.5,417.0,foggy,Lane 1
TRF-110533,2026-03-15 21:00:00,101,van,27.8,1032.0,snowy,Lane 1
TRF-110534,2026-03-15 22:00:00,102,motorcycle,39.2,193.0,foggy,Lane 3
TRF-110535,2026-03-15 23:00:00,105,car,84.4,974.0,clear,Lane 1
TRF-110536,2026-03-16 00:00:00,105,car,61.7,710.0,clear,Lane 3
TRF-110537,2026-03-16 01:00:00,103,motorcycle,38.5,1031.0,foggy,Lane 2
TRF-110538,2026-03-16 02:00:00,106,car,64.1,187.0,clear,Lane 3
TRF-110539,2026-03-16 03:00:00,105,car,25.3,427.0,clear,Lane 2
TRF-110540,2026-03-16 04:00:00,102,motorcycle,38.1,842.0,rainy,Express Lane
TRF-110541,2026-03-16 05:00:00,106,truck,6.1,992.0,foggy,Express Lane
TRF-110542,2026-03-16 06:00:00,106,van,58.9,378.0,foggy,Lane 2
TRF-110543,2026-03-16 07:00:00,104,bus,27.0,813.0,cloudy,Lane 3
TRF-110544,2026-03-16 08:00:00,104,bike,46.5,423.0,clear,Lane 3
TRF-110545,2026-03-16 09:00:00,104,bus,20.2,977.0,foggy,Lane 2
TRF-110546,2026-03-16 10:00:00,104,bus,51.6,79.0,snowy,Lane 1
TRF-110547,2026-03-16 11:00:00,103,truck,46.7,872.0,clear,Lane 3
TRF-110548,2026-03-16 12:00:00,105,truck,21.5,530.0,clear,Lane 2
TRF-110549,2026-03-16 13:00:00,104,motorcycle,39.4,771.0,rainy,Lane 1
TRF-110550,2026-03-16 14:00:00,107,bike,50.4,217.0,foggy,Lane 1
TRF-110551,2026-03-16 15:00:00,101,bus,56.0,975.0,foggy,Lane 2
TRF-110552,2026-03-16 16:00:00,104,van,76.5,158.0,clear,Lane 3
TRF-110553,2026-03-16 17:00:00,105,truck,69.9,126.0,rainy,Lane 1
TRF-110554,2026-03-16 18:00:00,104,truck,35.5,394.0,clear,Lane 1
TRF-110555,2026-03-16 19:00:00,103,truck,35.3,530.0,clear,Lane 1
TRF-110556,2026-03-16 20:00:00,102,van,22.2,948.0,clear,Express Lane
TRF-110557,2026-03-16 21:00:00,102,bike,29.8,206.0,rainy,Lane 2
TRF-110558,2026-03-16 22:00:00,105,truck,63.5,1037.0,clear,Express Lane
TRF-110559,2026-03-16 23:00:00,107,bus,19.4,658.0,cloudy,Lane 1
TRF-110560,2026-03-17 00:00:00,102,van,45.2,999.0,rainy,Lane 1
TRF-110561,2026-03-17 01:00:00,108,truck,42.6,302.0,cloudy,Lane 2
TRF-110562,2026-03-17 02:00:00,102,truck,34.4,428.0,clear,Lane 1
TRF-110563,2026-03-17 03:00:00,101,car,24.6,440.0,foggy,Lane 2
TRF-110564,2026-03-17 04:00:00,105,bus,13.9,806.0,foggy,Lane 1
TRF-110565,2026-03-17 05:00:00,107,van,24.7,370.0,foggy,Lane 2
TRF-110566,2026-03-17 06:00:00,105,bike,46.5,534.0,cloudy,Lane 2
TRF-110567,2026-03-17 07:00:00,102,bike,58.8,890.0,foggy,Lane 3
TRF-110568,2026-03-17 08:00:00,102,van,77.0,766.0,foggy,Lane 3
TRF-110569,2026-03-17 09:00:00,102,truck,54.0,658.0,clear,Lane 2
TRF-110570,2026-03-17 10:00:00,106,motorcycle,58.7,279.0,foggy,Lane 2
TRF-110571,2026-03-17 11:00:00,103,bus,76.9,541.0,rainy,Lane 1
TRF-110572,2026-03-17 12:00:00,104,car,54.1,374.0,foggy,Lane 1
TRF-110573,2026-03-17 13:00:00,108,motorcycle,65.7,576.0,clear,Lane 3
TRF-110574,2026-03-17 14:00:00,103,motorcycle,41.2,585.0,clear,Lane 1
TRF-110575,2026-03-17 15:00:00,105,truck,61.0,1016.0,rainy,Lane 2
TRF-110576,2026-03-17 16:00:00,108,bike,51.8,901.0,rainy,Express Lane
TRF-110577,2026-03-17 17:00:00,101,bus,43.6,489.0,rainy,Lane 2
TRF-110578,2026-03-17 18:00:00,104,bus,75.8,915.0,clear,Lane 2
TRF-110579,2026-03-17 19:00:00,101,bike,26.3,560.0,foggy,Lane 1
TRF-110580,2026-03-17 20:00:00,107,truck,32.5,793.0,cloudy,Lane 1
TRF-110581,2026-03-17 21:00:00,106,car,69.2,517.0,rainy,Lane 2
TRF-110582,2026-03-17 22:00:00,105,car,65.5,1097.0,foggy,Lane 1
TRF-110583,2026-03-17 23:00:00,106,truck,48.2,531.0,rainy,Lane 2
TRF-110584,2026-03-18 00:00:00,105,car,54.1,950.0,foggy,Lane 2
TRF-110585,2026-03-18 01:00:00,101,truck,57.3,78.0,rainy,Lane 2
TRF-110586,2026-03-18 02:00:00,101,truck,54.6,560.0,clear,Lane 2
TRF-110587,2026-03-18 03:00:00,101,truck,52.3,606.0,clear,Lane 3
TRF-110588,2026-03-18 04:00:00,105,bus,32.9,378.0,cloudy,Lane 1
TRF-110589,2026-03-18 05:00:00,102,car,70.3,427.0,rainy,Lane 2
TRF-110590,2026-03-18 06:00:00,101,car,44.3,703.0,cloudy,Lane 2
TRF-110591,2026-03-18 07:00:00,106,truck,30.2,705.0,rainy,Lane 2
TRF-110592,2026-03-18 08:00:00,107,truck,50.4,44.0,foggy,Lane 1
TRF-110593,2026-03-18 09:00:00,104,motorcycle,54.2,578.0,clear,Lane 1
TRF-110594,2026-03-18 10:00:00,105,car,55.1,167.0,cloudy,Lane 3
TRF-110595,2026-03-18 11:00:00,108,truck,65.5,847.0,rainy,Express Lane
TRF-110596,2026-03-18 12:00:00,106,bike,41.2,960.0,foggy,Lane 3
TRF-110597,2026-03-18 13:00:00,103,car,46.8,647.0,clear,Lane 2
TRF-110598,2026-03-18 14:00:00,107,bike,32.8,110.0,rainy,Lane 3
TRF-110599,2026-03-18 15:00:00,103,truck,52.2,332.0,rainy,Lane 1
TRF-110600,2026-03-18 16:00:00,104,motorcycle,32.5,1051.0,foggy,Lane 2
TRF-110601,2026-03-18 17:00:00,102,bus,37.4,438.0,rainy,Lane 1
TRF-110602,2026-03-18 18:00:00,101,truck,65.7,749.0,foggy,Lane 3
TRF-110603,2026-03-18 19:00:00,105,bus,50.5,394.0,rainy,Express Lane
TRF-110604,2026-03-18 20:00:00,106,bus,73.6,1044.0,rainy,Lane 2
TRF-110605,2026-03-18 21:00:00,108,truck,69.2,270.0,foggy,Lane 2
TRF-110606,2026-03-18 22:00:00,101,truck,51.9,118.0,clear,Express Lane
TRF-110607,2026-03-18 23:00:00,106,bus,54.4,274.0,rainy,Lane 2
TRF-110608,2026-03-19 00:00:00,105,car,43.7,600.0,cloudy,Lane 1
TRF-110609,2026-03-19 01:00:00,103,car,66.8,653.0,snowy,Lane 1
TRF-110610,2026-03-19 02:00:00,101,bus,54.5,982.0,clear,Lane 3
TRF-110611,2026-03-19 03:00:00,104,bike,64.4,240.0,cloudy,Lane 1
TRF-110612,2026-03-19 04:00:00,102,bus,36.4,563.0,clear,Lane 3
TRF-110613,2026-03-19 05:00:00,104,bus,23.5,970.0,rainy,Lane 2
TRF-110614,2026-03-19 06:00:00,102,motorcycle,57.0,41.0,clear,Lane 1
TRF-110615,2026-03-19 07:00:00,107,bus,60.7,546.0,clear,Lane 1
TRF-110616,2026-03-19 08:00:00,106,van,49.4,823.0,foggy,Lane 1
TRF-110617,2026-03-19 09:00:00,101,bus,58.4,376.0,clear,Lane 1
TRF-110618,2026-03-19 10:00:00,101,car,32.7,49.0,clear,Lane 1
TRF-110619,2026-03-19 11:00:00,107,truck,64.9,165.0,foggy,Lane 2
TRF-110620,2026-03-19 12:00:00,102,motorcycle,69.1,475.0,clear,Lane 2
TRF-110621,2026-03-19 13:00:00,103,bus,66.4,202.0,clear,Express Lane
TRF-110622,2026-03-19 14:00:00,105,bus,50.2,734.0,foggy,Lane 2
TRF-110623,2026-03-19 15:00:00,104,car,69.4,546.0,clear,Lane 2
TRF-110624,2026-03-19 16:00:00,107,car,27.4,560.0,foggy,Lane 3
TRF-110625,2026-03-19 17:00:00,108,truck,58.3,541.0,rainy,Express Lane
TRF-110626,2026-03-19 18:00:00,108,bike,60.9,560.0,rainy,Lane 3
TRF-110627,2026-03-19 19:00:00,106,truck,57.0,834.0,snowy,Lane 3
TRF-110628,2026-03-19 20:00:00,107,bus,31.1,775.0,clear,Lane 3
TRF-110629,2026-03-19 21:00:00,104,truck,52.1,133.0,foggy,Lane 3
TRF-110630,2026-03-19 22:00:00,104,bike,43.4,402.0,foggy,Lane 2
TRF-110631,2026-03-19 23:00:00,106,motorcycle,12.8,311.0,cloudy,Express Lane
TRF-110632,2026-03-20 00:00:00,106,bus,26.8,772.0,snowy,Lane 3
TRF-110633,2026-03-20 01:00:00,101,car,47.9,312.0,clear,Express Lane
TRF-110634,2026-03-20 02:00:00,104,truck,40.8,264.0,rainy,Lane 2
TRF-110635,2026-03-20 03:00:00,105,bus,67.0,367.0,clear,Express Lane
TRF-110636,2026-03-20 04:00:00,108,bike,68.6,485.0,foggy,Express Lane
TRF-110637,2026-03-20 05:00:00,105,bike,57.8,754.0,foggy,Lane 2
TRF-110638,2026-03-20 06:00:00,102,bus,36.9,439.0,snowy,Lane 1
TRF-110639,2026-03-20 07:00:00,107,truck,65.0,587.0,foggy,Lane 3
TRF-110640,2026-03-20 08:00:00,106,car,51.8,491.0,clear,Lane 3
TRF-110641,2026-03-20 09:00:00,101,bus,48.8,220.0,clear,Lane 2
TRF-110642,2026-03-20 10:00:00,105,car,31.6,186.0,clear,Express Lane
TRF-110643,2026-03-20 11:00:00,103,motorcycle,39.0,923.0,clear,Lane 2
TRF-110644,2026-03-20 12:00:00,108,truck,31.9,891.0,cloudy,Lane 1
TRF-110645,2026-03-20 13:00:00,101,bike,65.3,1077.0,foggy,Express Lane
TRF-110646,2026-03-20 14:00:00,101,van,75.6,960.0,rainy,Lane 1
TRF-110647,2026-03-20 15:00:00,105,car,64.6,80.0,foggy,Lane 2
TRF-110648,2026-03-20 16:00:00,103,car,51.6,560.0,clear,Lane 2
TRF-110649,2026-03-20 17:00:00,102,truck,42.5,64.0,clear,Lane 2
TRF-110650,2026-03-20 18:00:00,105,truck,56.6,457.0,rainy,Lane 1
TRF-110651,2026-03-20 19:00:00,103,truck,40.5,368.0,clear,Lane 3
TRF-110652,2026-03-20 20:00:00,101,bus,47.4,749.0,clear,Lane 1
TRF-110653,2026-03-20 21:00:00,108,bike,33.2,535.0,clear,Lane 1
TRF-110654,2026-03-20 22:00:00,103,truck,59.7,109.0,foggy,Lane 1
TRF-110655,2026-03-20 23:00:00,101,truck,60.6,1084.0,rainy,Lane 2
TRF-110656,2026-03-21 00:00:00,107,motorcycle,64.4,254.0,cloudy,Lane 1
TRF-110657,2026-03-21 01:00:00,105,truck,58.0,209.0,rainy,Lane 3
TRF-110658,2026-03-21 02:00:00,106,bike,56.8,448.0,clear,Lane 1
TRF-110659,2026-03-21 03:00:00,105,bike,29.2,685.0,clear,Lane 3
TRF-110660,2026-03-21 04:00:00,107,car,28.5,771.0,cloudy,Express Lane
TRF-110661,2026-03-21 05:00:00,104,truck,54.0,343.0,clear,Lane 3
TRF-110662,2026-03-21 06:00:00,104,motorcycle,67.8,337.0,clear,Lane 2
TRF-110663,2026-03-21 07:00:00,104,motorcycle,43.2,69.0,foggy,Express Lane
TRF-110664,2026-03-21 08:00:00,105,bus,48.1,390.0,rainy,Lane 2
TRF-110665,2026-03-21 09:00:00,102,truck,48.3,1010.0,rainy,Lane 2
TRF-110666,2026-03-21 10:00:00,105,truck,14.8,929.0,clear,Express Lane
TRF-110667,2026-03-21 11:00:00,108,car,52.3,1083.0,cloudy,Lane 3
TRF-110668,2026-03-21 12:00:00,107,car,38.1,959.0,clear,Lane 2
TRF-110669,2026-03-21 13:00:00,108,truck,59.0,755.0,clear,Lane 3
TRF-110670,2026-03-21 14:00:00,107,truck,47.4,762.0,clear,Lane 2
TRF-110671,2026-03-21 15:00:00,106,bus,44.8,990.0,cloudy,Lane 2
TRF-110672,2026-03-21 16:00:00,103,van,45.2,645.0,clear,Express Lane
TRF-110673,2026-03-21 17:00:00,105,truck,42.1,527.0,snowy,Express Lane
TRF-110674,2026-03-21 18:00:00,105,bus,23.5,227.0,clear,Lane 3
TRF-110675,2026-03-21 19:00:00,101,bus,65.2,62.0,foggy,Express Lane
TRF-110676,2026-03-21 20:00:00,107,bike,36.6,363.0,rainy,Lane 2
TRF-110677,2026-03-21 21:00:00,101,truck,39.6,263.0,foggy,Lane 1
TRF-110678,2026-03-21 22:00:00,101,motorcycle,49.4,559.0,clear,Lane 1
TRF-110679,2026-03-21 23:00:00,105,car,27.9,916.0,foggy,Lane 1
TRF-110680,2026-03-22 00:00:00,102,motorcycle,39.0,848.0,clear,Lane 1
TRF-110681,2026-03-22 01:00:00,103,truck,82.5,982.0,clear,Lane 3
TRF-110682,2026-03-22 02:00:00,103,car,54.1,773.0,clear,Express Lane
TRF-110683,2026-03-22 03:00:00,108,truck,32.6,457.0,rainy,Lane 2
TRF-110684,2026-03-22 04:00:00,107,truck,10.5,1034.0,snowy,Lane 1
TRF-110685,2026-03-22 05:00:00,106,bus,66.0,599.0,clear,Lane 3
TRF-110686,2026-03-22 06:00:00,107,car,29.8,180.0,clear,Lane 3
TRF-110687,2026-03-22 07:00:00,102,van,38.2,907.0,clear,Lane 2
TRF-110688,2026-03-22 08:00:00,102,truck,40.5,374.0,clear,Express Lane
TRF-110689,2026-03-22 09:00:00,103,truck,31.6,963.0,clear,Lane 1
TRF-110690,2026-03-22 10:00:00,104,car,46.6,650.0,clear,Lane 1
TRF-110691,2026-03-22 11:00:00,101,car,38.1,179.0,rainy,Lane 3
TRF-110692,2026-03-22 12:00:00,101,motorcycle,59.0,774.0,clear,Lane 3
TRF-110693,2026-03-22 13:00:00,103,truck,50.5,296.0,clear,Lane 1
TRF-110694,2026-03-22 14:00:00,107,car,73.8,160.0,rainy,Lane 2
TRF-110695,2026-03-22 15:00:00,102,truck,74.1,176.0,clear,Lane 3
TRF-110696,2026-03-22 16:00:00,107,truck,30.8,632.0,foggy,Lane 3
TRF-110697,2026-03-22 17:00:00,106,car,42.1,932.0,clear,Express Lane
TRF-110698,2026-03-22 18:00:00,104,truck,86.8,404.0,clear,Lane 2
TRF-110699,2026-03-22 19:00:00,103,van,27.1,533.0,rainy,Lane 2
TRF-110700,2026-03-22 20:00:00,101,truck,62.4,1064.0,foggy,Lane 3
TRF-110701,2026-03-22 21:00:00,105,bike,57.9,1041.0,rainy,Express Lane
TRF-110702,2026-03-22 22:00:00,107,bike,32.7,100.0,clear,Lane 3
TRF-110703,2026-03-22 23:00:00,102,car,33.6,290.0,rainy,Lane 1
TRF-110704,2026-03-23 00:00:00,105,truck,81.2,725.0,rainy,Lane 3
TRF-110705,2026-03-23 01:00:00,106,van,80.8,890.0,rainy,Lane 3
TRF-110706,2026-03-23 02:00:00,103,truck,55.7,263.0,snowy,Lane 3
TRF-110707,2026-03-23 03:00:00,107,car,23.0,1068.0,foggy,Lane 1
TRF-110708,2026-03-23 04:00:00,101,car,70.6,646.0,snowy,Express Lane
TRF-110709,2026-03-23 05:00:00,107,bike,23.0,512.0,foggy,Express Lane
TRF-110710,2026-03-23 06:00:00,104,bus,60.9,1073.0,rainy,Lane 2
TRF-110711,2026-03-23 07:00:00,108,car,18.9,789.0,snowy,Lane 2
TRF-110712,2026-03-23 08:00:00,105,truck,48.1,501.0,snowy,Lane 2
TRF-110713,2026-03-23 09:00:00,104,truck,63.9,191.0,rainy,Lane 3
TRF-110714,2026-03-23 10:00:00,106,car,5.0,668.0,clear,Lane 3
TRF-110715,2026-03-23 11:00:00,101,car,38.5,1087.0,rainy,Lane 2
TRF-110716,2026-03-23 12:00:00,105,bus,50.8,760.0,snowy,Lane 1
TRF-110717,2026-03-23 13:00:00,106,car,41.8,783.0,rainy,Lane 3
TRF-110718,2026-03-23 14:00:00,104,bike,35.9,1074.0,rainy,Lane 1
TRF-110719,2026-03-23 15:00:00,104,truck,45.6,766.0,clear,Lane 1
TRF-110720,2026-03-23 16:00:00,108,car,66.7,196.0,clear,Lane 3
TRF-110721,2026-03-23 17:00:00,105,bus,72.6,201.0,clear,Lane 2
TRF-110722,2026-03-23 18:00:00,101,truck,60.7,852.0,rainy,Express Lane
TRF-110723,2026-03-23 19:00:00,104,bus,76.0,228.0,clear,Express Lane
TRF-110724,2026-03-23 20:00:00,103,truck,38.4,79.0,clear,Express Lane
TRF-110725,2026-03-23 21:00:00,108,bike,58.7,359.0,clear,Lane 1
TRF-110726,2026-03-23 22:00:00,106,truck,29.7,323.0,foggy,Lane 2
TRF-110727,2026-03-23 23:00:00,105,bike,100.8,309.0,rainy,Lane 3
TRF-110728,2026-03-24 00:00:00,102,bus,49.8,393.0,clear,Lane 1
TRF-110729,2026-03-24 01:00:00,102,bike,62.5,600.0,snowy,Lane 3
TRF-110730,2026-03-24 02:00:00,101,truck,16.3,183.0,rainy,Lane 3
TRF-110731,2026-03-24 03:00:00,103,bike,62.1,1022.0,rainy,Lane 1
TRF-110732,2026-03-24 04:00:00,104,car,50.0,975.0,clear,Lane 1
TRF-110733,2026-03-24 05:00:00,102,car,56.4,727.0,clear,Lane 2
TRF-110734,2026-03-24 06:00:00,101,car,48.2,301.0,clear,Lane 1
TRF-110735,2026-03-24 07:00:00,106,van,45.8,472.0,clear,Lane 3
TRF-110736,2026-03-24 08:00:00,108,truck,42.5,542.0,rainy,Lane 2
TRF-110737,2026-03-24 09:00:00,103,truck,47.9,838.0,clear,Lane 3
TRF-110738,2026-03-24 10:00:00,103,bus,74.4,441.0,cloudy,Lane 2
TRF-110739,2026-03-24 11:00:00,107,bus,41.4,1068.0,cloudy,Lane 3
TRF-110740,2026-03-24 12:00:00,101,bike,88.7,109.0,clear,Lane 2
TRF-110741,2026-03-24 13:00:00,101,bike,49.1,715.0,rainy,Lane 1
TRF-110742,2026-03-24 14:00:00,107,car,73.2,573.0,clear,Express Lane
TRF-110743,2026-03-24 15:00:00,108,truck,68.6,118.0,foggy,Lane 3
TRF-110744,2026-03-24 16:00:00,104,truck,19.9,1000.0,clear,Lane 3
TRF-110745,2026-03-24 17:00:00,101,bus,23.7,283.0,snowy,Lane 2
TRF-110746,2026-03-24 18:00:00,107,car,35.8,775.0,foggy,Lane 1
TRF-110747,2026-03-24 19:00:00,104,van,20.2,168.0,rainy,Lane 1
TRF-110748,2026-03-24 20:00:00,108,car,40.6,739.0,foggy,Lane 2
TRF-110749,2026-03-24 21:00:00,104,motorcycle,48.5,335.0,rainy,Lane 1
TRF-110750,2026-03-24 22:00:00,105,truck,59.7,201.0,snowy,Lane 1
TRF-110751,2026-03-24 23:00:00,103,truck,51.3,555.0,clear,Lane 2
TRF-110752,2026-03-25 00:00:00,106,bus,48.1,357.0,clear,Lane 3
TRF-110753,2026-03-25 01:00:00,103,truck,66.4,182.0,cloudy,Lane 2
TRF-110754,2026-03-25 02:00:00,103,car,64.0,737.0,clear,Express Lane
TRF-110755,2026-03-25 03:00:00,105,van,82.3,636.0,clear,Lane 2
TRF-110756,2026-03-25 04:00:00,104,motorcycle,51.4,882.0,clear,Lane 2
TRF-110757,2026-03-25 05:00:00,104,truck,5.0,340.0,clear,Lane 1
TRF-110758,2026-03-25 06:00:00,101,car,55.7,619.0,rainy,Lane 3
TRF-110759,2026-03-25 07:00:00,105,bike,88.8,761.0,rainy,Express Lane
TRF-110760,2026-03-25 08:00:00,101,motorcycle,66.5,438.0,rainy,Lane 1
TRF-110761,2026-03-25 09:00:00,105,truck,70.6,748.0,rainy,Lane 1
TRF-110762,2026-03-25 10:00:00,101,truck,49.7,213.0,clear,Lane 1
TRF-110763,2026-03-25 11:00:00,102,van,64.4,656.0,rainy,Lane 3
TRF-110764,2026-03-25 12:00:00,107,bus,71.5,267.0,clear,Lane 2
TRF-110765,2026-03-25 13:00:00,103,bus,42.0,435.0,foggy,Lane 2
TRF-110766,2026-03-25 14:00:00,103,bike,39.0,592.0,clear,Express Lane
TRF-110767,2026-03-25 15:00:00,108,truck,47.9,611.0,clear,Lane 3
TRF-110768,2026-03-25 16:00:00,106,car,65.4,116.0,clear,Lane 2
TRF-110769,2026-03-25 17:00:00,107,bus,5.0,819.0,clear,Express Lane
TRF-110770,2026-03-25 18:00:00,104,truck,44.5,774.0,rainy,Lane 3
TRF-110771,2026-03-25 19:00:00,106,bus,12.8,399.0,rainy,Express Lane
TRF-110772,2026-03-25 20:00:00,102,car,45.8,929.0,clear,Lane 1
TRF-110773,2026-03-25 21:00:00,108,bike,78.4,73.0,rainy,Lane 2
TRF-110774,2026-03-25 22:00:00,106,truck,36.8,495.0,rainy,Express Lane
TRF-110775,2026-03-25 23:00:00,108,bus,42.9,942.0,clear,Lane 3
TRF-110776,2026-03-26 00:00:00,103,motorcycle,59.9,502.0,rainy,Lane 3
TRF-110777,2026-03-26 01:00:00,104,motorcycle,65.9,1018.0,foggy,Lane 3
TRF-110778,2026-03-26 02:00:00,102,car,65.2,202.0,clear,Lane 3
TRF-110779,2026-03-26 03:00:00,103,car,48.7,265.0,clear,Lane 2
TRF-110780,2026-03-26 04:00:00,107,bike,58.3,1099.0,foggy,Lane 1
TRF-110781,2026-03-26 05:00:00,101,bus,57.5,262.0,snowy,Lane 2
TRF-110782,2026-03-26 06:00:00,105,van,35.3,446.0,rainy,Lane 2
TRF-110783,2026-03-26 07:00:00,102,car,16.5,295.0,rainy,Lane 3
TRF-110784,2026-03-26 08:00:00,104,car,31.9,219.0,foggy,Express Lane
TRF-110785,2026-03-26 09:00:00,108,truck,73.9,386.0,foggy,Lane 1
TRF-110786,2026-03-26 10:00:00,106,car,87.8,168.0,clear,Lane 3
TRF-110787,2026-03-26 11:00:00,107,bus,46.4,576.0,foggy,Lane 2
TRF-110788,2026-03-26 12:00:00,106,motorcycle,73.2,914.0,clear,Lane 1
TRF-110789,2026-03-26 13:00:00,102,car,42.6,102.0,cloudy,Lane 2
TRF-110790,2026-03-26 14:00:00,107,bike,54.3,192.0,clear,Express Lane
TRF-110791,2026-03-26 15:00:00,104,bus,36.9,252.0,clear,Express Lane
TRF-110792,2026-03-26 16:00:00,102,truck,66.3,214.0,rainy,Express Lane
TRF-110793,2026-03-26 17:00:00,104,car,36.5,124.0,rainy,Express Lane
TRF-110794,2026-03-26 18:00:00,106,truck,31.9,713.0,clear,Lane 1
TRF-110795,2026-03-26 19:00:00,103,bike,48.8,1005.0,rainy,Express Lane
TRF-110796,2026-03-26 20:00:00,107,bus,62.7,683.0,clear,Lane 1
TRF-110797,2026-03-26 21:00:00,101,bike,47.9,526.0,foggy,Lane 3
TRF-110798,2026-03-26 22:00:00,103,motorcycle,39.6,90.0,snowy,Lane 3
TRF-110799,2026-03-26 23:00:00,101,motorcycle,31.8,890.0,clear,Lane 3
TRF-110800,2026-03-27 00:00:00,106,bus,17.6,101.0,rainy,Lane 2
TRF-110801,2026-03-27 01:00:00,108,bike,39.8,511.0,foggy,Lane 1
TRF-110802,2026-03-27 02:00:00,107,bus,45.2,144.0,foggy,Lane 3
TRF-110803,2026-03-27 03:00:00,103,truck,58.0,940.0,foggy,Lane 3
TRF-110804,2026-03-27 04:00:00,103,truck,27.0,583.0,clear,Lane 3
TRF-110805,2026-03-27 05:00:00,102,van,60.0,577.0,clear,Lane 3
TRF-110806,2026-03-27 06:00:00,105,van,37.3,169.0,clear,Lane 1
TRF-110807,2026-03-27 07:00:00,106,bus,38.8,436.0,snowy,Lane 1
TRF-110808,2026-03-27 08:00:00,104,truck,70.5,519.0,foggy,Lane 2
TRF-110809,2026-03-27 09:00:00,106,bus,5.0,926.0,clear,Lane 3
TRF-110810,2026-03-27 10:00:00,104,motorcycle,25.9,234.0,clear,Express Lane
TRF-110811,2026-03-27 11:00:00,107,bike,48.8,324.0,snowy,Lane 1
TRF-110812,2026-03-27 12:00:00,104,car,47.9,890.0,clear,Lane 1
TRF-110813,2026-03-27 13:00:00,108,motorcycle,17.4,611.0,foggy,Lane 2
TRF-110814,2026-03-27 14:00:00,101,truck,39.1,700.0,clear,Lane 3
TRF-110815,2026-03-27 15:00:00,104,truck,65.2,934.0,cloudy,Express Lane
TRF-110816,2026-03-27 16:00:00,104,motorcycle,27.1,47.0,foggy,Lane 2
TRF-110817,2026-03-27 17:00:00,102,bus,67.5,765.0,rainy,Lane 3
TRF-110818,2026-03-27 18:00:00,103,car,35.1,650.0,rainy,Express Lane
TRF-110819,2026-03-27 19:00:00,106,bike,14.3,672.0,rainy,Express Lane
TRF-110820,2026-03-27 20:00:00,106,truck,62.7,571.0,clear,Lane 1
TRF-110821,2026-03-27 21:00:00,107,truck,52.5,227.0,clear,Express Lane
TRF-110822,2026-03-27 22:00:00,107,truck,21.6,120.0,foggy,Express Lane
TRF-110823,2026-03-27 23:00:00,108,truck,38.2,1055.0,rainy,Lane 1
TRF-110824,2026-03-28 00:00:00,104,bike,79.0,817.0,foggy,Express Lane
TRF-110825,2026-03-28 01:00:00,105,truck,59.9,1006.0,rainy,Lane 3
TRF-110826,2026-03-28 02:00:00,106,van,68.1,638.0,clear,Lane 3
TRF-110827,2026-03-28 03:00:00,107,van,27.5,494.0,clear,Lane 1
TRF-110828,2026-03-28 04:00:00,104,bus,70.1,806.0,foggy,Lane 1
TRF-110829,2026-03-28 05:00:00,107,motorcycle,22.4,1057.0,rainy,Lane 1
TRF-110830,2026-03-28 06:00:00,108,car,22.9,581.0,cloudy,Lane 2
TRF-110831,2026-03-28 07:00:00,101,motorcycle,63.0,938.0,clear,Lane 2
TRF-110832,2026-03-28 08:00:00,101,truck,24.0,270.0,foggy,Express Lane
TRF-110833,2026-03-28 09:00:00,107,truck,75.3,838.0,clear,Lane 2
TRF-110834,2026-03-28 10:00:00,101,bus,47.9,925.0,clear,Lane 2
TRF-110835,2026-03-28 11:00:00,107,bike,30.5,1037.0,snowy,Lane 3
TRF-110836,2026-03-28 12:00:00,104,truck,47.9,796.0,clear,Lane 3
TRF-110837,2026-03-28 13:00:00,102,bus,36.8,72.0,rainy,Express Lane
TRF-110838,2026-03-28 14:00:00,105,bike,62.3,904.0,clear,Lane 1
TRF-110839,2026-03-28 15:00:00,104,van,28.0,442.0,foggy,Lane 3
TRF-110840,2026-03-28 16:00:00,102,truck,43.0,412.0,cloudy,Lane 3
TRF-110841,2026-03-28 17:00:00,102,bike,61.3,194.0,rainy,Lane 3
TRF-110842,2026-03-28 18:00:00,106,car,32.8,738.0,clear,Lane 2
TRF-110843,2026-03-28 19:00:00,104,car,66.4,331.0,foggy,Lane 3
TRF-110844,2026-03-28 20:00:00,104,truck,41.5,803.0,cloudy,Lane 3
TRF-110845,2026-03-28 21:00:00,107,bike,50.2,397.0,clear,Lane 1
TRF-110846,2026-03-28 22:00:00,102,car,30.0,677.0,clear,Lane 2
TRF-110847,2026-03-28 23:00:00,102,bike,34.1,1085.0,snowy,Lane 1
TRF-110848,2026-03-29 00:00:00,102,motorcycle,32.8,536.0,clear,Lane 1
TRF-110849,2026-03-29 01:00:00,107,motorcycle,37.0,642.0,rainy,Lane 2
TRF-110850,2026-03-29 02:00:00,106,truck,75.8,106.0,clear,Lane 2
TRF-110851,2026-03-29 03:00:00,104,car,68.2,736.0,snowy,Lane 2
TRF-110852,2026-03-29 04:00:00,102,truck,56.1,97.0,snowy,Lane 1
TRF-110853,2026-03-29 05:00:00,101,bus,36.1,1081.0,clear,Express Lane
TRF-110854,2026-03-29 06:00:00,104,bus,32.8,965.0,foggy,Lane 1
TRF-110855,2026-03-29 07:00:00,107,truck,30.5,429.0,snowy,Lane 2
TRF-110856,2026-03-29 08:00:00,106,motorcycle,42.5,86.0,clear,Lane 1
TRF-110857,2026-03-29 09:00:00,101,truck,53.0,596.0,clear,Express Lane
TRF-110858,2026-03-29 10:00:00,107,bus,59.1,647.0,rainy,Express Lane
TRF-110859,2026-03-29 11:00:00,103,truck,48.3,371.0,cloudy,Express Lane
TRF-110860,2026-03-29 12:00:00,104,truck,58.2,452.0,snowy,Lane 3
TRF-110861,2026-03-29 13:00:00,103,car,64.8,468.0,foggy,Lane 1
TRF-110862,2026-03-29 14:00:00,107,motorcycle,41.3,443.0,rainy,Lane 2
TRF-110863,2026-03-29 15:00:00,107,car,67.8,901.0,clear,Lane 1
TRF-110864,2026-03-29 16:00:00,107,bus,30.3,162.0,clear,Express Lane
TRF-110865,2026-03-29 17:00:00,102,bus,58.6,458.0,foggy,Express Lane
TRF-110866,2026-03-29 18:00:00,106,motorcycle,48.6,733.0,clear,Express Lane
TRF-110867,2026-03-29 19:00:00,102,truck,51.2,297.0,cloudy,Lane 1
TRF-110868,2026-03-29 20:00:00,106,car,41.4,136.0,clear,Lane 2
TRF-110869,2026-03-29 21:00:00,105,truck,70.5,95.0,rainy,Lane 3
TRF-110870,2026-03-29 22:00:00,102,car,37.1,1036.0,rainy,Express Lane
TRF-110871,2026-03-29 23:00:00,103,car,73.0,740.0,foggy,Lane 2
TRF-110872,2026-03-30 00:00:00,106,motorcycle,73.1,317.0,clear,Express Lane
TRF-110873,2026-03-30 01:00:00,102,truck,56.1,560.0,clear,Express Lane
TRF-110874,2026-03-30 02:00:00,104,truck,42.4,419.0,clear,Lane 1
TRF-110875,2026-03-30 03:00:00,107,car,47.9,1075.0,foggy,Lane 3
TRF-110876,2026-03-30 04:00:00,106,truck,12.1,758.0,rainy,Express Lane
TRF-110877,2026-03-30 05:00:00,106,bike,57.7,560.0,clear,Lane 3
TRF-110878,2026-03-30 06:00:00,102,bike,28.0,938.0,foggy,Express Lane
TRF-110879,2026-03-30 07:00:00,105,bus,30.5,550.0,cloudy,Lane 1
TRF-110880,2026-03-30 08:00:00,102,bike,57.9,391.0,foggy,Express Lane
TRF-110881,2026-03-30 09:00:00,108,bike,40.3,88.0,snowy,Lane 2
TRF-110882,2026-03-30 10:00:00,103,car,51.9,514.0,clear,Lane 3
TRF-110883,2026-03-30 11:00:00,103,van,56.3,827.0,rainy,Lane 2
TRF-110884,2026-03-30 12:00:00,106,car,47.9,369.0,foggy,Lane 1
TRF-110885,2026-03-30 13:00:00,106,car,51.6,515.0,rainy,Lane 2
TRF-110886,2026-03-30 14:00:00,102,bike,38.1,718.0,clear,Lane 2
TRF-110887,2026-03-30 15:00:00,103,car,46.6,1069.0,clear,Lane 2
TRF-110888,2026-03-30 16:00:00,103,truck,37.6,150.0,rainy,Lane 3
TRF-110889,2026-03-30 17:00:00,105,motorcycle,81.8,359.0,rainy,Lane 1
TRF-110890,2026-03-30 18:00:00,104,truck,54.7,113.0,rainy,Express Lane
TRF-110891,2026-03-30 19:00:00,105,bus,58.5,774.0,snowy,Lane 3
TRF-110892,2026-03-30 20:00:00,108,car,72.3,415.0,snowy,Lane 3
TRF-110893,2026-03-30 21:00:00,101,bus,32.7,352.0,clear,Lane 1
TRF-110894,2026-03-30 22:00:00,107,car,22.3,477.0,clear,Lane 3
TRF-110895,2026-03-30 23:00:00,105,bus,47.6,933.0,clear,Express Lane
TRF-110896,2026-03-31 00:00:00,108,car,22.4,102.0,snowy,Lane 3
TRF-110897,2026-03-31 01:00:00,102,truck,40.6,284.0,snowy,Lane 2
TRF-110898,2026-03-31 02:00:00,104,car,8.8,889.0,snowy,Lane 3
TRF-110899,2026-03-31 03:00:00,102,bike,23.7,946.0,snowy,Lane 1
TRF-110900,2026-03-31 04:00:00,107,car,70.0,1052.0,foggy,Lane 1
TRF-110901,2026-03-31 05:00:00,108,truck,55.3,894.0,foggy,Lane 3
TRF-110902,2026-03-31 06:00:00,101,truck,80.4,929.0,clear,Lane 3
TRF-110903,2026-03-31 07:00:00,104,bike,47.4,1014.0,foggy,Lane 2
TRF-110904,2026-03-31 08:00:00,106,truck,47.9,859.0,rainy,Lane 3
TRF-110905,2026-03-31 09:00:00,103,truck,51.9,637.0,rainy,Express Lane
TRF-110906,2026-03-31 10:00:00,105,truck,112.6,617.0,clear,Lane 2
TRF-110907,2026-03-31 11:00:00,108,truck,66.9,31.0,clear,Express Lane
TRF-110908,2026-03-31 12:00:00,102,bike,32.9,412.0,snowy,Lane 2
TRF-110909,2026-03-31 13:00:00,101,car,55.3,719.0,snowy,Express Lane
TRF-110910,2026-03-31 14:00:00,103,truck,50.7,233.0,foggy,Express Lane
TRF-110911,2026-03-31 15:00:00,105,bus,61.0,55.0,rainy,Express Lane
TRF-110912,2026-03-31 16:00:00,103,motorcycle,81.7,137.0,rainy,Express Lane
TRF-110913,2026-03-31 17:00:00,105,truck,47.9,897.0,clear,Lane 3
TRF-110914,2026-03-31 18:00:00,108,motorcycle,41.3,303.0,rainy,Lane 3
TRF-110915,2026-03-31 19:00:00,106,bus,81.6,46.0,clear,Lane 1
TRF-110916,2026-03-31 20:00:00,104,truck,47.9,327.0,clear,Lane 3
TRF-110917,2026-03-31 21:00:00,108,motorcycle,43.1,560.0,clear,Lane 1
TRF-110918,2026-03-31 22:00:00,103,truck,64.2,905.0,rainy,Express Lane
TRF-110919,2026-03-31 23:00:00,103,car,33.8,1080.0,clear,Lane 2
TRF-110920,2026-04-01 00:00:00,103,car,47.1,212.0,foggy,Lane 2
TRF-110921,2026-04-01 01:00:00,104,truck,35.4,704.0,clear,Lane 3
TRF-110922,2026-04-01 02:00:00,101,motorcycle,47.3,478.0,clear,Express Lane
TRF-110923,2026-04-01 03:00:00,105,car,35.4,617.0,foggy,Lane 1
TRF-110924,2026-04-01 04:00:00,108,truck,49.4,449.0,foggy,Lane 1
TRF-110925,2026-04-01 05:00:00,108,truck,42.1,269.0,snowy,Lane 1
TRF-110926,2026-04-01 06:00:00,106,car,71.9,541.0,rainy,Lane 2
TRF-110927,2026-04-01 07:00:00,103,bus,54.9,833.0,rainy,Lane 1
TRF-110928,2026-04-01 08:00:00,107,bike,61.3,468.0,clear,Lane 2
TRF-110929,2026-04-01 09:00:00,108,car,50.6,801.0,clear,Express Lane
TRF-110930,2026-04-01 10:00:00,104,truck,40.2,1050.0,clear,Lane 2
TRF-110931,2026-04-01 11:00:00,101,motorcycle,54.0,552.0,clear,Express Lane
TRF-110932,2026-04-01 12:00:00,108,car,51.7,600.0,rainy,Lane 3
TRF-110933,2026-04-01 13:00:00,105,car,5.0,743.0,clear,Lane 3
TRF-110934,2026-04-01 14:00:00,104,motorcycle,48.6,142.0,cloudy,Lane 2
TRF-110935,2026-04-01 15:00:00,106,van,60.1,434.0,foggy,Lane 3
TRF-110936,2026-04-01 16:00:00,106,truck,35.1,265.0,snowy,Lane 3
TRF-110937,2026-04-01 17:00:00,105,motorcycle,63.6,1059.0,snowy,Express Lane
TRF-110938,2026-04-01 18:00:00,103,truck,54.4,394.0,clear,Express Lane
TRF-110939,2026-04-01 19:00:00,106,truck,40.9,876.0,cloudy,Lane 2
TRF-110940,2026-04-01 20:00:00,101,bus,57.8,879.0,rainy,Lane 2
TRF-110941,2026-04-01 21:00:00,104,car,41.4,81.0,clear,Lane 1
TRF-110942,2026-04-01 22:00:00,108,bike,53.0,329.0,snowy,Lane 1
TRF-110943,2026-04-01 23:00:00,101,bus,43.3,892.0,clear,Lane 3
TRF-110944,2026-04-02 00:00:00,103,bus,57.9,113.0,foggy,Lane 3
TRF-110945,2026-04-02 01:00:00,101,bike,72.2,1048.0,foggy,Express Lane
TRF-110946,2026-04-02 02:00:00,101,bike,40.1,953.0,clear,Lane 2
TRF-110947,2026-04-02 03:00:00,102,car,64.2,919.0,clear,Lane 1
TRF-110948,2026-04-02 04:00:00,101,bike,42.6,944.0,foggy,Lane 1
TRF-110949,2026-04-02 05:00:00,105,car,42.8,532.0,clear,Lane 2
TRF-110950,2026-04-02 06:00:00,104,car,40.9,723.0,clear,Lane 2
TRF-110951,2026-04-02 07:00:00,102,bike,17.6,128.0,foggy,Lane 2
TRF-110952,2026-04-02 08:00:00,104,car,57.0,939.0,cloudy,Lane 1
TRF-110953,2026-04-02 09:00:00,104,bus,53.1,792.0,clear,Express Lane
TRF-110954,2026-04-02 10:00:00,103,bus,50.9,344.0,foggy,Lane 2
TRF-110955,2026-04-02 11:00:00,103,motorcycle,76.0,276.0,clear,Lane 3
TRF-110956,2026-04-02 12:00:00,102,bike,78.0,294.0,foggy,Lane 1
TRF-110957,2026-04-02 13:00:00,106,bus,71.5,454.0,rainy,Express Lane
TRF-110958,2026-04-02 14:00:00,107,bike,43.8,824.0,clear,Lane 2
TRF-110959,2026-04-02 15:00:00,103,truck,42.9,353.0,rainy,Lane 3
TRF-110960,2026-04-02 16:00:00,107,car,29.7,821.0,clear,Lane 1
TRF-110961,2026-04-02 17:00:00,103,van,49.1,877.0,foggy,Lane 2
TRF-110962,2026-04-02 18:00:00,103,bus,48.1,91.0,foggy,Lane 3
TRF-110963,2026-04-02 19:00:00,104,bus,57.7,622.0,clear,Lane 2
TRF-110964,2026-04-02 20:00:00,102,bike,28.8,992.0,cloudy,Lane 3
TRF-110965,2026-04-02 21:00:00,104,bike,41.3,898.0,snowy,Express Lane
TRF-110966,2026-04-02 22:00:00,108,motorcycle,17.5,544.0,clear,Lane 1
TRF-110967,2026-04-02 23:00:00,105,truck,35.1,777.0,foggy,Express Lane
TRF-110968,2026-04-03 00:00:00,104,truck,47.9,80.0,foggy,Lane 1
TRF-110969,2026-04-03 01:00:00,107,motorcycle,28.2,646.0,clear,Lane 1
TRF-110970,2026-04-03 02:00:00,107,bus,79.4,128.0,rainy,Lane 2
TRF-110971,2026-04-03 03:00:00,105,truck,66.2,352.0,foggy,Express Lane
TRF-110972,2026-04-03 04:00:00,101,bike,57.0,621.0,clear,Lane 1
TRF-110973,2026-04-03 05:00:00,101,bus,72.0,433.0,clear,Lane 3
TRF-110974,2026-04-03 06:00:00,105,car,45.8,184.0,foggy,Lane 2
TRF-110975,2026-04-03 07:00:00,105,bus,34.7,571.0,clear,Lane 3
TRF-110976,2026-04-03 08:00:00,104,car,46.3,175.0,foggy,Lane 3
TRF-110977,2026-04-03 09:00:00,105,motorcycle,17.1,955.0,rainy,Lane 3
TRF-110978,2026-04-03 10:00:00,108,truck,69.4,893.0,rainy,Lane 2
TRF-110979,2026-04-03 11:00:00,102,car,41.7,731.0,rainy,Express Lane
TRF-110980,2026-04-03 12:00:00,101,car,34.4,818.0,clear,Lane 3
TRF-110981,2026-04-03 13:00:00,101,bus,36.5,286.0,clear,Lane 3
TRF-110982,2026-04-03 14:00:00,108,bus,48.3,744.0,rainy,Lane 1
TRF-110983,2026-04-03 15:00:00,106,truck,50.2,468.0,rainy,Lane 2
TRF-110984,2026-04-03 16:00:00,108,bike,45.4,560.0,rainy,Express Lane
TRF-110985,2026-04-03 17:00:00,108,car,45.3,204.0,clear,Lane 1
TRF-110986,2026-04-03 18:00:00,105,car,57.9,742.0,rainy,Express Lane
TRF-110987,2026-04-03 19:00:00,103,bus,28.2,520.0,foggy,Lane 3
TRF-110988,2026-04-03 20:00:00,103,bus,52.1,634.0,clear,Lane 3
TRF-110989,2026-04-03 21:00:00,108,truck,42.3,591.0,rainy,Lane 2
TRF-110990,2026-04-03 22:00:00,105,truck,12.0,248.0,foggy,Lane 3
TRF-110991,2026-04-03 23:00:00,102,truck,28.5,1050.0,rainy,Lane 2
TRF-110992,2026-04-04 00:00:00,103,bike,33.7,86.0,clear,Lane 3
TRF-110993,2026-04-04 01:00:00,106,van,78.1,772.0,cloudy,Lane 3
TRF-110994,2026-04-04 02:00:00,107,car,56.1,367.0,clear,Lane 1
TRF-110995,2026-04-04 03:00:00,105,bike,52.9,748.0,foggy,Lane 3
TRF-110996,2026-04-04 04:00:00,108,bike,39.2,1019.0,snowy,Express Lane
TRF-110997,2026-04-04 05:00:00,102,van,38.8,953.0,rainy,Express Lane
TRF-110998,2026-04-04 06:00:00,102,truck,26.7,331.0,foggy,Lane 1
TRF-110999,2026-04-04 07:00:00,104,bike,42.1,1042.0,clear,Lane 1
TRF-111000,2026-04-04 08:00:00,102,car,72.8,276.0,clear,Lane 3
TRF-111001,2026-04-04 09:00:00,103,bus,24.3,45.0,clear,Lane 1
TRF-111002,2026-04-04 10:00:00,108,bus,37.4,240.0,foggy,Lane 2
TRF-111003,2026-04-04 11:00:00,107,bus,64.7,846.0,cloudy,Lane 1
TRF-111004,2026-04-04 12:00:00,103,bus,64.6,1075.0,clear,Express Lane
TRF-111005,2026-04-04 13:00:00,105,truck,35.0,647.0,cloudy,Lane 2
TRF-111006,2026-04-04 14:00:00,107,car,68.9,148.0,clear,Express Lane
TRF-111007,2026-04-04 15:00:00,105,van,40.2,535.0,foggy,Lane 1
TRF-111008,2026-04-04 16:00:00,102,van,27.3,466.0,rainy,Lane 1
TRF-111009,2026-04-04 17:00:00,106,truck,75.0,832.0,rainy,Lane 1
TRF-111010,2026-04-04 18:00:00,101,car,49.7,132.0,clear,Lane 3
TRF-111011,2026-04-04 19:00:00,107,truck,45.0,734.0,foggy,Express Lane
TRF-111012,2026-04-04 20:00:00,108,car,51.1,854.0,clear,Lane 3
TRF-111013,2026-04-04 21:00:00,104,bus,30.5,333.0,foggy,Lane 3
TRF-111014,2026-04-04 22:00:00,101,motorcycle,37.9,560.0,foggy,Lane 3
TRF-111015,2026-04-04 23:00:00,102,bus,73.9,523.0,clear,Express Lane
TRF-111016,2026-04-05 00:00:00,102,car,81.5,116.0,rainy,Lane 2
TRF-111017,2026-04-05 01:00:00,108,truck,28.0,149.0,snowy,Lane 1
TRF-111018,2026-04-05 02:00:00,101,van,41.0,975.0,clear,Lane 3
TRF-111019,2026-04-05 03:00:00,104,van,48.1,382.0,foggy,Express Lane
TRF-111020,2026-04-05 04:00:00,107,bike,51.6,379.0,rainy,Express Lane
TRF-111021,2026-04-05 05:00:00,107,bike,30.9,1047.0,snowy,Lane 1
TRF-111022,2026-04-05 06:00:00,101,bus,59.7,799.0,foggy,Lane 3
TRF-111023,2026-04-05 07:00:00,105,car,61.1,1079.0,foggy,Lane 2
TRF-111024,2026-04-05 08:00:00,103,truck,63.3,351.0,rainy,Lane 1
TRF-111025,2026-04-05 09:00:00,106,van,47.9,560.0,clear,Lane 2
TRF-111026,2026-04-05 10:00:00,105,car,49.5,160.0,cloudy,Lane 3
TRF-111027,2026-04-05 11:00:00,107,bus,65.8,46.0,clear,Lane 1
TRF-111028,2026-04-05 12:00:00,103,car,57.8,799.0,clear,Lane 3
TRF-111029,2026-04-05 13:00:00,106,bus,21.3,965.0,clear,Lane 3
TRF-111030,2026-04-05 14:00:00,106,truck,21.4,951.0,rainy,Express Lane
TRF-111031,2026-04-05 15:00:00,106,van,53.6,214.0,foggy,Lane 2
TRF-111032,2026-04-05 16:00:00,102,truck,71.1,853.0,snowy,Lane 2
TRF-111033,2026-04-05 17:00:00,108,car,56.0,105.0,cloudy,Lane 1
TRF-111034,2026-04-05 18:00:00,106,van,58.6,557.0,clear,Lane 3
TRF-111035,2026-04-05 19:00:00,104,car,28.9,1059.0,clear,Lane 1
TRF-111036,2026-04-05 20:00:00,101,truck,49.2,63.0,foggy,Lane 1
TRF-111037,2026-04-05 21:00:00,107,bike,68.6,88.0,clear,Lane 3
TRF-111038,2026-04-05 22:00:00,104,car,56.0,284.0,rainy,Lane 2
TRF-111039,2026-04-05 23:00:00,101,car,49.9,432.0,clear,Lane 1
TRF-111040,2026-04-06 00:00:00,105,car,58.7,61.0,rainy,Lane 1
TRF-111041,2026-04-06 01:00:00,108,car,52.1,39.0,foggy,Lane 1
TRF-111042,2026-04-06 02:00:00,105,truck,69.1,760.0,snowy,Lane 3
TRF-111043,2026-04-06 03:00:00,101,car,52.1,618.0,clear,Lane 1
TRF-111044,2026-04-06 04:00:00,104,bus,47.4,561.0,rainy,Lane 2
TRF-111045,2026-04-06 05:00:00,101,car,29.1,1080.0,clear,Express Lane
TRF-111046,2026-04-06 06:00:00,106,car,69.9,921.0,cloudy,Lane 2
TRF-111047,2026-04-06 07:00:00,102,bike,31.1,657.0,cloudy,Lane 3
TRF-111048,2026-04-06 08:00:00,107,bike,52.3,940.0,rainy,Express Lane
TRF-111049,2026-04-06 09:00:00,105,car,62.4,458.0,foggy,Lane 3
TRF-111050,2026-04-06 10:00:00,107,truck,80.2,323.0,foggy,Lane 3
TRF-111051,2026-04-06 11:00:00,102,car,52.1,473.0,rainy,Express Lane
TRF-111052,2026-04-06 12:00:00,106,truck,73.0,317.0,clear,Lane 3
TRF-111053,2026-04-06 13:00:00,106,car,48.5,335.0,rainy,Lane 2
TRF-111054,2026-04-06 14:00:00,105,van,37.9,192.0,clear,Express Lane
TRF-111055,2026-04-06 15:00:00,105,car,97.8,617.0,clear,Lane 3
TRF-111056,2026-04-06 16:00:00,106,bus,26.1,660.0,clear,Lane 1
TRF-111057,2026-04-06 17:00:00,103,bike,100.6,828.0,foggy,Lane 2
TRF-111058,2026-04-06 18:00:00,107,bike,77.3,638.0,clear,Express Lane
TRF-111059,2026-04-06 19:00:00,108,bike,37.7,722.0,cloudy,Express Lane
TRF-111060,2026-04-06 20:00:00,102,bike,59.7,1054.0,clear,Lane 3
TRF-111061,2026-04-06 21:00:00,107,bus,22.8,505.0,clear,Express Lane
TRF-111062,2026-04-06 22:00:00,102,car,58.7,993.0,foggy,Express Lane
TRF-111063,2026-04-06 23:00:00,103,truck,53.8,94.0,snowy,Lane 3
TRF-111064,2026-04-07 00:00:00,108,van,63.6,940.0,clear,Lane 1
TRF-111065,2026-04-07 01:00:00,104,bus,40.7,644.0,clear,Lane 2
TRF-111066,2026-04-07 02:00:00,102,truck,50.9,451.0,rainy,Lane 2
TRF-111067,2026-04-07 03:00:00,107,car,56.6,1034.0,foggy,Express Lane
TRF-111068,2026-04-07 04:00:00,101,truck,39.2,1045.0,foggy,Express Lane
TRF-111069,2026-04-07 05:00:00,108,truck,73.3,36.0,clear,Express Lane
TRF-111070,2026-04-07 06:00:00,106,motorcycle,50.3,560.0,clear,Lane 1
TRF-111071,2026-04-07 07:00:00,106,car,54.2,1049.0,foggy,Lane 1
TRF-111072,2026-04-07 08:00:00,103,motorcycle,33.0,133.0,snowy,Lane 3
TRF-111073,2026-04-07 09:00:00,102,car,18.3,493.0,clear,Lane 1
TRF-111074,2026-04-07 10:00:00,104,car,23.8,877.0,foggy,Lane 1
TRF-111075,2026-04-07 11:00:00,102,truck,58.7,380.0,clear,Lane 1
TRF-111076,2026-04-07 12:00:00,106,car,33.8,395.0,clear,Lane 2
TRF-111077,2026-04-07 13:00:00,105,bike,61.1,211.0,clear,Express Lane
TRF-111078,2026-04-07 14:00:00,101,motorcycle,77.8,272.0,clear,Lane 2
TRF-111079,2026-04-07 15:00:00,108,bus,61.9,249.0,clear,Lane 1
TRF-111080,2026-04-07 16:00:00,103,truck,55.7,458.0,snowy,Express Lane
TRF-111081,2026-04-07 17:00:00,105,car,59.8,837.0,snowy,Lane 1
TRF-111082,2026-04-07 18:00:00,107,truck,67.9,64.0,rainy,Express Lane
TRF-111083,2026-04-07 19:00:00,104,bus,53.6,704.0,clear,Lane 2
TRF-111084,2026-04-07 20:00:00,105,truck,59.9,891.0,rainy,Lane 1
TRF-111085,2026-04-07 21:00:00,107,car,37.8,437.0,foggy,Lane 1
TRF-111086,2026-04-07 22:00:00,105,bike,30.4,33.0,clear,Lane 2
TRF-111087,2026-04-07 23:00:00,104,car,38.9,390.0,clear,Lane 1
TRF-111088,2026-04-08 00:00:00,108,truck,42.1,1019.0,snowy,Express Lane
TRF-111089,2026-04-08 01:00:00,105,motorcycle,41.4,619.0,foggy,Lane 1
TRF-111090,2026-04-08 02:00:00,103,motorcycle,68.6,1089.0,clear,Lane 2
TRF-111091,2026-04-08 03:00:00,106,bus,5.0,364.0,clear,Lane 3
TRF-111092,2026-04-08 04:00:00,102,car,44.2,314.0,rainy,Lane 1
TRF-111093,2026-04-08 05:00:00,105,bus,61.4,1089.0,clear,Lane 1
TRF-111094,2026-04-08 06:00:00,103,truck,60.7,424.0,clear,Lane 1
TRF-111095,2026-04-08 07:00:00,102,truck,33.3,596.0,foggy,Lane 3
TRF-111096,2026-04-08 08:00:00,108,car,79.3,492.0,clear,Express Lane
TRF-111097,2026-04-08 09:00:00,107,van,23.1,384.0,clear,Lane 2
TRF-111098,2026-04-08 10:00:00,102,bus,41.7,372.0,clear,Express Lane
TRF-111099,2026-04-08 11:00:00,107,van,42.4,84.0,clear,Express Lane
TRF-111100,2026-04-08 12:00:00,105,van,42.2,871.0,clear,Lane 2
TRF-111101,2026-04-08 13:00:00,103,bus,72.5,289.0,foggy,Lane 2
TRF-111102,2026-04-08 14:00:00,106,bike,48.3,906.0,foggy,Express Lane
TRF-111103,2026-04-08 15:00:00,105,bus,53.8,950.0,clear,Lane 2
TRF-111104,2026-04-08 16:00:00,107,bus,63.8,1027.0,foggy,Lane 1
TRF-111105,2026-04-08 17:00:00,104,truck,36.5,944.0,foggy,Express Lane
TRF-111106,2026-04-08 18:00:00,102,bus,45.2,933.0,clear,Express Lane
TRF-111107,2026-04-08 19:00:00,105,bike,78.2,299.0,rainy,Lane 3
TRF-111108,2026-04-08 20:00:00,107,motorcycle,54.8,995.0,clear,Lane 3
TRF-111109,2026-04-08 21:00:00,108,bike,28.3,868.0,clear,Express Lane
TRF-111110,2026-04-08 22:00:00,102,car,32.6,214.0,foggy,Lane 2
TRF-111111,2026-04-08 23:00:00,108,motorcycle,64.1,394.0,clear,Lane 2
TRF-111112,2026-04-09 00:00:00,107,motorcycle,27.7,749.0,snowy,Lane 1
TRF-111113,2026-04-09 01:00:00,103,truck,39.5,1061.0,clear,Express Lane
TRF-111114,2026-04-09 02:00:00,101,truck,51.7,683.0,clear,Express Lane
TRF-111115,2026-04-09 03:00:00,108,car,48.2,931.0,clear,Lane 2
TRF-111116,2026-04-09 04:00:00,105,truck,74.7,1047.0,clear,Express Lane
TRF-111117,2026-04-09 05:00:00,106,car,5.0,352.0,clear,Lane 2
TRF-111118,2026-04-09 06:00:00,105,motorcycle,56.7,935.0,foggy,Express Lane
TRF-111119,2026-04-09 07:00:00,102,car,42.9,131.0,foggy,Lane 2
TRF-111120,2026-04-09 08:00:00,103,bus,71.7,824.0,clear,Lane 2
TRF-111121,2026-04-09 09:00:00,107,bus,43.8,104.0,snowy,Lane 3
TRF-111122,2026-04-09 10:00:00,104,van,44.3,773.0,foggy,Lane 2
TRF-111123,2026-04-09 11:00:00,106,bike,47.9,265.0,rainy,Lane 2
TRF-111124,2026-04-09 12:00:00,103,car,36.1,917.0,clear,Lane 1
TRF-111125,2026-04-09 13:00:00,108,bus,37.4,756.0,clear,Lane 2
TRF-111126,2026-04-09 14:00:00,108,van,45.3,840.0,cloudy,Lane 2
TRF-111127,2026-04-09 15:00:00,105,bike,77.6,358.0,cloudy,Lane 1
TRF-111128,2026-04-09 16:00:00,104,van,39.2,865.0,foggy,Express Lane
TRF-111129,2026-04-09 17:00:00,103,car,35.6,399.0,snowy,Lane 1
TRF-111130,2026-04-09 18:00:00,101,bus,40.8,288.0,rainy,Lane 2
TRF-111131,2026-04-09 19:00:00,106,truck,48.1,257.0,foggy,Express Lane
TRF-111132,2026-04-09 20:00:00,102,motorcycle,80.3,406.0,clear,Express Lane
TRF-111133,2026-04-09 21:00:00,103,car,34.3,174.0,foggy,Lane 1
TRF-111134,2026-04-09 22:00:00,103,car,93.0,109.0,rainy,Lane 1
TRF-111135,2026-04-09 23:00:00,101,car,56.1,1092.0,rainy,Lane 2
TRF-111136,2026-04-10 00:00:00,105,van,30.0,735.0,clear,Lane 3
TRF-111137,2026-04-10 01:00:00,107,bike,38.1,738.0,snowy,Express Lane
TRF-111138,2026-04-10 02:00:00,107,bus,13.1,126.0,foggy,Lane 1
TRF-111139,2026-04-10 03:00:00,106,truck,49.9,275.0,clear,Lane 2
TRF-111140,2026-04-10 04:00:00,106,bus,66.9,362.0,rainy,Lane 1
TRF-111141,2026-04-10 05:00:00,102,truck,48.6,794.0,clear,Lane 3
TRF-111142,2026-04-10 06:00:00,103,motorcycle,62.5,307.0,clear,Lane 3
TRF-111143,2026-04-10 07:00:00,104,truck,55.7,1061.0,clear,Lane 2
TRF-111144,2026-04-10 08:00:00,103,bus,69.8,281.0,cloudy,Lane 3
TRF-111145,2026-04-10 09:00:00,107,truck,30.4,925.0,rainy,Express Lane
TRF-111146,2026-04-10 10:00:00,102,truck,63.9,47.0,clear,Lane 2
TRF-111147,2026-04-10 11:00:00,103,car,82.0,419.0,rainy,Lane 2
TRF-111148,2026-04-10 12:00:00,101,van,94.2,1057.0,snowy,Express Lane
TRF-111149,2026-04-10 13:00:00,107,truck,73.6,778.0,foggy,Lane 1
TRF-111150,2026-04-10 14:00:00,103,truck,51.1,41.0,clear,Lane 2
TRF-111151,2026-04-10 15:00:00,103,truck,30.6,799.0,clear,Lane 1
TRF-111152,2026-04-10 16:00:00,107,car,33.3,288.0,clear,Express Lane
TRF-111153,2026-04-10 17:00:00,104,bus,44.9,458.0,clear,Express Lane
TRF-111154,2026-04-10 18:00:00,107,car,81.5,626.0,clear,Lane 1
TRF-111155,2026-04-10 19:00:00,101,bus,38.5,324.0,rainy,Lane 1
TRF-111156,2026-04-10 20:00:00,101,car,51.2,235.0,snowy,Lane 1
TRF-111157,2026-04-10 21:00:00,103,car,64.9,251.0,clear,Lane 2
TRF-111158,2026-04-10 22:00:00,106,bus,5.0,1066.0,rainy,Lane 3
TRF-111159,2026-04-10 23:00:00,104,car,28.9,69.0,rainy,Lane 2
TRF-111160,2026-04-11 00:00:00,103,bike,83.2,534.0,clear,Lane 3
TRF-111161,2026-04-11 01:00:00,107,car,66.8,630.0,foggy,Lane 2
TRF-111162,2026-04-11 02:00:00,103,car,66.9,642.0,foggy,Lane 1
TRF-111163,2026-04-11 03:00:00,102,van,31.1,551.0,clear,Lane 1
TRF-111164,2026-04-11 04:00:00,102,truck,74.1,334.0,clear,Lane 2
TRF-111165,2026-04-11 05:00:00,106,bus,33.3,625.0,cloudy,Express Lane
TRF-111166,2026-04-11 06:00:00,104,motorcycle,47.9,231.0,rainy,Lane 3
TRF-111167,2026-04-11 07:00:00,105,car,60.5,591.0,cloudy,Lane 2
TRF-111168,2026-04-11 08:00:00,108,truck,63.0,441.0,cloudy,Lane 2
TRF-111169,2026-04-11 09:00:00,102,bus,56.9,249.0,foggy,Lane 3
TRF-111170,2026-04-11 10:00:00,105,motorcycle,44.4,353.0,clear,Lane 1
TRF-111171,2026-04-11 11:00:00,101,bus,14.7,640.0,clear,Lane 1
TRF-111172,2026-04-11 12:00:00,102,car,49.5,369.0,clear,Lane 1
TRF-111173,2026-04-11 13:00:00,102,motorcycle,9.0,163.0,foggy,Express Lane
TRF-111174,2026-04-11 14:00:00,104,bike,58.2,857.0,foggy,Lane 3
TRF-111175,2026-04-11 15:00:00,106,bike,30.4,878.0,rainy,Lane 1
TRF-111176,2026-04-11 16:00:00,105,bus,45.1,176.0,foggy,Express Lane
TRF-111177,2026-04-11 17:00:00,107,bus,38.8,462.0,clear,Lane 1
TRF-111178,2026-04-11 18:00:00,102,bus,58.2,416.0,rainy,Express Lane
TRF-111179,2026-04-11 19:00:00,102,bike,33.8,1087.0,clear,Express Lane
TRF-111180,2026-04-11 20:00:00,104,van,52.6,91.0,clear,Lane 1
TRF-111181,2026-04-11 21:00:00,104,truck,51.3,473.0,clear,Express Lane
TRF-111182,2026-04-11 22:00:00,106,bus,49.2,225.0,rainy,Lane 3
TRF-111183,2026-04-11 23:00:00,105,van,55.1,116.0,rainy,Lane 3
TRF-111184,2026-04-12 00:00:00,101,truck,26.4,920.0,snowy,Lane 1
TRF-111185,2026-04-12 01:00:00,107,bus,27.0,954.0,clear,Lane 2
TRF-111186,2026-04-12 02:00:00,106,bike,73.8,201.0,clear,Express Lane
TRF-111187,2026-04-12 03:00:00,108,truck,20.3,428.0,clear,Lane 2
TRF-111188,2026-04-12 04:00:00,101,bike,87.0,842.0,rainy,Lane 1
TRF-111189,2026-04-12 05:00:00,103,bike,45.5,360.0,clear,Lane 3
TRF-111190,2026-04-12 06:00:00,102,car,32.7,281.0,clear,Lane 1
TRF-111191,2026-04-12 07:00:00,105,bus,63.5,560.0,cloudy,Lane 1
TRF-111192,2026-04-12 08:00:00,106,car,37.9,792.0,clear,Express Lane
TRF-111193,2026-04-12 09:00:00,102,bike,54.1,64.0,clear,Express Lane
TRF-111194,2026-04-12 10:00:00,105,bus,70.4,807.0,foggy,Lane 2
TRF-111195,2026-04-12 11:00:00,105,motorcycle,60.8,963.0,cloudy,Lane 2
TRF-111196,2026-04-12 12:00:00,105,truck,55.7,698.0,clear,Lane 1
TRF-111197,2026-04-12 13:00:00,102,car,59.8,739.0,foggy,Express Lane
TRF-111198,2026-04-12 14:00:00,106,truck,48.7,759.0,clear,Lane 1
TRF-111199,2026-04-12 15:00:00,107,van,62.6,657.0,cloudy,Express Lane
TRF-111200,2026-04-12 16:00:00,104,bike,28.7,106.0,snowy,Lane 3
TRF-111201,2026-04-12 17:00:00,102,truck,74.3,403.0,clear,Express Lane
TRF-111202,2026-04-12 18:00:00,108,truck,45.2,82.0,foggy,Lane 2
TRF-111203,2026-04-12 19:00:00,105,truck,51.2,287.0,foggy,Lane 1
TRF-111204,2026-04-12 20:00:00,106,truck,42.4,161.0,clear,Express Lane
TRF-111205,2026-04-12 21:00:00,107,car,58.9,624.0,foggy,Lane 2
TRF-111206,2026-04-12 22:00:00,103,bus,67.0,957.0,rainy,Lane 2
TRF-111207,2026-04-12 23:00:00,108,bike,30.1,278.0,snowy,Lane 1
TRF-111208,2026-04-13 00:00:00,101,truck,46.8,427.0,cloudy,Lane 2
TRF-111209,2026-04-13 01:00:00,108,truck,51.1,98.0,rainy,Lane 1
TRF-111210,2026-04-13 02:00:00,105,bike,55.9,950.0,foggy,Lane 1
TRF-111211,2026-04-13 03:00:00,103,truck,42.8,683.0,clear,Express Lane
TRF-111212,2026-04-13 04:00:00,104,van,40.2,681.0,clear,Lane 3
TRF-111213,2026-04-13 05:00:00,107,truck,63.9,974.0,clear,Express Lane
TRF-111214,2026-04-13 06:00:00,107,van,57.2,369.0,cloudy,Lane 2
TRF-111215,2026-04-13 07:00:00,105,car,51.9,403.0,clear,Lane 3
TRF-111216,2026-04-13 08:00:00,108,bike,70.5,914.0,foggy,Lane 2
TRF-111217,2026-04-13 09:00:00,108,car,47.9,286.0,snowy,Lane 3
TRF-111218,2026-04-13 10:00:00,107,van,62.4,545.0,clear,Lane 1
TRF-111219,2026-04-13 11:00:00,103,truck,54.7,876.0,foggy,Lane 2
TRF-111220,2026-04-13 12:00:00,105,car,21.8,337.0,foggy,Lane 3
TRF-111221,2026-04-13 13:00:00,102,bus,69.0,631.0,foggy,Express Lane
TRF-111222,2026-04-13 14:00:00,106,car,58.6,761.0,cloudy,Lane 1
TRF-111223,2026-04-13 15:00:00,103,car,61.0,520.0,foggy,Lane 1
TRF-111224,2026-04-13 16:00:00,106,bus,42.5,668.0,rainy,Lane 2
TRF-111225,2026-04-13 17:00:00,102,bike,61.7,667.0,rainy,Lane 2
TRF-111226,2026-04-13 18:00:00,102,car,34.8,736.0,clear,Lane 3
TRF-111227,2026-04-13 19:00:00,106,truck,23.8,227.0,clear,Lane 1
TRF-111228,2026-04-13 20:00:00,103,bus,47.8,1061.0,rainy,Lane 1
TRF-111229,2026-04-13 21:00:00,106,bus,60.2,686.0,clear,Lane 2
TRF-111230,2026-04-13 22:00:00,106,truck,66.3,45.0,clear,Lane 1
TRF-111231,2026-04-13 23:00:00,101,car,47.9,935.0,clear,Express Lane
TRF-111232,2026-04-14 00:00:00,103,truck,49.3,493.0,rainy,Lane 3
TRF-111233,2026-04-14 01:00:00,108,bus,66.3,944.0,foggy,Lane 1
TRF-111234,2026-04-14 02:00:00,108,bus,42.0,847.0,cloudy,Lane 1
TRF-111235,2026-04-14 03:00:00,101,truck,37.9,857.0,foggy,Lane 1
TRF-111236,2026-04-14 04:00:00,105,car,77.1,609.0,rainy,Lane 3
TRF-111237,2026-04-14 05:00:00,107,car,47.9,189.0,clear,Lane 2
TRF-111238,2026-04-14 06:00:00,108,truck,64.5,877.0,clear,Express Lane
TRF-111239,2026-04-14 07:00:00,106,bike,72.5,527.0,foggy,Lane 2
TRF-111240,2026-04-14 08:00:00,105,bike,51.8,493.0,foggy,Lane 1
TRF-111241,2026-04-14 09:00:00,108,car,52.7,371.0,clear,Express Lane
TRF-111242,2026-04-14 10:00:00,103,bus,80.4,537.0,rainy,Lane 1
TRF-111243,2026-04-14 11:00:00,106,car,24.5,180.0,snowy,Lane 3
TRF-111244,2026-04-14 12:00:00,107,truck,24.2,1051.0,clear,Lane 3
TRF-111245,2026-04-14 13:00:00,105,truck,62.7,604.0,foggy,Lane 3
TRF-111246,2026-04-14 14:00:00,108,bus,40.6,915.0,rainy,Lane 1
TRF-111247,2026-04-14 15:00:00,108,motorcycle,63.5,924.0,clear,Lane 2
TRF-111248,2026-04-14 16:00:00,104,car,47.0,725.0,rainy,Lane 2
TRF-111249,2026-04-14 17:00:00,108,car,63.0,242.0,rainy,Lane 1
TRF-111250,2026-04-14 18:00:00,102,van,32.1,614.0,foggy,Lane 1
TRF-111251,2026-04-14 19:00:00,106,bus,59.0,825.0,clear,Express Lane
TRF-111252,2026-04-14 20:00:00,107,car,39.0,695.0,clear,Lane 3
TRF-111253,2026-04-14 21:00:00,102,truck,61.0,217.0,rainy,Lane 2
TRF-111254,2026-04-14 22:00:00,101,car,90.6,797.0,rainy,Lane 2
TRF-111255,2026-04-14 23:00:00,105,bike,33.5,1016.0,rainy,Express Lane
TRF-111256,2026-04-15 00:00:00,108,bus,41.6,212.0,clear,Express Lane
TRF-111257,2026-04-15 01:00:00,101,car,45.7,413.0,clear,Lane 1
TRF-111258,2026-04-15 02:00:00,107,van,53.8,54.0,cloudy,Lane 1
TRF-111259,2026-04-15 03:00:00,106,truck,6.8,946.0,foggy,Lane 1
TRF-111260,2026-04-15 04:00:00,102,van,48.6,67.0,clear,Lane 3
TRF-111261,2026-04-15 05:00:00,102,van,44.1,331.0,rainy,Lane 2
TRF-111262,2026-04-15 06:00:00,105,motorcycle,44.2,129.0,snowy,Express Lane
TRF-111263,2026-04-15 07:00:00,106,truck,53.3,688.0,foggy,Lane 2
TRF-111264,2026-04-15 08:00:00,108,bike,54.4,475.0,clear,Lane 1
TRF-111265,2026-04-15 09:00:00,104,car,54.1,499.0,snowy,Lane 3
TRF-111266,2026-04-15 10:00:00,104,car,47.9,84.0,clear,Lane 2
TRF-111267,2026-04-15 11:00:00,105,truck,43.5,613.0,foggy,Lane 1
TRF-111268,2026-04-15 12:00:00,106,car,42.7,784.0,snowy,Express Lane
TRF-111269,2026-04-15 13:00:00,105,truck,57.5,156.0,foggy,Lane 1
TRF-111270,2026-04-15 14:00:00,106,van,30.6,182.0,snowy,Lane 1
TRF-111271,2026-04-15 15:00:00,107,bike,51.5,255.0,clear,Lane 2
TRF-111272,2026-04-15 16:00:00,107,bus,77.0,867.0,snowy,Lane 3
TRF-111273,2026-04-15 17:00:00,101,bus,5.0,721.0,cloudy,Express Lane
TRF-111274,2026-04-15 18:00:00,108,car,44.9,448.0,foggy,Express Lane
TRF-111275,2026-04-15 19:00:00,105,bus,12.3,544.0,foggy,Express Lane
TRF-111276,2026-04-15 20:00:00,108,bus,48.0,318.0,snowy,Lane 3
TRF-111277,2026-04-15 21:00:00,106,motorcycle,63.0,230.0,clear,Express Lane
TRF-111278,2026-04-15 22:00:00,104,bike,38.8,902.0,rainy,Lane 1
TRF-111279,2026-04-15 23:00:00,108,truck,64.7,696.0,clear,Lane 3
TRF-111280,2026-04-16 00:00:00,106,bike,72.5,798.0,foggy,Express Lane
TRF-111281,2026-04-16 01:00:00,107,van,55.2,197.0,clear,Lane 3
TRF-111282,2026-04-16 02:00:00,106,truck,38.7,943.0,clear,Lane 1
TRF-111283,2026-04-16 03:00:00,105,truck,57.6,409.0,foggy,Lane 2
TRF-111284,2026-04-16 04:00:00,101,bus,78.3,1064.0,rainy,Lane 3
TRF-111285,2026-04-16 05:00:00,101,bike,24.0,386.0,rainy,Lane 2
TRF-111286,2026-04-16 06:00:00,101,truck,67.9,842.0,snowy,Lane 3
TRF-111287,2026-04-16 07:00:00,101,bike,24.8,160.0,foggy,Lane 1
TRF-111288,2026-04-16 08:00:00,107,bus,20.7,234.0,clear,Lane 2
TRF-111289,2026-04-16 09:00:00,103,van,25.8,345.0,clear,Express Lane
TRF-111290,2026-04-16 10:00:00,108,bike,47.3,633.0,foggy,Express Lane
TRF-111291,2026-04-16 11:00:00,105,van,70.7,515.0,clear,Lane 2
TRF-111292,2026-04-16 12:00:00,102,bike,11.8,140.0,rainy,Lane 3
TRF-111293,2026-04-16 13:00:00,105,motorcycle,65.8,276.0,clear,Lane 2
TRF-111294,2026-04-16 14:00:00,103,truck,45.2,441.0,snowy,Express Lane
TRF-111295,2026-04-16 15:00:00,101,bus,28.1,602.0,rainy,Lane 3
TRF-111296,2026-04-16 16:00:00,103,van,58.6,479.0,foggy,Lane 2
TRF-111297,2026-04-16 17:00:00,104,truck,39.5,918.0,foggy,Lane 3
TRF-111298,2026-04-16 18:00:00,104,bike,88.7,773.0,snowy,Lane 3
TRF-111299,2026-04-16 19:00:00,108,motorcycle,57.0,154.0,clear,Lane 1
TRF-111300,2026-04-16 20:00:00,107,bus,49.0,970.0,rainy,Lane 1
TRF-111301,2026-04-16 21:00:00,105,bike,59.7,289.0,snowy,Lane 3
TRF-111302,2026-04-16 22:00:00,105,bus,72.2,564.0,foggy,Express Lane
TRF-111303,2026-04-16 23:00:00,102,bus,73.9,109.0,foggy,Express Lane
TRF-111304,2026-04-17 00:00:00,107,bus,64.7,301.0,clear,Lane 3
TRF-111305,2026-04-17 01:00:00,102,car,72.8,431.0,clear,Lane 3
TRF-111306,2026-04-17 02:00:00,104,bike,69.7,301.0,rainy,Lane 1
TRF-111307,2026-04-17 03:00:00,101,bus,64.4,925.0,clear,Express Lane
TRF-111308,2026-04-17 04:00:00,103,car,40.9,257.0,clear,Lane 1
TRF-111309,2026-04-17 05:00:00,102,car,70.6,400.0,clear,Express Lane
TRF-111310,2026-04-17 06:00:00,106,bike,40.3,741.0,clear,Express Lane
TRF-111311,2026-04-17 07:00:00,102,bike,52.7,221.0,clear,Lane 2
TRF-111312,2026-04-17 08:00:00,101,bus,41.2,1009.0,clear,Lane 3
TRF-111313,2026-04-17 09:00:00,101,truck,60.1,560.0,rainy,Lane 2
TRF-111314,2026-04-17 10:00:00,105,van,71.0,517.0,clear,Express Lane
TRF-111315,2026-04-17 11:00:00,103,truck,40.7,763.0,foggy,Lane 1
TRF-111316,2026-04-17 12:00:00,101,van,22.6,878.0,snowy,Lane 3
TRF-111317,2026-04-17 13:00:00,107,bus,66.2,377.0,foggy,Lane 2
TRF-111318,2026-04-17 14:00:00,102,car,66.6,795.0,clear,Express Lane
TRF-111319,2026-04-17 15:00:00,102,car,76.2,711.0,clear,Express Lane
TRF-111320,2026-04-17 16:00:00,104,bike,64.1,606.0,clear,Lane 2
TRF-111321,2026-04-17 17:00:00,101,truck,64.5,559.0,clear,Lane 3
TRF-111322,2026-04-17 18:00:00,106,truck,35.1,1067.0,snowy,Lane 2
TRF-111323,2026-04-17 19:00:00,105,bike,61.3,48.0,snowy,Lane 2
TRF-111324,2026-04-17 20:00:00,103,truck,86.6,650.0,snowy,Lane 1
TRF-111325,2026-04-17 21:00:00,106,bike,38.0,31.0,cloudy,Lane 1
TRF-111326,2026-04-17 22:00:00,105,bike,26.1,366.0,snowy,Lane 2
TRF-111327,2026-04-17 23:00:00,102,truck,50.5,315.0,cloudy,Lane 2
TRF-111328,2026-04-18 00:00:00,106,truck,64.9,283.0,snowy,Express Lane
TRF-111329,2026-04-18 01:00:00,105,truck,51.9,626.0,rainy,Lane 3
TRF-111330,2026-04-18 02:00:00,102,car,80.1,667.0,snowy,Express Lane
TRF-111331,2026-04-18 03:00:00,102,motorcycle,32.5,1063.0,cloudy,Lane 1
TRF-111332,2026-04-18 04:00:00,102,motorcycle,47.9,948.0,clear,Lane 3
TRF-111333,2026-04-18 05:00:00,102,car,73.7,849.0,rainy,Lane 3
TRF-111334,2026-04-18 06:00:00,107,truck,22.7,710.0,clear,Lane 1
TRF-111335,2026-04-18 07:00:00,102,car,47.9,845.0,foggy,Express Lane
TRF-111336,2026-04-18 08:00:00,104,truck,73.2,866.0,clear,Lane 2
TRF-111337,2026-04-18 09:00:00,106,car,51.9,560.0,clear,Lane 2
TRF-111338,2026-04-18 10:00:00,105,car,35.4,502.0,foggy,Lane 3
TRF-111339,2026-04-18 11:00:00,104,truck,70.9,501.0,cloudy,Lane 3
TRF-111340,2026-04-18 12:00:00,107,bus,51.1,725.0,clear,Lane 2
TRF-111341,2026-04-18 13:00:00,108,truck,44.0,258.0,clear,Lane 3
TRF-111342,2026-04-18 14:00:00,108,car,77.6,78.0,foggy,Lane 2
TRF-111343,2026-04-18 15:00:00,104,bike,41.2,756.0,cloudy,Lane 1
TRF-111344,2026-04-18 16:00:00,101,motorcycle,37.2,993.0,foggy,Lane 1
TRF-111345,2026-04-18 17:00:00,101,truck,31.8,147.0,clear,Lane 2
TRF-111346,2026-04-18 18:00:00,101,bike,69.9,639.0,rainy,Lane 3
TRF-111347,2026-04-18 19:00:00,103,bus,55.7,66.0,rainy,Lane 1
TRF-111348,2026-04-18 20:00:00,101,car,39.2,216.0,cloudy,Lane 2
TRF-111349,2026-04-18 21:00:00,105,van,22.1,488.0,clear,Lane 2
TRF-111350,2026-04-18 22:00:00,104,van,73.4,1020.0,snowy,Lane 3
TRF-111351,2026-04-18 23:00:00,105,van,39.5,807.0,foggy,Lane 3
TRF-111352,2026-04-19 00:00:00,106,car,15.3,899.0,cloudy,Express Lane
TRF-111353,2026-04-19 01:00:00,101,bike,49.6,881.0,clear,Lane 3
TRF-111354,2026-04-19 02:00:00,107,motorcycle,66.6,437.0,clear,Lane 1
TRF-111355,2026-04-19 03:00:00,103,car,61.0,1048.0,clear,Lane 1
TRF-111356,2026-04-19 04:00:00,106,car,49.5,100.0,rainy,Lane 1
TRF-111357,2026-04-19 05:00:00,107,van,40.0,178.0,foggy,Lane 2
TRF-111358,2026-04-19 06:00:00,103,bike,37.9,938.0,clear,Lane 2
TRF-111359,2026-04-19 07:00:00,108,truck,71.0,806.0,foggy,Lane 2
TRF-111360,2026-04-19 08:00:00,106,bus,12.8,184.0,rainy,Lane 1
TRF-111361,2026-04-19 09:00:00,108,car,30.9,978.0,foggy,Express Lane
TRF-111362,2026-04-19 10:00:00,104,car,46.3,750.0,clear,Lane 2
TRF-111363,2026-04-19 11:00:00,105,bike,12.1,965.0,rainy,Express Lane
TRF-111364,2026-04-19 12:00:00,102,truck,44.1,790.0,foggy,Lane 2
TRF-111365,2026-04-19 13:00:00,105,bike,25.9,855.0,clear,Lane 1
TRF-111366,2026-04-19 14:00:00,101,truck,56.5,172.0,clear,Express Lane
TRF-111367,2026-04-19 15:00:00,108,truck,37.7,1021.0,clear,Lane 2
TRF-111368,2026-04-19 16:00:00,107,bus,40.8,560.0,foggy,Lane 1
TRF-111369,2026-04-19 17:00:00,102,bus,36.4,735.0,foggy,Lane 2
TRF-111370,2026-04-19 18:00:00,103,motorcycle,60.2,286.0,rainy,Lane 3
TRF-111371,2026-04-19 19:00:00,108,truck,46.8,871.0,cloudy,Lane 1
TRF-111372,2026-04-19 20:00:00,104,motorcycle,65.0,649.0,clear,Lane 2
TRF-111373,2026-04-19 21:00:00,104,motorcycle,69.7,578.0,foggy,Express Lane
TRF-111374,2026-04-19 22:00:00,108,motorcycle,42.8,588.0,clear,Lane 2
TRF-111375,2026-04-19 23:00:00,108,van,35.5,374.0,clear,Express Lane
TRF-111376,2026-04-20 00:00:00,108,motorcycle,40.5,408.0,rainy,Lane 3
TRF-111377,2026-04-20 01:00:00,103,truck,95.9,161.0,clear,Lane 3
TRF-111378,2026-04-20 02:00:00,101,car,36.9,746.0,clear,Express Lane
TRF-111379,2026-04-20 03:00:00,103,truck,44.9,106.0,foggy,Lane 2
TRF-111380,2026-04-20 04:00:00,106,truck,51.9,962.0,clear,Express Lane
TRF-111381,2026-04-20 05:00:00,107,car,57.8,783.0,rainy,Lane 3
TRF-111382,2026-04-20 06:00:00,108,motorcycle,49.9,176.0,clear,Lane 3
TRF-111383,2026-04-20 07:00:00,107,bike,79.9,96.0,foggy,Lane 3
TRF-111384,2026-04-20 08:00:00,101,bike,52.2,501.0,clear,Express Lane
TRF-111385,2026-04-20 09:00:00,102,truck,45.3,180.0,rainy,Lane 3
TRF-111386,2026-04-20 10:00:00,103,bike,65.2,33.0,cloudy,Lane 2
TRF-111387,2026-04-20 11:00:00,101,truck,32.0,1071.0,foggy,Express Lane
TRF-111388,2026-04-20 12:00:00,107,car,57.7,553.0,clear,Lane 3
TRF-111389,2026-04-20 13:00:00,102,bike,47.9,285.0,clear,Express Lane
TRF-111390,2026-04-20 14:00:00,103,truck,71.1,1088.0,foggy,Lane 3
TRF-111391,2026-04-20 15:00:00,104,bike,72.5,952.0,snowy,Lane 1
TRF-111392,2026-04-20 16:00:00,103,bike,44.9,584.0,foggy,Lane 3
TRF-111393,2026-04-20 17:00:00,105,bus,32.3,560.0,clear,Lane 2
TRF-111394,2026-04-20 18:00:00,103,van,14.5,352.0,clear,Lane 1
TRF-111395,2026-04-20 19:00:00,105,van,52.1,482.0,rainy,Express Lane
TRF-111396,2026-04-20 20:00:00,102,bus,9.6,890.0,rainy,Lane 3
TRF-111397,2026-04-20 21:00:00,103,van,46.5,388.0,clear,Lane 1
TRF-111398,2026-04-20 22:00:00,102,truck,37.9,81.0,clear,Express Lane
TRF-111399,2026-04-20 23:00:00,102,bus,58.0,558.0,cloudy,Lane 1
TRF-111400,2026-04-21 00:00:00,107,car,47.8,752.0,clear,Lane 2
TRF-111401,2026-04-21 01:00:00,101,motorcycle,37.8,62.0,rainy,Express Lane
TRF-111402,2026-04-21 02:00:00,102,van,63.3,465.0,clear,Lane 2
TRF-111403,2026-04-21 03:00:00,102,car,28.4,1026.0,clear,Lane 3
TRF-111404,2026-04-21 04:00:00,107,truck,58.1,878.0,clear,Express Lane
TRF-111405,2026-04-21 05:00:00,107,car,85.1,842.0,foggy,Lane 1
TRF-111406,2026-04-21 06:00:00,103,car,65.4,106.0,clear,Lane 1
TRF-111407,2026-04-21 07:00:00,107,motorcycle,40.7,609.0,rainy,Express Lane
TRF-111408,2026-04-21 08:00:00,103,bike,29.7,471.0,clear,Lane 1
TRF-111409,2026-04-21 09:00:00,104,motorcycle,64.8,699.0,foggy,Express Lane
TRF-111410,2026-04-21 10:00:00,107,van,26.0,492.0,foggy,Lane 2
TRF-111411,2026-04-21 11:00:00,101,truck,48.1,406.0,clear,Lane 2
TRF-111412,2026-04-21 12:00:00,102,bus,61.0,575.0,rainy,Lane 2
TRF-111413,2026-04-21 13:00:00,101,bike,29.8,465.0,cloudy,Lane 2
TRF-111414,2026-04-21 14:00:00,105,bike,28.8,1050.0,clear,Lane 3
TRF-111415,2026-04-21 15:00:00,108,bus,24.3,753.0,clear,Express Lane
TRF-111416,2026-04-21 16:00:00,107,car,76.7,921.0,clear,Express Lane
TRF-111417,2026-04-21 17:00:00,102,truck,78.6,968.0,foggy,Lane 3
TRF-111418,2026-04-21 18:00:00,101,bike,78.3,184.0,foggy,Lane 1
TRF-111419,2026-04-21 19:00:00,107,truck,80.7,298.0,clear,Lane 3
TRF-111420,2026-04-21 20:00:00,107,truck,36.6,189.0,clear,Lane 1
TRF-111421,2026-04-21 21:00:00,108,truck,15.4,352.0,clear,Lane 1
TRF-111422,2026-04-21 22:00:00,104,bike,78.7,1067.0,rainy,Lane 2
TRF-111423,2026-04-21 23:00:00,104,van,64.7,149.0,clear,Express Lane
TRF-111424,2026-04-22 00:00:00,102,bus,63.3,377.0,foggy,Lane 2
TRF-111425,2026-04-22 01:00:00,105,truck,29.3,75.0,foggy,Lane 3
TRF-111426,2026-04-22 02:00:00,104,bus,49.7,498.0,clear,Lane 3
TRF-111427,2026-04-22 03:00:00,108,car,50.9,651.0,rainy,Lane 3
TRF-111428,2026-04-22 04:00:00,104,car,46.9,248.0,cloudy,Lane 1
TRF-111429,2026-04-22 05:00:00,105,motorcycle,32.7,1033.0,rainy,Lane 1
TRF-111430,2026-04-22 06:00:00,101,car,13.8,990.0,foggy,Lane 2
TRF-111431,2026-04-22 07:00:00,104,bus,34.5,541.0,rainy,Lane 3
TRF-111432,2026-04-22 08:00:00,108,bus,5.0,410.0,clear,Express Lane
TRF-111433,2026-04-22 09:00:00,103,car,40.6,595.0,foggy,Lane 2
TRF-111434,2026-04-22 10:00:00,108,truck,36.9,595.0,clear,Lane 3
TRF-111435,2026-04-22 11:00:00,106,car,27.0,1057.0,rainy,Lane 3
TRF-111436,2026-04-22 12:00:00,106,bus,55.2,781.0,foggy,Lane 2
TRF-111437,2026-04-22 13:00:00,104,van,41.8,230.0,clear,Lane 1
TRF-111438,2026-04-22 14:00:00,101,truck,43.1,285.0,cloudy,Lane 3
TRF-111439,2026-04-22 15:00:00,107,truck,73.0,228.0,clear,Lane 2
TRF-111440,2026-04-22 16:00:00,101,truck,42.2,102.0,clear,Lane 3
TRF-111441,2026-04-22 17:00:00,108,van,56.2,980.0,snowy,Lane 1
TRF-111442,2026-04-22 18:00:00,102,car,28.5,717.0,cloudy,Lane 2
TRF-111443,2026-04-22 19:00:00,103,truck,52.6,248.0,clear,Lane 1
TRF-111444,2026-04-22 20:00:00,101,truck,46.2,436.0,clear,Lane 3
TRF-111445,2026-04-22 21:00:00,105,bus,49.7,824.0,foggy,Express Lane
TRF-111446,2026-04-22 22:00:00,108,bike,26.0,822.0,clear,Lane 1
TRF-111447,2026-04-22 23:00:00,103,car,27.7,237.0,clear,Express Lane
TRF-111448,2026-04-23 00:00:00,106,bus,41.8,121.0,snowy,Lane 3
TRF-111449,2026-04-23 01:00:00,108,truck,72.0,561.0,rainy,Lane 3
TRF-111450,2026-04-23 02:00:00,103,bus,47.9,112.0,rainy,Lane 3
TRF-111451,2026-04-23 03:00:00,105,bus,78.2,439.0,clear,Lane 2
TRF-111452,2026-04-23 04:00:00,104,car,35.3,473.0,clear,Lane 1
TRF-111453,2026-04-23 05:00:00,105,bus,49.5,159.0,foggy,Lane 1
TRF-111454,2026-04-23 06:00:00,105,bus,66.0,800.0,rainy,Lane 2
TRF-111455,2026-04-23 07:00:00,104,truck,41.6,213.0,foggy,Lane 2
TRF-111456,2026-04-23 08:00:00,104,motorcycle,43.6,607.0,clear,Lane 1
TRF-111457,2026-04-23 09:00:00,104,motorcycle,74.0,694.0,cloudy,Lane 3
TRF-111458,2026-04-23 10:00:00,104,motorcycle,67.7,394.0,clear,Lane 1
TRF-111459,2026-04-23 11:00:00,104,truck,60.6,225.0,cloudy,Lane 3
TRF-111460,2026-04-23 12:00:00,105,car,45.4,1068.0,clear,Express Lane
TRF-111461,2026-04-23 13:00:00,102,car,46.6,239.0,rainy,Express Lane
TRF-111462,2026-04-23 14:00:00,102,van,28.7,164.0,snowy,Lane 3
TRF-111463,2026-04-23 15:00:00,108,car,42.9,623.0,clear,Lane 1
TRF-111464,2026-04-23 16:00:00,101,truck,49.2,533.0,foggy,Lane 2
TRF-111465,2026-04-23 17:00:00,102,bus,47.4,506.0,foggy,Lane 2
TRF-111466,2026-04-23 18:00:00,106,bike,53.3,473.0,foggy,Express Lane
TRF-111467,2026-04-23 19:00:00,102,truck,68.0,713.0,foggy,Lane 3
TRF-111468,2026-04-23 20:00:00,105,car,20.8,152.0,foggy,Lane 1
TRF-111469,2026-04-23 21:00:00,104,car,36.6,523.0,clear,Express Lane
TRF-111470,2026-04-23 22:00:00,108,car,68.6,419.0,rainy,Lane 1
TRF-111471,2026-04-23 23:00:00,104,bike,92.4,92.0,cloudy,Lane 2
TRF-111472,2026-04-24 00:00:00,107,bike,28.7,549.0,clear,Lane 1
TRF-111473,2026-04-24 01:00:00,107,car,47.9,274.0,clear,Lane 2
TRF-111474,2026-04-24 02:00:00,107,van,24.4,194.0,foggy,Lane 3
TRF-111475,2026-04-24 03:00:00,105,car,11.3,984.0,cloudy,Express Lane
TRF-111476,2026-04-24 04:00:00,106,bike,52.9,313.0,rainy,Lane 1
TRF-111477,2026-04-24 05:00:00,102,bike,58.7,740.0,rainy,Lane 1
TRF-111478,2026-04-24 06:00:00,105,truck,42.6,961.0,clear,Lane 2
TRF-111479,2026-04-24 07:00:00,101,bus,42.8,684.0,foggy,Express Lane
TRF-111480,2026-04-24 08:00:00,108,motorcycle,46.0,560.0,clear,Lane 3
TRF-111481,2026-04-24 09:00:00,104,bus,37.8,226.0,rainy,Lane 3
TRF-111482,2026-04-24 10:00:00,107,bus,47.2,314.0,foggy,Express Lane
TRF-111483,2026-04-24 11:00:00,103,truck,73.0,144.0,cloudy,Lane 2
TRF-111484,2026-04-24 12:00:00,101,car,33.1,993.0,clear,Lane 3
TRF-111485,2026-04-24 13:00:00,107,motorcycle,42.9,782.0,cloudy,Lane 1
TRF-111486,2026-04-24 14:00:00,106,bike,45.7,923.0,rainy,Lane 1
TRF-111487,2026-04-24 15:00:00,101,bike,37.8,535.0,clear,Lane 2
TRF-111488,2026-04-24 16:00:00,105,car,49.2,820.0,clear,Lane 3
TRF-111489,2026-04-24 17:00:00,102,car,5.0,360.0,rainy,Express Lane
TRF-111490,2026-04-24 18:00:00,104,bike,58.3,1025.0,rainy,Lane 3
TRF-111491,2026-04-24 19:00:00,108,truck,30.5,696.0,cloudy,Lane 1
TRF-111492,2026-04-24 20:00:00,106,motorcycle,32.9,294.0,clear,Lane 2
TRF-111493,2026-04-24 21:00:00,106,bike,45.0,611.0,clear,Express Lane
TRF-111494,2026-04-24 22:00:00,103,bike,23.0,720.0,clear,Lane 2
TRF-111495,2026-04-24 23:00:00,101,bike,72.0,510.0,rainy,Express Lane
TRF-111496,2026-04-25 00:00:00,103,bus,33.2,1059.0,cloudy,Express Lane
TRF-111497,2026-04-25 01:00:00,102,bike,47.9,673.0,cloudy,Lane 1
TRF-111498,2026-04-25 02:00:00,107,bus,59.3,800.0,foggy,Lane 1
TRF-111499,2026-04-25 03:00:00,102,truck,37.8,311.0,clear,Express Lane
TRF-111500,2026-04-25 04:00:00,107,car,42.5,319.0,rainy,Lane 3
TRF-111501,2026-04-25 05:00:00,103,car,50.7,234.0,clear,Express Lane
TRF-111502,2026-04-25 06:00:00,104,truck,78.6,933.0,rainy,Express Lane
TRF-111503,2026-04-25 07:00:00,102,bike,65.1,361.0,snowy,Express Lane
TRF-111504,2026-04-25 08:00:00,103,bike,63.8,432.0,clear,Lane 2
TRF-111505,2026-04-25 09:00:00,101,car,42.5,61.0,rainy,Lane 1
TRF-111506,2026-04-25 10:00:00,103,car,37.8,221.0,clear,Express Lane
TRF-111507,2026-04-25 11:00:00,103,car,59.5,436.0,foggy,Lane 2
TRF-111508,2026-04-25 12:00:00,105,motorcycle,47.9,632.0,rainy,Lane 2
TRF-111509,2026-04-25 13:00:00,102,car,45.5,64.0,rainy,Lane 3
TRF-111510,2026-04-25 14:00:00,108,truck,35.7,361.0,clear,Lane 1
TRF-111511,2026-04-25 15:00:00,104,truck,29.4,1049.0,clear,Lane 3
TRF-111512,2026-04-25 16:00:00,104,car,17.9,46.0,rainy,Express Lane
TRF-111513,2026-04-25 17:00:00,105,truck,40.0,883.0,rainy,Express Lane
TRF-111514,2026-04-25 18:00:00,107,truck,43.4,38.0,snowy,Lane 1
TRF-111515,2026-04-25 19:00:00,106,bike,47.6,209.0,rainy,Express Lane
TRF-111516,2026-04-25 20:00:00,107,bike,57.7,32.0,cloudy,Lane 1
TRF-111517,2026-04-25 21:00:00,104,motorcycle,39.6,723.0,foggy,Lane 2
TRF-111518,2026-04-25 22:00:00,103,bus,80.3,196.0,clear,Lane 1
TRF-111519,2026-04-25 23:00:00,105,bike,27.5,56.0,clear,Lane 2
TRF-111520,2026-04-26 00:00:00,101,bus,60.3,147.0,snowy,Lane 1
TRF-111521,2026-04-26 01:00:00,102,bus,26.0,768.0,foggy,Lane 1
TRF-111522,2026-04-26 02:00:00,102,car,32.7,381.0,clear,Lane 2
TRF-111523,2026-04-26 03:00:00,108,car,53.1,224.0,clear,Lane 3
TRF-111524,2026-04-26 04:00:00,102,bus,66.8,682.0,foggy,Lane 2
TRF-111525,2026-04-26 05:00:00,103,bus,43.0,346.0,foggy,Lane 1
TRF-111526,2026-04-26 06:00:00,101,truck,49.5,784.0,rainy,Express Lane
TRF-111527,2026-04-26 07:00:00,105,truck,70.7,1069.0,foggy,Lane 3
TRF-111528,2026-04-26 08:00:00,105,bike,26.0,43.0,foggy,Express Lane
TRF-111529,2026-04-26 09:00:00,102,van,61.9,396.0,clear,Lane 1
TRF-111530,2026-04-26 10:00:00,101,motorcycle,35.6,257.0,clear,Lane 3
TRF-111531,2026-04-26 11:00:00,101,van,52.4,1032.0,rainy,Lane 3
TRF-111532,2026-04-26 12:00:00,101,bike,57.7,765.0,rainy,Lane 1
TRF-111533,2026-04-26 13:00:00,104,bus,26.8,587.0,rainy,Express Lane
TRF-111534,2026-04-26 14:00:00,104,bus,34.6,896.0,clear,Express Lane
TRF-111535,2026-04-26 15:00:00,102,bus,60.0,689.0,rainy,Lane 1
TRF-111536,2026-04-26 16:00:00,101,truck,43.3,685.0,foggy,Lane 3
TRF-111537,2026-04-26 17:00:00,106,truck,35.2,201.0,clear,Lane 3
TRF-111538,2026-04-26 18:00:00,101,car,51.5,347.0,clear,Lane 1
TRF-111539,2026-04-26 19:00:00,105,bike,28.6,645.0,clear,Express Lane
TRF-111540,2026-04-26 20:00:00,105,bus,26.7,518.0,clear,Express Lane
TRF-111541,2026-04-26 21:00:00,102,truck,5.0,680.0,rainy,Express Lane
TRF-111542,2026-04-26 22:00:00,106,bus,54.5,713.0,cloudy,Lane 1
TRF-111543,2026-04-26 23:00:00,101,van,48.6,153.0,rainy,Lane 2
TRF-111544,2026-04-27 00:00:00,107,car,57.7,735.0,clear,Lane 1
TRF-111545,2026-04-27 01:00:00,106,truck,70.0,560.0,clear,Lane 2
TRF-111546,2026-04-27 02:00:00,108,truck,43.7,706.0,clear,Express Lane
TRF-111547,2026-04-27 03:00:00,102,bus,46.7,675.0,rainy,Lane 1
TRF-111548,2026-04-27 04:00:00,105,car,54.2,207.0,rainy,Lane 2
TRF-111549,2026-04-27 05:00:00,107,bus,37.7,565.0,foggy,Express Lane
TRF-111550,2026-04-27 06:00:00,105,car,21.8,887.0,foggy,Express Lane
TRF-111551,2026-04-27 07:00:00,104,car,27.3,357.0,snowy,Express Lane
TRF-111552,2026-04-27 08:00:00,102,bus,47.3,630.0,snowy,Lane 1
TRF-111553,2026-04-27 09:00:00,102,car,66.0,699.0,cloudy,Express Lane
TRF-111554,2026-04-27 10:00:00,101,car,76.2,801.0,clear,Express Lane
TRF-111555,2026-04-27 11:00:00,101,motorcycle,42.9,852.0,clear,Lane 3
TRF-111556,2026-04-27 12:00:00,104,truck,51.0,318.0,rainy,Lane 2
TRF-111557,2026-04-27 13:00:00,107,truck,81.7,266.0,cloudy,Express Lane
TRF-111558,2026-04-27 14:00:00,108,car,57.3,467.0,clear,Lane 1
TRF-111559,2026-04-27 15:00:00,103,motorcycle,50.5,474.0,rainy,Lane 2
TRF-111560,2026-04-27 16:00:00,106,motorcycle,51.8,745.0,clear,Express Lane
TRF-111561,2026-04-27 17:00:00,103,car,58.5,143.0,clear,Express Lane
TRF-111562,2026-04-27 18:00:00,103,van,26.0,218.0,clear,Lane 2
TRF-111563,2026-04-27 19:00:00,102,bus,61.7,905.0,clear,Lane 2
TRF-111564,2026-04-27 20:00:00,106,car,55.9,560.0,snowy,Lane 2
TRF-111565,2026-04-27 21:00:00,102,bike,67.6,970.0,clear,Lane 1
TRF-111566,2026-04-27 22:00:00,108,bus,56.9,914.0,clear,Lane 2
TRF-111567,2026-04-27 23:00:00,106,truck,66.4,815.0,clear,Lane 1
TRF-111568,2026-04-28 00:00:00,105,truck,31.4,739.0,foggy,Express Lane
TRF-111569,2026-04-28 01:00:00,102,van,37.3,943.0,clear,Lane 2
TRF-111570,2026-04-28 02:00:00,102,car,50.7,1040.0,clear,Lane 3
TRF-111571,2026-04-28 03:00:00,102,bike,34.5,989.0,clear,Lane 1
TRF-111572,2026-04-28 04:00:00,107,bike,63.4,613.0,rainy,Express Lane
TRF-111573,2026-04-28 05:00:00,104,bus,22.5,784.0,snowy,Lane 1
TRF-111574,2026-04-28 06:00:00,102,car,45.1,509.0,rainy,Lane 1
TRF-111575,2026-04-28 07:00:00,108,motorcycle,37.8,46.0,clear,Lane 1
TRF-111576,2026-04-28 08:00:00,101,bike,34.6,76.0,clear,Lane 2
TRF-111577,2026-04-28 09:00:00,101,truck,23.3,59.0,cloudy,Lane 3
TRF-111578,2026-04-28 10:00:00,106,car,48.8,421.0,clear,Lane 3
TRF-111579,2026-04-28 11:00:00,105,bus,46.5,1093.0,foggy,Express Lane
TRF-111580,2026-04-28 12:00:00,104,truck,82.3,945.0,foggy,Express Lane
TRF-111581,2026-04-28 13:00:00,107,truck,92.8,313.0,clear,Lane 3
TRF-111582,2026-04-28 14:00:00,106,truck,28.8,88.0,rainy,Lane 3
TRF-111583,2026-04-28 15:00:00,101,truck,13.7,987.0,foggy,Lane 1
TRF-111584,2026-04-28 16:00:00,104,motorcycle,26.4,1037.0,cloudy,Express Lane
TRF-111585,2026-04-28 17:00:00,104,truck,46.9,560.0,snowy,Lane 3
TRF-111586,2026-04-28 18:00:00,105,bus,68.3,780.0,foggy,Lane 3
TRF-111587,2026-04-28 19:00:00,108,bus,39.3,348.0,clear,Lane 3
TRF-111588,2026-04-28 20:00:00,104,bus,58.4,750.0,rainy,Express Lane
TRF-111589,2026-04-28 21:00:00,102,car,33.6,1098.0,foggy,Lane 1
TRF-111590,2026-04-28 22:00:00,104,car,39.2,391.0,clear,Lane 1
TRF-111591,2026-04-28 23:00:00,105,bus,51.0,791.0,cloudy,Lane 2
TRF-111592,2026-04-29 00:00:00,106,car,47.8,36.0,foggy,Express Lane
TRF-111593,2026-04-29 01:00:00,105,car,47.4,117.0,rainy,Lane 2
TRF-111594,2026-04-29 02:00:00,107,bike,28.5,972.0,clear,Lane 3
TRF-111595,2026-04-29 03:00:00,105,car,70.1,484.0,clear,Lane 1
TRF-111596,2026-04-29 04:00:00,101,car,69.9,571.0,rainy,Express Lane
TRF-111597,2026-04-29 05:00:00,102,bike,70.2,1010.0,foggy,Lane 1
TRF-111598,2026-04-29 06:00:00,108,car,35.8,398.0,clear,Lane 2
TRF-111599,2026-04-29 07:00:00,101,truck,50.1,1060.0,rainy,Lane 3
TRF-111600,2026-04-29 08:00:00,106,van,38.6,708.0,foggy,Lane 1
TRF-111601,2026-04-29 09:00:00,103,car,30.5,415.0,foggy,Lane 2
TRF-111602,2026-04-29 10:00:00,106,bike,53.1,712.0,cloudy,Lane 2
TRF-111603,2026-04-29 11:00:00,102,car,9.8,425.0,foggy,Express Lane
TRF-111604,2026-04-29 12:00:00,104,bus,63.2,569.0,clear,Lane 3
TRF-111605,2026-04-29 13:00:00,105,bus,27.1,649.0,rainy,Lane 3
TRF-111606,2026-04-29 14:00:00,103,van,42.4,617.0,clear,Lane 1
TRF-111607,2026-04-29 15:00:00,102,bus,7.2,739.0,snowy,Lane 1
TRF-111608,2026-04-29 16:00:00,101,van,80.5,605.0,rainy,Lane 2
TRF-111609,2026-04-29 17:00:00,105,bike,59.8,888.0,clear,Lane 1
TRF-111610,2026-04-29 18:00:00,106,truck,49.5,914.0,clear,Lane 3
TRF-111611,2026-04-29 19:00:00,101,bus,35.6,934.0,foggy,Express Lane
TRF-111612,2026-04-29 20:00:00,102,bus,28.8,532.0,snowy,Lane 1
TRF-111613,2026-04-29 21:00:00,102,bus,44.4,966.0,rainy,Lane 1
TRF-111614,2026-04-29 22:00:00,106,truck,53.4,79.0,clear,Lane 1
TRF-111615,2026-04-29 23:00:00,103,car,43.9,254.0,rainy,Express Lane
TRF-111616,2026-04-30 00:00:00,106,car,57.6,111.0,foggy,Lane 3
TRF-111617,2026-04-30 01:00:00,104,truck,81.4,211.0,foggy,Lane 1
TRF-111618,2026-04-30 02:00:00,101,van,28.7,551.0,cloudy,Lane 1
TRF-111619,2026-04-30 03:00:00,103,car,52.3,932.0,rainy,Express Lane
TRF-111620,2026-04-30 04:00:00,105,truck,79.3,957.0,rainy,Lane 3
TRF-111621,2026-04-30 05:00:00,107,car,42.4,264.0,rainy,Lane 3
TRF-111622,2026-04-30 06:00:00,104,bike,45.5,851.0,foggy,Express Lane
TRF-111623,2026-04-30 07:00:00,103,truck,56.3,776.0,rainy,Express Lane
TRF-111624,2026-04-30 08:00:00,107,truck,60.2,575.0,snowy,Lane 1
TRF-111625,2026-04-30 09:00:00,107,van,66.9,72.0,clear,Lane 1
TRF-111626,2026-04-30 10:00:00,101,motorcycle,50.0,411.0,rainy,Lane 3
TRF-111627,2026-04-30 11:00:00,102,truck,33.7,432.0,foggy,Lane 2
TRF-111628,2026-04-30 12:00:00,105,bus,58.1,83.0,rainy,Lane 2
TRF-111629,2026-04-30 13:00:00,106,truck,30.6,683.0,clear,Express Lane
TRF-111630,2026-04-30 14:00:00,101,car,47.9,590.0,clear,Lane 3
TRF-111631,2026-04-30 15:00:00,104,truck,49.4,808.0,foggy,Lane 2
TRF-111632,2026-04-30 16:00:00,108,truck,48.9,188.0,clear,Lane 2
TRF-111633,2026-04-30 17:00:00,107,van,46.5,991.0,rainy,Express Lane
TRF-111634,2026-04-30 18:00:00,104,bike,66.0,167.0,rainy,Lane 3
TRF-111635,2026-04-30 19:00:00,107,truck,59.1,562.0,foggy,Lane 2
TRF-111636,2026-04-30 20:00:00,102,truck,60.5,926.0,rainy,Lane 3
TRF-111637,2026-04-30 21:00:00,108,bus,39.7,283.0,rainy,Express Lane
TRF-111638,2026-04-30 22:00:00,102,bike,18.4,764.0,clear,Lane 2
TRF-111639,2026-04-30 23:00:00,105,car,40.9,744.0,foggy,Lane 1
TRF-111640,2026-05-01 00:00:00,106,bike,55.8,561.0,clear,Lane 1
TRF-111641,2026-05-01 01:00:00,105,van,48.6,306.0,clear,Lane 3
TRF-111642,2026-05-01 02:00:00,102,car,40.2,450.0,foggy,Lane 3
TRF-111643,2026-05-01 03:00:00,102,motorcycle,52.0,1026.0,foggy,Lane 2
TRF-111644,2026-05-01 04:00:00,104,bus,43.2,86.0,cloudy,Lane 3
TRF-111645,2026-05-01 05:00:00,102,van,48.9,598.0,foggy,Lane 2
TRF-111646,2026-05-01 06:00:00,108,bike,12.2,98.0,foggy,Lane 3
TRF-111647,2026-05-01 07:00:00,108,truck,61.8,749.0,foggy,Lane 3
TRF-111648,2026-05-01 08:00:00,103,truck,59.0,217.0,cloudy,Express Lane
TRF-111649,2026-05-01 09:00:00,107,van,86.0,963.0,rainy,Lane 3
TRF-111650,2026-05-01 10:00:00,101,bus,35.2,272.0,clear,Lane 1
TRF-111651,2026-05-01 11:00:00,102,bike,38.9,209.0,foggy,Lane 1
TRF-111652,2026-05-01 12:00:00,105,car,51.1,37.0,clear,Express Lane
TRF-111653,2026-05-01 13:00:00,106,bus,47.4,131.0,clear,Express Lane
TRF-111654,2026-05-01 14:00:00,107,van,76.4,189.0,clear,Express Lane
TRF-111655,2026-05-01 15:00:00,107,car,40.7,499.0,clear,Express Lane
TRF-111656,2026-05-01 16:00:00,106,car,45.2,34.0,rainy,Lane 2
TRF-111657,2026-05-01 17:00:00,106,car,37.9,869.0,clear,Lane 3
TRF-111658,2026-05-01 18:00:00,107,car,75.4,410.0,snowy,Lane 3
TRF-111659,2026-05-01 19:00:00,103,truck,56.8,975.0,clear,Lane 1
TRF-111660,2026-05-01 20:00:00,105,bus,76.3,635.0,rainy,Lane 1
TRF-111661,2026-05-01 21:00:00,103,bike,100.5,937.0,foggy,Lane 1
TRF-111662,2026-05-01 22:00:00,102,car,34.3,1002.0,clear,Lane 2
TRF-111663,2026-05-01 23:00:00,101,truck,67.4,984.0,snowy,Lane 3
TRF-111664,2026-05-02 00:00:00,106,motorcycle,43.4,679.0,foggy,Express Lane
TRF-111665,2026-05-02 01:00:00,108,car,35.6,333.0,clear,Lane 2
TRF-111666,2026-05-02 02:00:00,105,truck,21.6,802.0,snowy,Lane 1
TRF-111667,2026-05-02 03:00:00,106,van,86.3,1017.0,clear,Express Lane
TRF-111668,2026-05-02 04:00:00,103,van,66.0,301.0,clear,Lane 1
TRF-111669,2026-05-02 05:00:00,104,truck,43.9,152.0,snowy,Lane 2
TRF-111670,2026-05-02 06:00:00,102,car,59.2,540.0,rainy,Lane 1
TRF-111671,2026-05-02 07:00:00,101,bus,15.4,308.0,clear,Lane 3
TRF-111672,2026-05-02 08:00:00,102,bus,46.3,890.0,cloudy,Express Lane
TRF-111673,2026-05-02 09:00:00,104,truck,34.3,927.0,clear,Lane 3
TRF-111674,2026-05-02 10:00:00,101,bus,47.9,820.0,clear,Lane 3
TRF-111675,2026-05-02 11:00:00,104,car,75.2,749.0,rainy,Express Lane
TRF-111676,2026-05-02 12:00:00,102,truck,64.0,936.0,clear,Lane 1
TRF-111677,2026-05-02 13:00:00,103,motorcycle,65.1,152.0,rainy,Lane 1
TRF-111678,2026-05-02 14:00:00,107,car,36.3,560.0,foggy,Lane 2
TRF-111679,2026-05-02 15:00:00,102,truck,60.9,330.0,clear,Lane 1
TRF-111680,2026-05-02 16:00:00,102,car,23.2,632.0,foggy,Lane 1
TRF-111681,2026-05-02 17:00:00,102,bus,20.7,622.0,clear,Lane 3
TRF-111682,2026-05-02 18:00:00,105,car,46.1,245.0,clear,Lane 1
TRF-111683,2026-05-02 19:00:00,104,bus,57.5,30.0,cloudy,Lane 1
TRF-111684,2026-05-02 20:00:00,108,bike,58.8,1022.0,rainy,Lane 3
TRF-111685,2026-05-02 21:00:00,104,truck,25.4,163.0,clear,Express Lane
TRF-111686,2026-05-02 22:00:00,106,car,20.1,653.0,clear,Lane 2
TRF-111687,2026-05-02 23:00:00,104,car,39.9,791.0,clear,Express Lane
TRF-111688,2026-05-03 00:00:00,106,bus,32.2,296.0,snowy,Express Lane
TRF-111689,2026-05-03 01:00:00,105,bike,59.0,495.0,clear,Express Lane
TRF-111690,2026-05-03 02:00:00,103,car,29.8,125.0,snowy,Express Lane
TRF-111691,2026-05-03 03:00:00,106,car,83.0,782.0,clear,Express Lane
TRF-111692,2026-05-03 04:00:00,102,bike,54.5,305.0,foggy,Lane 3
TRF-111693,2026-05-03 05:00:00,103,car,45.4,818.0,rainy,Lane 1
TRF-111694,2026-05-03 06:00:00,107,motorcycle,47.9,833.0,clear,Lane 1
TRF-111695,2026-05-03 07:00:00,105,truck,24.2,341.0,foggy,Lane 2
TRF-111696,2026-05-03 08:00:00,104,bus,42.2,296.0,snowy,Express Lane
TRF-111697,2026-05-03 09:00:00,106,bike,37.6,303.0,rainy,Lane 2
TRF-111698,2026-05-03 10:00:00,108,bike,16.8,586.0,clear,Lane 3
TRF-111699,2026-05-03 11:00:00,102,truck,72.7,695.0,rainy,Lane 3
TRF-111700,2026-05-03 12:00:00,101,bike,28.1,923.0,snowy,Express Lane
TRF-111701,2026-05-03 13:00:00,107,car,54.3,584.0,clear,Lane 2
TRF-111702,2026-05-03 14:00:00,101,motorcycle,56.0,285.0,foggy,Express Lane
TRF-111703,2026-05-03 15:00:00,103,truck,18.9,987.0,clear,Express Lane
TRF-111704,2026-05-03 16:00:00,104,motorcycle,41.1,783.0,clear,Lane 3
TRF-111705,2026-05-03 17:00:00,108,bike,22.6,1070.0,foggy,Lane 3
TRF-111706,2026-05-03 18:00:00,101,bus,55.3,587.0,rainy,Lane 1
TRF-111707,2026-05-03 19:00:00,103,motorcycle,49.1,710.0,clear,Lane 2
TRF-111708,2026-05-03 20:00:00,105,car,46.6,419.0,rainy,Lane 3
TRF-111709,2026-05-03 21:00:00,103,truck,33.2,755.0,snowy,Lane 2
TRF-111710,2026-05-03 22:00:00,107,truck,69.3,766.0,clear,Lane 2
TRF-111711,2026-05-03 23:00:00,108,bike,41.2,929.0,clear,Express Lane
TRF-111712,2026-05-04 00:00:00,108,van,21.4,77.0,clear,Lane 1
TRF-111713,2026-05-04 01:00:00,103,bike,31.0,640.0,clear,Lane 2
TRF-111714,2026-05-04 02:00:00,107,truck,11.9,824.0,snowy,Lane 2
TRF-111715,2026-05-04 03:00:00,103,motorcycle,36.2,599.0,cloudy,Lane 2
TRF-111716,2026-05-04 04:00:00,108,car,31.6,282.0,rainy,Lane 2
TRF-111717,2026-05-04 05:00:00,108,truck,60.5,542.0,clear,Express Lane
TRF-111718,2026-05-04 06:00:00,102,truck,58.3,776.0,rainy,Lane 2
TRF-111719,2026-05-04 07:00:00,103,bike,51.8,825.0,foggy,Lane 1
TRF-111720,2026-05-04 08:00:00,106,car,65.0,826.0,foggy,Lane 2
TRF-111721,2026-05-04 09:00:00,103,bike,26.8,893.0,snowy,Lane 1
TRF-111722,2026-05-04 10:00:00,108,car,53.7,185.0,clear,Lane 1
TRF-111723,2026-05-04 11:00:00,102,bike,22.1,353.0,clear,Lane 2
TRF-111724,2026-05-04 12:00:00,102,truck,39.4,1094.0,cloudy,Express Lane
TRF-111725,2026-05-04 13:00:00,105,bike,54.1,391.0,clear,Lane 1
TRF-111726,2026-05-04 14:00:00,107,motorcycle,38.4,401.0,snowy,Lane 3
TRF-111727,2026-05-04 15:00:00,104,truck,77.4,980.0,foggy,Lane 1
TRF-111728,2026-05-04 16:00:00,101,truck,41.7,664.0,cloudy,Lane 2
TRF-111729,2026-05-04 17:00:00,101,van,62.4,738.0,clear,Express Lane
TRF-111730,2026-05-04 18:00:00,103,truck,43.2,781.0,clear,Lane 3
TRF-111731,2026-05-04 19:00:00,105,van,50.4,351.0,clear,Lane 1
TRF-111732,2026-05-04 20:00:00,103,truck,41.4,584.0,clear,Lane 2
TRF-111733,2026-05-04 21:00:00,101,van,51.2,1087.0,cloudy,Lane 3
TRF-111734,2026-05-04 22:00:00,107,bus,79.1,143.0,foggy,Lane 2
TRF-111735,2026-05-04 23:00:00,108,motorcycle,75.8,31.0,cloudy,Lane 2
TRF-111736,2026-05-05 00:00:00,107,car,39.2,779.0,rainy,Lane 2
TRF-111737,2026-05-05 01:00:00,107,truck,43.9,788.0,clear,Express Lane
TRF-111738,2026-05-05 02:00:00,102,truck,48.9,1089.0,clear,Lane 3
TRF-111739,2026-05-05 03:00:00,108,van,59.6,1061.0,rainy,Lane 3
TRF-111740,2026-05-05 04:00:00,104,car,81.4,830.0,clear,Lane 3
TRF-111741,2026-05-05 05:00:00,108,truck,71.1,602.0,clear,Express Lane
TRF-111742,2026-05-05 06:00:00,105,car,43.2,112.0,rainy,Lane 2
TRF-111743,2026-05-05 07:00:00,102,truck,55.3,1063.0,clear,Lane 3
TRF-111744,2026-05-05 08:00:00,104,bike,52.1,463.0,foggy,Lane 1
TRF-111745,2026-05-05 09:00:00,105,truck,37.1,647.0,rainy,Lane 1
TRF-111746,2026-05-05 10:00:00,105,car,66.2,819.0,clear,Lane 2
TRF-111747,2026-05-05 11:00:00,101,bike,5.0,899.0,clear,Lane 3
TRF-111748,2026-05-05 12:00:00,102,car,66.1,350.0,rainy,Lane 2
TRF-111749,2026-05-05 13:00:00,105,bike,55.4,827.0,clear,Express Lane
TRF-111750,2026-05-05 14:00:00,106,bus,15.5,908.0,snowy,Express Lane
TRF-111751,2026-05-05 15:00:00,107,car,29.2,92.0,snowy,Lane 2
TRF-111752,2026-05-05 16:00:00,105,truck,10.8,681.0,cloudy,Express Lane
TRF-111753,2026-05-05 17:00:00,104,bus,78.5,687.0,clear,Lane 3
TRF-111754,2026-05-05 18:00:00,101,bike,30.2,735.0,foggy,Express Lane
TRF-111755,2026-05-05 19:00:00,103,truck,64.4,398.0,clear,Lane 2
TRF-111756,2026-05-05 20:00:00,107,bus,65.0,501.0,clear,Lane 3
TRF-111757,2026-05-05 21:00:00,101,car,45.8,785.0,rainy,Lane 2
TRF-111758,2026-05-05 22:00:00,103,van,36.0,908.0,clear,Lane 3
TRF-111759,2026-05-05 23:00:00,102,bike,57.2,958.0,snowy,Lane 2
TRF-111760,2026-05-06 00:00:00,102,bus,51.9,1013.0,clear,Lane 1
TRF-111761,2026-05-06 01:00:00,105,car,64.9,677.0,clear,Lane 1
TRF-111762,2026-05-06 02:00:00,106,motorcycle,26.9,632.0,rainy,Express Lane
TRF-111763,2026-05-06 03:00:00,102,van,66.4,576.0,clear,Lane 2
TRF-111764,2026-05-06 04:00:00,108,truck,72.3,236.0,foggy,Lane 2
TRF-111765,2026-05-06 05:00:00,105,motorcycle,43.4,818.0,snowy,Lane 1
TRF-111766,2026-05-06 06:00:00,107,truck,30.8,153.0,rainy,Lane 1
TRF-111767,2026-05-06 07:00:00,101,bus,39.3,302.0,cloudy,Lane 1
TRF-111768,2026-05-06 08:00:00,102,car,36.5,503.0,clear,Lane 2
TRF-111769,2026-05-06 09:00:00,108,truck,44.7,383.0,foggy,Express Lane
TRF-111770,2026-05-06 10:00:00,101,motorcycle,34.7,126.0,rainy,Lane 1
TRF-111771,2026-05-06 11:00:00,101,bus,56.2,111.0,clear,Lane 2
TRF-111772,2026-05-06 12:00:00,106,truck,59.5,560.0,clear,Lane 3
TRF-111773,2026-05-06 13:00:00,102,car,41.5,1009.0,clear,Lane 2
TRF-111774,2026-05-06 14:00:00,101,bike,12.8,394.0,rainy,Lane 2
TRF-111775,2026-05-06 15:00:00,106,truck,56.0,991.0,snowy,Express Lane
TRF-111776,2026-05-06 16:00:00,106,bus,21.4,787.0,rainy,Lane 2
TRF-111777,2026-05-06 17:00:00,102,bike,52.5,918.0,rainy,Lane 1
TRF-111778,2026-05-06 18:00:00,106,car,49.3,711.0,clear,Lane 2
TRF-111779,2026-05-06 19:00:00,102,truck,42.1,881.0,cloudy,Express Lane
TRF-111780,2026-05-06 20:00:00,108,car,59.6,779.0,clear,Lane 3
TRF-111781,2026-05-06 21:00:00,102,car,54.5,199.0,rainy,Lane 2
TRF-111782,2026-05-06 22:00:00,103,truck,55.0,935.0,foggy,Lane 3
TRF-111783,2026-05-06 23:00:00,101,bike,62.8,892.0,cloudy,Lane 2
TRF-111784,2026-05-07 00:00:00,108,car,40.6,328.0,cloudy,Lane 3
TRF-111785,2026-05-07 01:00:00,104,car,40.3,737.0,clear,Lane 3
TRF-111786,2026-05-07 02:00:00,102,car,67.4,886.0,clear,Lane 1
TRF-111787,2026-05-07 03:00:00,101,car,59.6,697.0,clear,Lane 3
TRF-111788,2026-05-07 04:00:00,107,truck,39.5,949.0,clear,Express Lane
TRF-111789,2026-05-07 05:00:00,106,bike,11.9,838.0,rainy,Lane 2
TRF-111790,2026-05-07 06:00:00,105,bus,55.1,921.0,cloudy,Lane 3
TRF-111791,2026-05-07 07:00:00,102,car,56.7,293.0,cloudy,Lane 3
TRF-111792,2026-05-07 08:00:00,106,bus,26.2,509.0,snowy,Lane 3
TRF-111793,2026-05-07 09:00:00,106,truck,47.9,989.0,snowy,Express Lane
TRF-111794,2026-05-07 10:00:00,106,truck,40.7,550.0,rainy,Lane 1
TRF-111795,2026-05-07 11:00:00,106,car,56.1,835.0,clear,Lane 2
TRF-111796,2026-05-07 12:00:00,106,car,92.7,1096.0,clear,Lane 3
TRF-111797,2026-05-07 13:00:00,102,van,68.1,553.0,cloudy,Lane 2
TRF-111798,2026-05-07 14:00:00,107,van,20.8,1028.0,foggy,Lane 2
TRF-111799,2026-05-07 15:00:00,104,truck,40.1,431.0,cloudy,Lane 3
TRF-111800,2026-05-07 16:00:00,103,truck,46.3,681.0,foggy,Lane 1
TRF-111801,2026-05-07 17:00:00,106,bus,57.0,312.0,snowy,Lane 1
TRF-111802,2026-05-07 18:00:00,106,car,33.4,562.0,clear,Lane 2
TRF-111803,2026-05-07 19:00:00,103,bus,58.5,925.0,foggy,Lane 1
TRF-111804,2026-05-07 20:00:00,107,bus,38.8,298.0,foggy,Lane 1
TRF-111805,2026-05-07 21:00:00,108,truck,58.5,791.0,clear,Lane 3
TRF-111806,2026-05-07 22:00:00,107,car,49.4,739.0,clear,Lane 1
TRF-111807,2026-05-07 23:00:00,108,bus,84.8,1009.0,clear,Lane 3
TRF-111808,2026-05-08 00:00:00,102,bus,65.6,454.0,rainy,Lane 1
TRF-111809,2026-05-08 01:00:00,101,truck,71.6,1057.0,foggy,Express Lane
TRF-111810,2026-05-08 02:00:00,105,motorcycle,29.0,113.0,foggy,Express Lane
TRF-111811,2026-05-08 03:00:00,105,bike,38.4,243.0,rainy,Lane 3
TRF-111812,2026-05-08 04:00:00,101,car,53.9,821.0,clear,Express Lane
TRF-111813,2026-05-08 05:00:00,102,bike,25.8,686.0,clear,Lane 2
TRF-111814,2026-05-08 06:00:00,105,car,66.8,930.0,clear,Lane 2
TRF-111815,2026-05-08 07:00:00,107,bus,50.3,86.0,foggy,Lane 3
TRF-111816,2026-05-08 08:00:00,103,bike,67.8,998.0,rainy,Lane 1
TRF-111817,2026-05-08 09:00:00,101,car,56.7,430.0,clear,Lane 3
TRF-111818,2026-05-08 10:00:00,107,bike,48.8,981.0,rainy,Lane 1
TRF-111819,2026-05-08 11:00:00,104,bus,45.8,994.0,snowy,Lane 1
TRF-111820,2026-05-08 12:00:00,102,bike,34.2,551.0,rainy,Lane 2
TRF-111821,2026-05-08 13:00:00,101,car,33.1,299.0,cloudy,Lane 2
TRF-111822,2026-05-08 14:00:00,105,car,64.0,546.0,clear,Lane 1
TRF-111823,2026-05-08 15:00:00,102,bus,60.0,876.0,clear,Lane 3
TRF-111824,2026-05-08 16:00:00,103,bus,70.2,441.0,clear,Express Lane
TRF-111825,2026-05-08 17:00:00,102,motorcycle,38.2,169.0,foggy,Lane 3
TRF-111826,2026-05-08 18:00:00,102,bus,47.9,1031.0,foggy,Lane 1
TRF-111827,2026-05-08 19:00:00,103,bus,44.8,293.0,rainy,Express Lane
TRF-111828,2026-05-08 20:00:00,106,bike,58.4,478.0,cloudy,Lane 3
TRF-111829,2026-05-08 21:00:00,103,car,71.2,635.0,clear,Lane 2
TRF-111830,2026-05-08 22:00:00,107,bike,85.3,456.0,clear,Lane 1
TRF-111831,2026-05-08 23:00:00,102,truck,67.3,551.0,snowy,Express Lane
TRF-111832,2026-05-09 00:00:00,108,bike,51.7,255.0,rainy,Lane 3
TRF-111833,2026-05-09 01:00:00,103,van,58.1,145.0,cloudy,Lane 1
TRF-111834,2026-05-09 02:00:00,106,car,70.5,1000.0,cloudy,Lane 1
TRF-111835,2026-05-09 03:00:00,107,car,60.8,562.0,clear,Lane 2
TRF-111836,2026-05-09 04:00:00,108,motorcycle,40.8,360.0,foggy,Lane 3
TRF-111837,2026-05-09 05:00:00,108,car,59.1,130.0,foggy,Lane 1
TRF-111838,2026-05-09 06:00:00,101,car,71.5,585.0,clear,Lane 1
TRF-111839,2026-05-09 07:00:00,103,truck,80.6,252.0,cloudy,Lane 3
TRF-111840,2026-05-09 08:00:00,103,car,49.1,780.0,foggy,Express Lane
TRF-111841,2026-05-09 09:00:00,102,car,27.9,457.0,cloudy,Lane 3
TRF-111842,2026-05-09 10:00:00,107,car,16.0,911.0,rainy,Lane 3
TRF-111843,2026-05-09 11:00:00,101,car,62.3,547.0,rainy,Lane 3
TRF-111844,2026-05-09 12:00:00,104,truck,20.4,323.0,foggy,Lane 1
TRF-111845,2026-05-09 13:00:00,104,motorcycle,53.8,250.0,foggy,Lane 3
TRF-111846,2026-05-09 14:00:00,105,bus,67.4,456.0,clear,Lane 1
TRF-111847,2026-05-09 15:00:00,103,bike,45.1,342.0,clear,Lane 1
TRF-111848,2026-05-09 16:00:00,103,car,21.1,611.0,clear,Lane 3
TRF-111849,2026-05-09 17:00:00,101,bike,25.3,281.0,foggy,Lane 2
TRF-111850,2026-05-09 18:00:00,106,car,31.4,724.0,clear,Lane 2
TRF-111851,2026-05-09 19:00:00,104,truck,45.8,309.0,cloudy,Lane 2
TRF-111852,2026-05-09 20:00:00,105,motorcycle,69.7,323.0,foggy,Lane 1
TRF-111853,2026-05-09 21:00:00,101,bike,48.2,208.0,foggy,Lane 1
TRF-111854,2026-05-09 22:00:00,103,van,86.8,218.0,cloudy,Express Lane
TRF-111855,2026-05-09 23:00:00,104,car,66.7,197.0,clear,Lane 2
TRF-111856,2026-05-10 00:00:00,107,truck,53.3,83.0,rainy,Lane 3
TRF-111857,2026-05-10 01:00:00,105,bike,46.7,345.0,foggy,Express Lane
TRF-111858,2026-05-10 02:00:00,102,truck,39.0,300.0,foggy,Express Lane
TRF-111859,2026-05-10 03:00:00,104,truck,50.7,755.0,clear,Lane 1
TRF-111860,2026-05-10 04:00:00,105,bike,57.8,212.0,rainy,Lane 3
TRF-111861,2026-05-10 05:00:00,101,car,53.8,53.0,clear,Lane 1
TRF-111862,2026-05-10 06:00:00,102,car,39.0,880.0,clear,Lane 2
TRF-111863,2026-05-10 07:00:00,105,bus,29.4,285.0,clear,Lane 2
TRF-111864,2026-05-10 08:00:00,105,van,81.5,1093.0,clear,Lane 3
TRF-111865,2026-05-10 09:00:00,108,truck,59.4,824.0,clear,Express Lane
TRF-111866,2026-05-10 10:00:00,108,bike,54.4,465.0,foggy,Lane 3
TRF-111867,2026-05-10 11:00:00,108,truck,57.1,1043.0,clear,Lane 1
TRF-111868,2026-05-10 12:00:00,103,bus,67.8,934.0,clear,Lane 1
TRF-111869,2026-05-10 13:00:00,106,bike,39.6,152.0,clear,Express Lane
TRF-111870,2026-05-10 14:00:00,104,bus,45.7,836.0,cloudy,Lane 1
TRF-111871,2026-05-10 15:00:00,103,car,34.5,315.0,rainy,Lane 1
TRF-111872,2026-05-10 16:00:00,107,truck,47.9,273.0,clear,Lane 3
TRF-111873,2026-05-10 17:00:00,102,truck,35.8,791.0,foggy,Lane 2
TRF-111874,2026-05-10 18:00:00,106,truck,29.9,172.0,clear,Lane 3
TRF-111875,2026-05-10 19:00:00,105,truck,18.8,349.0,rainy,Lane 3
TRF-111876,2026-05-10 20:00:00,103,car,77.8,462.0,clear,Express Lane
TRF-111877,2026-05-10 21:00:00,108,bike,42.0,151.0,foggy,Express Lane
TRF-111878,2026-05-10 22:00:00,106,truck,56.8,823.0,clear,Express Lane
TRF-111879,2026-05-10 23:00:00,107,truck,49.7,458.0,foggy,Lane 2
TRF-111880,2026-05-11 00:00:00,104,motorcycle,57.0,761.0,rainy,Lane 3
TRF-111881,2026-05-11 01:00:00,107,car,11.9,803.0,clear,Lane 3
TRF-111882,2026-05-11 02:00:00,102,motorcycle,39.5,779.0,rainy,Lane 1
TRF-111883,2026-05-11 03:00:00,101,bus,68.9,232.0,clear,Lane 3
TRF-111884,2026-05-11 04:00:00,103,bus,83.0,850.0,foggy,Express Lane
TRF-111885,2026-05-11 05:00:00,108,car,41.4,267.0,cloudy,Express Lane
TRF-111886,2026-05-11 06:00:00,102,bus,43.5,491.0,clear,Lane 3
TRF-111887,2026-05-11 07:00:00,101,truck,67.2,139.0,snowy,Lane 3
TRF-111888,2026-05-11 08:00:00,108,bus,55.9,441.0,snowy,Lane 3
TRF-111889,2026-05-11 09:00:00,108,motorcycle,48.5,100.0,clear,Lane 3
TRF-111890,2026-05-11 10:00:00,108,car,46.8,747.0,rainy,Lane 1
TRF-111891,2026-05-11 11:00:00,103,truck,37.7,452.0,snowy,Express Lane
TRF-111892,2026-05-11 12:00:00,102,car,37.1,270.0,rainy,Lane 1
TRF-111893,2026-05-11 13:00:00,108,van,50.4,699.0,foggy,Express Lane
TRF-111894,2026-05-11 14:00:00,107,truck,53.7,748.0,clear,Express Lane
TRF-111895,2026-05-11 15:00:00,102,truck,54.6,708.0,foggy,Lane 2
TRF-111896,2026-05-11 16:00:00,106,bike,35.7,156.0,clear,Express Lane
TRF-111897,2026-05-11 17:00:00,107,car,72.0,455.0,foggy,Express Lane
TRF-111898,2026-05-11 18:00:00,103,truck,18.8,307.0,snowy,Lane 3
TRF-111899,2026-05-11 19:00:00,108,bike,57.5,523.0,foggy,Lane 3
TRF-111900,2026-05-11 20:00:00,102,car,38.3,417.0,foggy,Lane 1
TRF-111901,2026-05-11 21:00:00,105,bus,32.4,800.0,clear,Lane 2
TRF-111902,2026-05-11 22:00:00,103,truck,42.2,565.0,snowy,Express Lane
TRF-111903,2026-05-11 23:00:00,102,car,19.4,337.0,foggy,Express Lane
TRF-111904,2026-05-12 00:00:00,106,truck,54.4,316.0,clear,Lane 3
TRF-111905,2026-05-12 01:00:00,108,motorcycle,77.1,474.0,cloudy,Lane 1
TRF-111906,2026-05-12 02:00:00,101,van,36.4,935.0,foggy,Lane 1
TRF-111907,2026-05-12 03:00:00,108,truck,90.3,113.0,foggy,Lane 3
TRF-111908,2026-05-12 04:00:00,101,truck,32.5,943.0,rainy,Lane 3
TRF-111909,2026-05-12 05:00:00,105,bike,40.4,905.0,snowy,Express Lane
TRF-111910,2026-05-12 06:00:00,103,truck,72.5,833.0,rainy,Lane 2
TRF-111911,2026-05-12 07:00:00,106,bike,26.5,336.0,foggy,Lane 1
TRF-111912,2026-05-12 08:00:00,102,bus,43.9,366.0,snowy,Lane 1
TRF-111913,2026-05-12 09:00:00,102,bus,78.9,546.0,clear,Lane 3
TRF-111914,2026-05-12 10:00:00,101,motorcycle,26.8,130.0,clear,Lane 3
TRF-111915,2026-05-12 11:00:00,106,truck,58.6,129.0,rainy,Lane 1
TRF-111916,2026-05-12 12:00:00,107,car,57.2,202.0,rainy,Lane 2
TRF-111917,2026-05-12 13:00:00,105,truck,13.4,811.0,cloudy,Express Lane
TRF-111918,2026-05-12 14:00:00,101,bus,36.9,57.0,foggy,Express Lane
TRF-111919,2026-05-12 15:00:00,101,car,90.9,786.0,clear,Lane 1
TRF-111920,2026-05-12 16:00:00,105,van,52.0,344.0,foggy,Lane 2
TRF-111921,2026-05-12 17:00:00,103,truck,54.9,67.0,clear,Express Lane
TRF-111922,2026-05-12 18:00:00,102,bus,52.3,357.0,clear,Express Lane
TRF-111923,2026-05-12 19:00:00,103,car,84.8,77.0,foggy,Lane 2
TRF-111924,2026-05-12 20:00:00,106,truck,30.5,944.0,snowy,Lane 2
TRF-111925,2026-05-12 21:00:00,107,car,35.8,35.0,rainy,Lane 1
TRF-111926,2026-05-12 22:00:00,108,truck,46.0,799.0,rainy,Lane 3
TRF-111927,2026-05-12 23:00:00,104,car,58.0,846.0,clear,Lane 3
TRF-111928,2026-05-13 00:00:00,104,truck,50.8,37.0,clear,Express Lane
TRF-111929,2026-05-13 01:00:00,104,car,51.3,806.0,clear,Lane 1
TRF-111930,2026-05-13 02:00:00,105,bus,38.1,560.0,clear,Lane 2
TRF-111931,2026-05-13 03:00:00,101,bike,58.9,514.0,rainy,Lane 1
TRF-111932,2026-05-13 04:00:00,107,bus,13.9,741.0,rainy,Lane 3
TRF-111933,2026-05-13 05:00:00,103,motorcycle,38.1,358.0,clear,Lane 2
TRF-111934,2026-05-13 06:00:00,108,truck,33.2,429.0,clear,Lane 1
TRF-111935,2026-05-13 07:00:00,102,bus,28.2,809.0,rainy,Express Lane
TRF-111936,2026-05-13 08:00:00,104,truck,47.9,367.0,clear,Lane 1
TRF-111937,2026-05-13 09:00:00,103,car,52.2,448.0,snowy,Lane 1
TRF-111938,2026-05-13 10:00:00,104,car,55.7,1019.0,snowy,Lane 2
TRF-111939,2026-05-13 11:00:00,107,truck,55.9,130.0,rainy,Lane 2
TRF-111940,2026-05-13 12:00:00,104,truck,64.9,443.0,snowy,Express Lane
TRF-111941,2026-05-13 13:00:00,102,truck,68.1,601.0,foggy,Express Lane
TRF-111942,2026-05-13 14:00:00,108,van,11.3,352.0,foggy,Lane 1
TRF-111943,2026-05-13 15:00:00,106,truck,59.4,58.0,clear,Lane 3
TRF-111944,2026-05-13 16:00:00,106,truck,51.3,780.0,foggy,Lane 3
TRF-111945,2026-05-13 17:00:00,107,bus,51.1,1058.0,clear,Express Lane
TRF-111946,2026-05-13 18:00:00,106,car,45.8,636.0,foggy,Lane 2
TRF-111947,2026-05-13 19:00:00,105,truck,38.1,546.0,clear,Lane 3
TRF-111948,2026-05-13 20:00:00,101,van,57.5,269.0,snowy,Express Lane
TRF-111949,2026-05-13 21:00:00,105,car,30.4,55.0,rainy,Lane 1
TRF-111950,2026-05-13 22:00:00,103,truck,67.9,868.0,foggy,Lane 2
TRF-111951,2026-05-13 23:00:00,105,truck,39.0,443.0,rainy,Lane 1
TRF-111952,2026-05-14 00:00:00,103,car,11.3,303.0,foggy,Lane 1
TRF-111953,2026-05-14 01:00:00,103,car,50.0,1078.0,rainy,Lane 2
TRF-111954,2026-05-14 02:00:00,101,truck,26.8,674.0,rainy,Lane 1
TRF-111955,2026-05-14 03:00:00,102,truck,26.4,210.0,clear,Lane 3
TRF-111956,2026-05-14 04:00:00,108,truck,60.3,626.0,snowy,Lane 1
TRF-111957,2026-05-14 05:00:00,107,car,64.8,275.0,clear,Lane 1
TRF-111958,2026-05-14 06:00:00,101,car,46.0,792.0,clear,Lane 3
TRF-111959,2026-05-14 07:00:00,107,truck,11.8,470.0,clear,Express Lane
TRF-111960,2026-05-14 08:00:00,106,car,57.6,655.0,clear,Lane 2
TRF-111961,2026-05-14 09:00:00,106,van,42.2,497.0,clear,Lane 2
TRF-111962,2026-05-14 10:00:00,105,car,47.9,994.0,rainy,Lane 3
TRF-111963,2026-05-14 11:00:00,103,bike,83.4,1028.0,rainy,Lane 1
TRF-111964,2026-05-14 12:00:00,104,truck,47.9,768.0,foggy,Lane 3
TRF-111965,2026-05-14 13:00:00,104,bus,92.5,795.0,clear,Lane 2
TRF-111966,2026-05-14 14:00:00,107,car,20.0,256.0,rainy,Lane 2
TRF-111967,2026-05-14 15:00:00,103,car,38.3,790.0,rainy,Express Lane
TRF-111968,2026-05-14 16:00:00,107,car,66.5,543.0,cloudy,Lane 1
TRF-111969,2026-05-14 17:00:00,101,truck,35.0,241.0,foggy,Lane 3
TRF-111970,2026-05-14 18:00:00,102,truck,33.4,1089.0,clear,Lane 1
TRF-111971,2026-05-14 19:00:00,108,car,17.3,578.0,cloudy,Lane 2
TRF-111972,2026-05-14 20:00:00,101,truck,24.0,799.0,rainy,Lane 2
TRF-111973,2026-05-14 21:00:00,103,bike,33.3,460.0,snowy,Lane 1
TRF-111974,2026-05-14 22:00:00,103,car,61.9,289.0,clear,Lane 1
TRF-111975,2026-05-14 23:00:00,102,truck,78.2,379.0,rainy,Lane 2
TRF-111976,2026-05-15 00:00:00,107,bike,34.3,736.0,clear,Lane 3
TRF-111977,2026-05-15 01:00:00,105,truck,40.8,75.0,clear,Lane 2
TRF-111978,2026-05-15 02:00:00,105,bike,30.1,906.0,clear,Lane 1
TRF-111979,2026-05-15 03:00:00,102,car,20.5,899.0,rainy,Lane 3
TRF-111980,2026-05-15 04:00:00,105,bus,20.5,256.0,clear,Express Lane
TRF-111981,2026-05-15 05:00:00,104,car,25.0,1007.0,foggy,Lane 1
TRF-111982,2026-05-15 06:00:00,105,motorcycle,47.1,820.0,rainy,Lane 1
TRF-111983,2026-05-15 07:00:00,105,car,36.7,363.0,foggy,Express Lane
TRF-111984,2026-05-15 08:00:00,105,car,41.2,585.0,cloudy,Express Lane
TRF-111985,2026-05-15 09:00:00,104,motorcycle,55.1,30.0,foggy,Lane 3
TRF-111986,2026-05-15 10:00:00,107,car,46.3,760.0,rainy,Lane 2
TRF-111987,2026-05-15 11:00:00,105,car,27.0,757.0,clear,Express Lane
TRF-111988,2026-05-15 12:00:00,106,bus,65.2,952.0,snowy,Lane 1
TRF-111989,2026-05-15 13:00:00,104,truck,11.6,396.0,clear,Lane 1
TRF-111990,2026-05-15 14:00:00,102,car,34.1,653.0,rainy,Lane 2
TRF-111991,2026-05-15 15:00:00,101,car,79.0,330.0,rainy,Lane 2
TRF-111992,2026-05-15 16:00:00,102,car,54.1,1053.0,foggy,Lane 3
TRF-111993,2026-05-15 17:00:00,101,car,15.6,902.0,foggy,Lane 2
TRF-111994,2026-05-15 18:00:00,108,motorcycle,19.5,187.0,rainy,Lane 2
TRF-111995,2026-05-15 19:00:00,102,bus,41.9,493.0,clear,Lane 1
TRF-111996,2026-05-15 20:00:00,106,bus,39.2,112.0,clear,Lane 1
TRF-111997,2026-05-15 21:00:00,101,truck,60.8,908.0,clear,Lane 2
TRF-111998,2026-05-15 22:00:00,101,truck,68.4,43.0,clear,Lane 3
TRF-111999,2026-05-15 23:00:00,103,bus,38.7,709.0,clear,Express Lane
